age,gender,income,credit_score,debt_ratio,employment_years,region,approved
29,Male,61261.2,740.0,0.58,5,South,1
63,Female,66716.58,602.0,0.82,40,South,1
68,Female,38420.54,665.0,0.65,45,West,1
37,Male,84313.53,579.0,0.61,15,South,1
68,Male,37580.67,683.0,0.61,45,East,1
46,Male,25000.0,708.0,0.31,23,East,1
32,Male,58307.13,780.0,0.55,8,East,1
33,Male,79257.1,649.0,0.63,12,East,1
29,Female,51142.4,634.0,0.88,6,South,0
51,Male,90601.25,629.0,0.83,27,South,1
63,Male,42000.62,546.0,0.8,40,West,0
29,Male,30773.2,506.0,0.49,9,North,0
57,Female,61526.24,686.0,0.65,33,West,1
66,Female,25000.0,560.0,0.74,44,West,0
71,Male,39084.78,588.0,0.76,45,East,1
51,Female,46779.33,752.0,0.59,31,North,1
30,Male,50474.18,679.0,0.64,7,South,0
28,Male,43181.5,630.0,0.48,5,North,0
40,Male,53852.73,656.0,0.81,16,East,0
68,Male,55913.18,627.0,0.62,45,North,1
36,Male,72648.78,651.0,0.62,16,South,1
48,Male,52380.31,617.0,0.87,26,East,0
67,Female,60580.15,595.0,0.85,44,West,1
43,Male,48175.81,622.0,0.74,19,East,0
55,Female,66599.3,570.0,0.7,34,South,1
65,Male,63371.47,648.0,0.48,43,West,1
74,Male,50108.48,573.0,0.54,45,West,1
64,Female,47360.16,531.0,0.37,42,West,1
72,Male,25000.0,499.0,0.77,45,North,0
45,Male,78220.74,718.0,0.32,22,South,1
37,Male,37659.62,578.0,0.47,16,South,0
60,Female,44034.95,437.0,0.8,37,East,0
49,Female,51232.25,692.0,0.63,27,East,1
69,Female,86444.75,536.0,0.62,45,South,1
63,Male,38054.13,776.0,0.69,39,South,1
47,Male,89054.51,575.0,0.45,27,East,1
50,Female,55298.27,636.0,0.62,27,South,1
54,Male,44719.3,460.0,0.85,31,South,0
33,Female,93482.21,544.0,0.72,9,West,1
40,Male,93090.34,559.0,0.55,17,South,1
60,Female,60352.86,638.0,0.49,37,East,1
55,Male,49844.48,599.0,0.66,35,East,1
29,Female,30488.22,520.0,0.72,6,South,0
72,Male,67063.64,605.0,0.65,45,West,1
39,Female,71789.03,657.0,0.32,19,East,1
39,Female,79469.21,599.0,0.77,18,West,1
57,Male,59650.46,541.0,0.6,33,South,1
59,Female,66516.99,645.0,0.83,39,South,1
69,Female,50776.34,562.0,0.44,45,South,1
61,Female,55865.18,556.0,0.33,40,East,1
40,Female,57797.25,702.0,0.64,18,South,1
41,Male,65065.91,645.0,0.55,18,West,1
40,Female,40180.93,505.0,0.75,20,South,0
63,Female,82364.16,573.0,0.33,43,East,1
52,Male,25000.0,684.0,0.41,29,West,1
68,Male,65507.53,498.0,0.66,44,North,1
37,Male,65725.69,713.0,0.46,17,South,1
68,Male,32295.97,494.0,0.5,45,West,1
39,Female,25000.0,674.0,0.64,19,North,0
28,Female,55597.08,777.0,0.37,8,North,1
51,Male,48866.8,514.0,0.32,27,East,1
39,Male,65174.2,619.0,0.83,19,East,0
63,Female,80379.22,416.0,0.48,42,North,1
66,Female,101674.81,554.0,0.57,42,South,1
30,Female,62542.42,685.0,0.68,6,South,0
70,Female,45260.73,617.0,0.34,45,South,1
47,Male,54463.79,641.0,0.69,26,South,1
46,Female,47729.49,566.0,0.72,26,East,0
68,Male,85931.55,583.0,0.57,45,South,1
55,Male,62834.87,573.0,0.8,35,South,1
63,Male,66376.27,734.0,0.86,41,North,1
73,Male,69582.82,760.0,0.56,45,South,1
57,Female,36986.06,636.0,0.34,37,North,1
49,Male,70380.73,666.0,0.78,25,South,1
69,Female,31762.8,533.0,0.76,45,South,0
72,Male,44241.98,690.0,0.45,45,South,1
64,Male,26379.26,699.0,0.37,44,North,1
61,Female,59443.23,546.0,0.83,41,West,1
73,Female,67455.3,520.0,0.74,45,West,1
57,Female,25000.0,571.0,0.76,34,North,0
59,Male,70991.12,582.0,0.68,36,South,1
39,Female,42848.05,601.0,0.88,17,South,0
58,Male,48466.22,644.0,0.44,34,East,1
39,Female,79459.37,717.0,0.54,18,South,1
72,Female,62896.66,500.0,0.64,45,West,1
64,Female,33636.19,728.0,0.66,43,West,1
69,Female,72041.5,697.0,0.44,45,South,1
51,Female,73207.08,733.0,0.51,30,West,1
58,Male,53702.72,638.0,0.56,34,South,1
55,Male,81495.77,669.0,0.77,33,South,1
65,Male,89602.46,589.0,0.55,42,North,1
51,Male,59833.58,818.0,0.41,31,North,1
70,Female,63534.62,657.0,0.54,45,South,1
55,Female,49051.56,611.0,0.55,32,South,1
65,Male,52767.17,494.0,0.51,41,East,1
60,Male,74728.73,830.0,0.52,39,South,1
31,Male,46794.02,651.0,0.61,8,West,0
35,Female,56989.58,586.0,0.67,15,South,0
56,Female,95280.75,731.0,0.77,34,South,1
73,Female,70727.79,522.0,0.72,45,South,1
69,Male,51980.88,662.0,0.8,45,South,1
33,Male,63275.71,636.0,0.69,12,South,0
73,Male,57708.88,611.0,0.57,45,South,1
67,Female,28869.69,622.0,0.65,44,West,1
42,Male,66998.3,671.0,0.34,20,East,1
62,Female,49530.22,643.0,0.7,38,West,1
63,Male,38651.68,784.0,0.81,42,South,1
60,Female,39945.92,619.0,0.3,40,North,1
68,Female,41970.74,537.0,0.73,44,East,1
55,Female,86900.6,683.0,0.67,34,South,1
28,Male,25000.0,726.0,0.39,6,West,0
42,Male,54787.06,595.0,0.33,20,South,1
69,Female,33372.19,731.0,0.79,45,North,1
60,Female,28111.94,689.0,0.69,39,East,1
64,Female,58886.36,658.0,0.54,40,East,1
55,Female,86996.97,554.0,0.65,32,West,1
45,Male,56262.64,632.0,0.56,23,South,1
41,Female,68530.38,806.0,0.56,20,South,1
53,Female,77993.75,765.0,0.72,31,South,1
38,Female,76214.37,618.0,0.66,16,North,1
59,Female,79777.39,521.0,0.45,36,West,1
54,Male,70689.86,579.0,0.77,32,West,1
50,Female,47898.35,492.0,0.55,26,South,1
38,Male,25000.0,555.0,0.63,18,West,0
72,Female,62275.95,647.0,0.37,45,South,1
61,Female,49655.39,636.0,0.31,37,East,1
66,Male,54007.3,759.0,0.31,45,South,1
46,Female,39483.47,581.0,0.44,22,East,1
41,Female,55920.3,788.0,0.35,21,West,1
55,Female,60295.18,636.0,0.43,34,South,1
30,Female,32979.98,825.0,0.65,6,South,0
67,Male,25000.0,691.0,0.8,45,South,0
62,Female,66637.02,640.0,0.57,40,South,1
31,Female,41449.22,646.0,0.69,11,West,0
43,Male,50790.24,548.0,0.36,21,West,1
58,Female,31821.57,683.0,0.69,34,East,1
57,Male,43040.77,577.0,0.54,34,West,1
38,Male,37048.75,645.0,0.57,14,South,0
62,Male,83977.0,800.0,0.44,39,South,1
54,Female,67422.07,792.0,0.79,31,South,1
34,Male,25000.0,764.0,0.4,12,East,1
61,Male,72023.1,731.0,0.36,40,South,1
39,Female,74457.9,533.0,0.5,19,South,1
58,Female,49469.92,520.0,0.89,34,South,0
34,Male,69809.19,573.0,0.46,11,South,1
43,Female,71455.81,532.0,0.73,19,West,0
59,Female,51727.01,604.0,0.9,39,West,0
31,Male,42846.09,650.0,0.45,10,West,1
39,Male,45301.33,623.0,0.86,17,South,0
56,Male,45048.17,624.0,0.36,32,West,1
34,Male,72793.91,573.0,0.79,11,South,0
35,Female,72332.74,713.0,0.88,12,East,0
48,Female,69421.42,673.0,0.43,26,South,1
69,Female,48765.96,594.0,0.63,45,South,1
53,Male,69598.34,554.0,0.57,31,South,1
62,Male,61452.78,739.0,0.73,38,South,1
35,Female,71540.03,524.0,0.87,13,South,0
49,Female,71679.92,640.0,0.68,27,South,1
33,Female,25000.0,694.0,0.66,10,East,0
58,Male,46733.84,575.0,0.83,35,East,0
29,Female,53285.74,747.0,0.52,5,East,1
49,Female,55367.48,578.0,0.89,27,South,0
62,Male,59200.46,621.0,0.57,38,South,1
67,Female,58457.25,646.0,0.83,44,South,1
28,Female,71706.4,575.0,0.63,7,North,0
34,Female,42160.75,586.0,0.88,10,West,0
51,Female,80363.98,805.0,0.56,29,East,1
46,Male,57156.32,729.0,0.52,25,West,1
36,Male,39752.24,568.0,0.32,13,North,1
50,Male,53050.49,585.0,0.55,28,South,1
55,Male,41093.98,587.0,0.6,34,South,1
32,Male,40867.1,623.0,0.31,9,North,1
73,Female,46199.47,530.0,0.83,45,West,0
43,Male,82165.36,726.0,0.78,19,South,1
60,Male,77161.39,613.0,0.43,36,South,1
29,Male,46936.19,617.0,0.5,5,South,0
51,Male,25000.0,640.0,0.52,31,South,1
44,Male,58974.33,554.0,0.63,21,West,1
49,Male,35454.32,673.0,0.84,25,South,0
39,Male,66487.96,569.0,0.71,18,South,0
31,Male,51218.57,648.0,0.87,11,South,0
58,Female,72244.09,664.0,0.79,35,South,1
47,Female,32604.53,510.0,0.64,26,West,0
61,Male,62392.11,634.0,0.53,38,South,1
38,Male,60586.92,484.0,0.85,17,West,0
42,Female,38839.83,682.0,0.33,21,South,1
59,Male,69053.92,667.0,0.58,36,North,1
33,Male,74842.1,531.0,0.79,13,South,0
57,Male,69694.05,614.0,0.43,36,South,1
38,Male,78853.37,576.0,0.65,17,East,1
44,Male,40403.85,792.0,0.84,22,South,0
51,Male,50029.39,687.0,0.77,31,East,1
28,Female,25767.61,648.0,0.5,8,South,0
35,Female,73110.89,485.0,0.63,11,East,0
51,Male,48757.54,558.0,0.58,29,East,1
64,Female,45093.48,696.0,0.57,43,East,1
69,Male,55072.27,574.0,0.75,45,South,1
53,Male,52385.92,596.0,0.34,33,East,1
42,Male,74724.12,631.0,0.42,19,South,1
52,Male,41357.4,453.0,0.64,31,South,0
46,Female,37440.05,774.0,0.65,23,South,1
28,Male,53959.2,659.0,0.74,7,East,0
37,Female,36395.43,648.0,0.82,17,South,0
74,Female,45898.38,678.0,0.61,45,North,1
29,Male,69093.91,548.0,0.52,7,West,1
40,Male,53439.92,582.0,0.4,17,East,1
52,Male,30430.67,530.0,0.41,31,South,1
59,Male,70137.75,693.0,0.42,36,North,1
67,Male,49222.12,727.0,0.46,45,West,1
65,Female,25000.0,742.0,0.31,44,North,1
46,Female,66692.96,567.0,0.87,25,South,0
30,Male,57732.77,619.0,0.66,8,North,0
58,Male,42574.36,542.0,0.77,37,South,0
44,Female,56601.71,591.0,0.88,22,South,0
57,Female,65290.88,742.0,0.34,35,East,1
62,Female,25000.0,724.0,0.61,41,South,1
46,Female,45173.55,731.0,0.76,26,South,1
33,Female,50585.05,652.0,0.71,11,South,0
29,Male,53311.9,607.0,0.89,5,South,0
74,Male,84119.18,546.0,0.37,45,North,1
65,Female,62327.63,618.0,0.44,41,West,1
56,Female,86843.55,675.0,0.87,35,South,1
34,Male,57667.02,676.0,0.56,11,South,1
33,Female,79733.7,661.0,0.43,10,East,1
32,Male,69822.28,707.0,0.89,9,West,0
63,Male,79443.59,655.0,0.72,39,South,1
61,Male,59637.92,565.0,0.48,37,South,1
53,Female,35322.6,626.0,0.61,32,East,1
32,Male,69483.89,601.0,0.89,12,South,0
70,Male,42044.82,727.0,0.7,45,East,1
41,Male,63538.01,642.0,0.8,19,South,0
57,Male,44874.99,572.0,0.49,36,East,1
40,Male,90219.18,678.0,0.38,20,South,1
36,Male,64031.74,530.0,0.4,13,West,1
74,Female,43224.44,502.0,0.72,45,South,1
42,Female,82367.77,599.0,0.5,19,South,1
47,Female,77380.18,605.0,0.78,25,West,1
41,Male,46599.91,661.0,0.36,17,East,1
49,Male,40316.41,682.0,0.75,28,West,0
70,Male,27882.71,599.0,0.81,45,East,0
39,Female,53925.1,653.0,0.72,17,South,0
49,Female,25000.0,529.0,0.8,28,East,0
66,Female,34046.76,770.0,0.44,42,East,1
67,Male,58670.71,544.0,0.8,45,North,1
53,Female,62409.23,534.0,0.73,31,South,1
34,Female,75543.52,644.0,0.69,11,South,1
55,Female,62975.56,472.0,0.38,32,South,1
61,Female,52351.18,674.0,0.39,39,East,1
68,Female,25000.0,594.0,0.79,45,South,0
68,Male,51631.03,648.0,0.52,45,South,1
32,Female,85083.56,558.0,0.49,8,West,1
62,Male,51780.88,701.0,0.59,38,South,1
62,Female,49139.98,713.0,0.9,38,West,1
66,Male,77566.15,510.0,0.85,45,South,1
29,Female,65271.42,647.0,0.42,8,East,1
44,Male,32025.02,670.0,0.72,22,South,0
34,Female,67354.65,702.0,0.74,14,West,1
28,Male,49913.81,619.0,0.61,5,East,0
49,Male,73997.01,657.0,0.3,28,South,1
72,Male,67663.68,650.0,0.83,45,East,1
29,Male,80960.9,629.0,0.74,7,West,0
31,Male,67479.76,670.0,0.49,11,West,1
59,Male,56380.88,783.0,0.64,36,West,1
33,Female,78150.82,649.0,0.87,10,North,0
37,Male,49300.7,734.0,0.34,14,South,1
61,Male,37862.38,685.0,0.86,40,South,0
54,Female,59611.85,850.0,0.36,31,South,1
51,Male,62868.95,621.0,0.85,30,South,0
48,Male,25000.0,767.0,0.43,26,South,1
68,Male,66845.65,540.0,0.68,45,South,1
73,Female,80983.5,428.0,0.45,45,North,1
70,Male,36027.92,654.0,0.44,45,South,1
72,Female,40051.69,657.0,0.8,45,West,1
41,Female,64199.66,723.0,0.36,18,South,1
54,Female,28285.93,638.0,0.72,33,South,0
66,Male,38236.99,662.0,0.47,45,South,1
40,Male,66432.15,618.0,0.49,17,East,1
37,Female,68065.02,720.0,0.78,13,South,1
74,Female,63528.98,637.0,0.47,45,West,1
41,Male,36126.33,537.0,0.31,21,East,1
28,Male,90394.24,715.0,0.54,4,West,1
55,Male,55546.76,656.0,0.5,34,South,1
45,Male,25000.0,555.0,0.43,22,South,0
40,Female,62955.91,583.0,0.55,16,East,1
59,Female,52020.95,633.0,0.32,39,South,1
74,Female,25000.0,545.0,0.73,45,West,0
39,Male,72755.9,670.0,0.32,18,South,1
54,Male,39420.63,567.0,0.64,30,East,0
63,Male,68942.05,619.0,0.32,42,South,1
50,Female,54955.47,637.0,0.35,30,West,1
68,Female,60924.84,545.0,0.45,45,West,1
32,Female,26893.91,615.0,0.87,9,North,0
40,Male,59125.15,565.0,0.59,18,South,1
65,Female,25790.84,670.0,0.74,43,South,1
69,Male,50383.14,656.0,0.8,45,North,1
59,Female,52793.11,688.0,0.87,38,South,1
65,Female,91584.37,603.0,0.35,41,East,1
66,Male,66264.74,627.0,0.42,43,East,1
46,Male,64378.23,576.0,0.73,24,East,1
67,Female,42774.04,472.0,0.43,44,South,1
49,Male,60148.03,585.0,0.86,25,West,0
34,Male,41205.0,668.0,0.7,11,South,0
49,Male,47129.42,624.0,0.32,28,East,1
71,Male,28161.95,621.0,0.46,45,North,1
52,Female,25000.0,625.0,0.89,32,South,0
73,Female,63310.2,608.0,0.74,45,East,1
67,Female,73334.68,519.0,0.53,43,South,1
70,Male,58073.07,593.0,0.72,45,East,1
70,Male,25000.0,613.0,0.35,45,South,1
40,Male,25000.0,720.0,0.35,18,South,1
61,Female,64556.16,601.0,0.6,41,North,1
60,Female,25000.0,648.0,0.9,36,South,0
59,Male,35105.71,627.0,0.88,39,North,0
50,Female,34690.64,455.0,0.89,27,South,0
63,Male,33008.76,850.0,0.69,39,South,1
31,Female,74984.12,639.0,0.35,9,East,1
29,Female,25000.0,520.0,0.61,5,West,0
44,Female,60024.11,685.0,0.78,21,South,0
53,Female,69100.02,650.0,0.41,33,North,1
30,Female,69281.27,705.0,0.75,6,East,0
32,Male,51827.04,625.0,0.55,11,East,0
32,Male,56679.9,499.0,0.86,12,South,0
73,Female,72305.4,673.0,0.33,45,West,1
47,Male,53381.49,669.0,0.89,23,North,0
31,Male,91060.36,742.0,0.45,7,East,1
40,Male,67978.23,597.0,0.31,20,South,1
72,Male,63087.79,681.0,0.85,45,South,1
39,Male,52710.43,625.0,0.48,16,South,1
67,Female,79724.24,721.0,0.81,45,South,1
57,Male,52280.72,527.0,0.69,35,South,1
40,Female,85811.21,572.0,0.37,19,North,1
66,Male,48553.52,568.0,0.48,43,East,1
29,Female,76141.57,543.0,0.63,6,East,0
28,Female,55845.86,661.0,0.37,4,East,1
33,Female,82600.18,557.0,0.86,11,North,0
63,Male,56641.46,576.0,0.59,43,East,1
32,Female,65629.15,608.0,0.53,12,North,1
48,Female,60507.89,683.0,0.55,26,South,1
38,Female,68740.53,608.0,0.71,16,West,1
68,Female,48663.46,672.0,0.82,44,South,1
34,Female,63337.29,610.0,0.33,11,South,1
48,Male,25000.0,504.0,0.67,26,South,0
55,Female,62710.03,722.0,0.32,35,North,1
55,Female,51908.74,759.0,0.47,35,South,1
47,Male,67262.75,618.0,0.38,27,South,1
66,Male,66044.78,626.0,0.35,45,South,1
30,Female,42543.8,679.0,0.73,8,South,0
67,Male,101377.8,656.0,0.32,45,West,1
56,Female,38898.24,573.0,0.37,33,South,1
59,Female,68634.97,622.0,0.31,39,West,1
29,Male,67758.54,577.0,0.62,8,South,0
37,Female,60898.58,625.0,0.87,13,South,0
43,Female,57334.02,601.0,0.35,19,South,1
71,Male,40976.09,489.0,0.89,45,North,0
59,Male,83289.51,676.0,0.79,37,South,1
64,Female,71828.57,566.0,0.88,41,East,1
59,Female,52162.9,579.0,0.31,38,South,1
51,Female,63335.79,652.0,0.9,30,South,0
39,Female,71573.59,725.0,0.75,17,West,1
32,Male,43246.53,737.0,0.54,8,West,1
43,Female,80961.98,608.0,0.79,22,South,1
33,Female,25000.0,615.0,0.89,10,South,0
69,Male,54548.78,599.0,0.76,45,West,1
43,Female,83088.17,689.0,0.89,21,West,1
70,Female,48134.9,590.0,0.68,45,West,1
72,Female,66344.99,639.0,0.78,45,East,1
54,Male,33522.12,599.0,0.84,32,South,0
37,Male,59037.01,746.0,0.47,15,East,1
64,Female,25000.0,648.0,0.41,41,East,1
72,Female,74192.6,552.0,0.45,45,North,1
74,Female,74155.88,608.0,0.55,45,North,1
58,Female,70812.74,482.0,0.85,34,East,0
32,Female,70782.51,530.0,0.67,10,South,0
65,Female,53886.25,561.0,0.41,44,South,1
47,Female,38132.63,728.0,0.63,25,East,1
73,Male,57688.25,709.0,0.56,45,South,1
50,Male,69297.3,615.0,0.89,28,South,0
52,Female,75023.45,569.0,0.51,31,North,1
55,Female,53248.82,583.0,0.71,32,North,1
61,Male,69101.3,631.0,0.45,37,West,1
56,Female,88608.67,668.0,0.84,33,West,1
49,Female,40358.16,626.0,0.57,27,South,1
60,Male,52379.75,618.0,0.44,40,North,1
57,Male,53593.92,550.0,0.33,33,South,1
32,Male,67450.17,709.0,0.75,8,South,0
65,Male,61345.38,664.0,0.77,45,East,1
68,Male,60086.96,591.0,0.8,45,North,1
70,Male,59044.52,734.0,0.82,45,South,1
49,Female,60548.8,763.0,0.49,26,South,1
36,Male,54893.09,588.0,0.67,13,South,0
63,Female,70213.18,628.0,0.6,41,West,1
45,Female,63728.83,555.0,0.7,21,South,0
51,Female,37941.24,587.0,0.71,29,West,0
74,Male,32692.84,734.0,0.77,45,East,1
61,Male,37997.48,602.0,0.39,40,South,1
59,Female,48325.61,667.0,0.48,35,South,1
50,Female,53979.21,549.0,0.75,30,South,0
28,Female,61936.0,777.0,0.45,7,East,1
73,Female,70863.69,730.0,0.45,45,East,1
41,Male,54106.38,614.0,0.46,18,South,1
38,Male,28839.28,666.0,0.67,15,East,0
70,Female,52418.48,462.0,0.45,45,West,1
47,Male,45658.93,571.0,0.43,26,North,1
44,Female,42974.13,601.0,0.69,21,West,0
30,Male,25023.38,676.0,0.57,8,East,0
56,Male,41992.34,724.0,0.62,36,South,1
33,Male,57325.74,616.0,0.37,13,North,1
73,Female,56354.43,506.0,0.36,45,East,1
42,Female,41814.91,802.0,0.69,21,West,1
71,Male,46813.14,746.0,0.48,45,South,1
30,Female,50962.84,762.0,0.58,6,South,1
43,Male,72005.61,634.0,0.67,20,East,1
70,Female,25000.0,690.0,0.88,45,West,0
73,Female,40108.11,561.0,0.8,45,North,0
36,Male,60993.15,633.0,0.42,13,South,1
53,Female,72724.34,777.0,0.69,31,South,1
61,Male,31653.55,619.0,0.8,37,South,0
54,Female,62617.65,635.0,0.74,32,South,1
52,Female,25000.0,609.0,0.38,32,West,1
61,Male,49094.7,667.0,0.66,41,South,1
36,Male,42637.24,711.0,0.41,16,West,1
56,Female,95000.62,569.0,0.39,36,South,1
56,Male,61066.41,589.0,0.85,34,West,0
55,Male,68844.19,613.0,0.79,35,South,1
30,Female,52282.39,619.0,0.88,6,North,0
36,Female,62651.36,780.0,0.88,12,East,0
55,Female,58720.39,632.0,0.56,31,South,1
59,Male,51307.45,648.0,0.66,39,South,1
48,Female,25000.0,614.0,0.4,28,West,1
46,Female,48446.51,647.0,0.51,26,South,1
62,Male,78171.12,492.0,0.52,40,North,1
48,Male,51658.75,640.0,0.59,27,East,1
39,Female,47631.94,689.0,0.56,19,South,1
29,Female,25000.0,623.0,0.51,9,South,0
43,Male,46747.35,689.0,0.48,20,East,1
63,Male,73611.97,650.0,0.38,39,North,1
57,Female,42161.88,657.0,0.55,36,South,1
31,Female,37393.47,746.0,0.76,11,South,0
59,Female,68191.43,649.0,0.57,39,West,1
34,Female,38853.35,495.0,0.82,13,South,0
54,Female,50755.81,767.0,0.64,34,South,1
56,Female,77991.87,669.0,0.85,34,East,1
71,Female,73172.19,645.0,0.78,45,South,1
61,Female,44828.29,704.0,0.49,38,South,1
63,Female,36976.6,718.0,0.77,39,West,1
38,Male,49448.71,661.0,0.89,15,East,0
48,Male,62739.28,698.0,0.42,27,West,1
33,Male,55868.02,708.0,0.67,9,North,0
67,Male,45751.33,423.0,0.82,44,West,0
58,Female,71257.21,655.0,0.41,36,East,1
73,Male,31250.37,675.0,0.47,45,South,1
39,Male,63292.83,720.0,0.64,16,South,1
54,Female,65093.98,671.0,0.52,32,West,1
62,Male,80440.81,694.0,0.36,42,South,1
72,Male,48952.98,748.0,0.33,45,East,1
57,Female,41586.43,692.0,0.58,36,South,1
51,Male,73552.0,612.0,0.59,29,North,1
37,Female,31288.58,693.0,0.83,17,East,0
72,Female,57470.43,591.0,0.66,45,West,1
33,Female,81704.22,680.0,0.51,12,South,1
33,Male,63945.27,461.0,0.79,12,South,0
48,Male,40764.53,815.0,0.75,26,North,1
71,Female,64003.69,523.0,0.87,45,West,1
64,Female,54479.21,752.0,0.44,40,South,1
47,Female,34447.35,649.0,0.87,26,South,0
73,Female,44270.09,569.0,0.66,45,South,1
48,Female,86234.01,508.0,0.77,25,South,1
33,Male,33351.77,407.0,0.67,9,East,0
71,Male,62689.66,778.0,0.79,45,South,1
59,Female,43210.16,558.0,0.81,37,South,0
60,Male,62166.01,648.0,0.83,36,South,1
41,Female,66692.47,564.0,0.45,20,South,1
63,Male,37915.05,580.0,0.35,41,East,1
70,Female,25603.86,743.0,0.39,45,South,1
42,Female,25000.0,624.0,0.45,19,West,0
51,Female,58410.3,593.0,0.73,28,South,1
52,Female,44878.93,712.0,0.62,31,East,1
54,Male,62167.69,731.0,0.39,32,East,1
48,Male,60739.03,823.0,0.65,26,West,1
37,Female,35933.77,674.0,0.43,14,East,1
68,Male,25000.0,642.0,0.58,45,South,1
68,Female,40469.06,677.0,0.46,45,East,1
71,Female,53441.29,660.0,0.3,45,East,1
35,Female,37674.35,582.0,0.69,14,South,0
51,Male,105815.11,623.0,0.35,30,South,1
67,Female,51814.68,506.0,0.33,45,East,1
36,Female,80419.11,806.0,0.38,14,North,1
56,Male,72728.88,560.0,0.69,36,West,1
72,Male,39045.18,577.0,0.43,45,South,1
28,Male,31261.18,623.0,0.65,7,West,0
48,Female,46516.03,695.0,0.72,25,West,1
41,Female,79133.05,641.0,0.34,17,West,1
41,Male,49329.41,577.0,0.36,19,South,1
50,Male,34878.53,682.0,0.65,30,North,1
53,Female,55811.38,608.0,0.65,33,South,1
51,Male,42071.61,577.0,0.79,30,East,0
61,Female,65509.85,632.0,0.44,38,West,1
71,Female,25000.0,696.0,0.35,45,East,1
62,Male,57061.65,492.0,0.37,40,North,1
40,Female,48291.67,601.0,0.76,19,East,0
68,Male,53266.58,683.0,0.51,45,South,1
45,Male,64307.88,688.0,0.71,24,South,1
62,Male,54408.67,555.0,0.72,41,South,1
66,Female,49466.23,636.0,0.47,43,East,1
29,Male,71804.46,650.0,0.85,7,North,0
30,Male,78832.88,708.0,0.44,9,South,1
32,Female,77768.99,652.0,0.68,12,South,1
45,Male,68204.3,711.0,0.56,25,East,1
71,Male,63443.04,535.0,0.36,45,South,1
39,Male,78020.42,496.0,0.71,17,South,0
73,Female,43897.76,850.0,0.54,45,South,1
67,Female,30184.28,582.0,0.47,43,South,1
51,Male,54261.56,665.0,0.67,27,South,1
57,Male,70223.45,586.0,0.72,37,South,1
66,Male,39925.86,591.0,0.41,42,West,1
73,Female,87574.06,629.0,0.88,45,South,1
59,Female,62049.25,593.0,0.79,35,West,1
74,Male,38642.84,633.0,0.39,45,West,1
38,Female,48080.02,572.0,0.4,14,North,1
53,Male,92756.4,569.0,0.69,30,South,1
60,Male,46421.09,724.0,0.74,39,South,1
72,Male,42074.86,658.0,0.72,45,South,1
32,Male,36077.71,583.0,0.69,12,South,0
70,Female,43630.67,587.0,0.8,45,South,1
30,Male,86081.26,584.0,0.78,6,South,0
42,Female,64874.3,600.0,0.5,20,West,1
46,Female,47717.87,536.0,0.34,23,South,1
59,Female,40827.53,632.0,0.62,35,South,1
54,Male,67149.65,703.0,0.55,34,East,1
48,Female,47498.97,790.0,0.55,25,South,1
35,Male,57390.63,540.0,0.78,14,South,0
32,Male,77615.17,633.0,0.75,12,South,1
52,Male,65444.8,589.0,0.59,30,South,1
41,Male,42064.02,522.0,0.36,17,South,1
39,Female,42936.45,626.0,0.35,19,South,1
65,Male,51919.84,614.0,0.44,45,South,1
63,Female,26703.08,601.0,0.42,41,South,1
53,Female,56001.42,640.0,0.6,30,West,1
58,Male,46558.88,576.0,0.54,34,South,1
30,Male,47256.1,629.0,0.63,9,South,0
54,Female,80451.65,572.0,0.48,34,South,1
67,Male,73760.58,599.0,0.72,45,South,1
42,Male,32404.44,717.0,0.45,22,East,1
47,Female,28373.17,591.0,0.61,25,East,0
49,Male,65410.69,454.0,0.68,29,South,1
40,Female,46374.56,496.0,0.61,16,South,0
36,Female,63523.41,636.0,0.6,12,North,1
65,Male,83002.45,531.0,0.75,43,East,1
65,Female,108650.37,651.0,0.35,41,South,1
53,Female,55190.4,597.0,0.34,31,South,1
57,Male,84263.4,575.0,0.46,34,East,1
37,Male,50824.8,580.0,0.61,13,East,0
41,Female,47828.6,632.0,0.3,19,South,1
57,Male,79519.24,695.0,0.87,36,North,1
44,Male,42602.59,656.0,0.54,22,West,1
37,Female,60567.59,470.0,0.51,17,East,1
52,Female,46334.27,609.0,0.71,31,South,1
56,Female,66091.97,654.0,0.5,33,South,1
52,Male,65312.71,500.0,0.57,31,East,1
73,Male,46206.68,607.0,0.56,45,East,1
44,Male,43383.62,529.0,0.66,21,South,0
31,Male,53157.16,775.0,0.73,11,West,0
48,Male,43132.7,562.0,0.46,24,South,1
56,Male,67694.58,593.0,0.48,33,South,1
43,Male,52998.39,618.0,0.31,20,South,1
37,Male,30630.07,706.0,0.5,15,South,1
62,Male,42287.72,789.0,0.57,39,West,1
32,Male,70550.21,680.0,0.46,11,South,1
45,Male,69075.79,533.0,0.4,24,South,1
47,Male,25000.0,509.0,0.47,24,South,0
42,Male,42581.47,604.0,0.58,22,East,1
47,Male,53873.78,578.0,0.41,24,East,1
36,Male,62870.88,676.0,0.32,13,West,1
68,Female,25000.0,538.0,0.45,45,East,1
45,Male,59678.96,720.0,0.87,25,East,0
37,Male,55126.73,642.0,0.54,17,West,1
64,Female,58923.41,638.0,0.47,43,South,1
69,Female,38109.01,615.0,0.55,45,North,1
39,Male,103703.94,663.0,0.41,15,East,1
42,Male,53655.45,602.0,0.87,20,South,0
29,Female,52872.83,722.0,0.7,8,West,0
67,Male,61783.5,599.0,0.44,45,South,1
53,Female,70948.91,679.0,0.84,33,South,1
35,Male,73839.53,638.0,0.86,15,South,0
68,Male,83795.11,612.0,0.37,45,South,1
35,Male,71512.55,597.0,0.37,12,West,1
74,Female,58901.31,561.0,0.87,45,South,1
66,Male,35167.28,679.0,0.7,43,West,1
49,Female,52790.68,665.0,0.5,25,South,1
59,Male,81278.89,557.0,0.4,36,North,1
71,Male,39794.42,578.0,0.79,45,West,0
74,Male,58641.72,797.0,0.81,45,South,1
67,Female,50615.54,722.0,0.54,44,South,1
35,Female,44465.61,719.0,0.4,12,North,1
63,Male,74644.22,566.0,0.75,42,South,1
49,Male,40542.32,751.0,0.47,26,West,1
29,Female,27685.19,497.0,0.84,8,East,0
37,Female,58359.8,688.0,0.77,16,South,0
35,Female,90844.44,637.0,0.33,14,North,1
66,Male,36490.73,568.0,0.62,45,North,1
69,Male,69021.23,733.0,0.76,45,South,1
58,Female,55271.06,636.0,0.72,38,North,1
63,Male,25000.0,710.0,0.48,39,East,1
47,Male,41266.43,553.0,0.5,23,East,1
61,Female,44195.72,610.0,0.77,41,West,1
59,Female,58704.06,579.0,0.8,39,South,1
74,Male,30343.15,647.0,0.85,45,South,0
64,Male,51352.46,798.0,0.47,44,South,1
39,Female,54877.62,489.0,0.85,17,South,0
43,Male,56396.37,607.0,0.82,23,South,0
37,Male,50279.54,613.0,0.77,16,West,0
65,Female,45241.44,467.0,0.47,41,South,1
73,Male,71924.79,718.0,0.71,45,West,1
53,Female,39528.54,692.0,0.84,29,West,0
50,Female,53491.41,765.0,0.69,26,South,1
66,Female,80119.04,588.0,0.46,45,South,1
53,Female,25000.0,585.0,0.83,29,South,0
61,Female,33380.43,610.0,0.76,37,East,0
66,Female,53058.64,524.0,0.6,45,South,1
32,Male,25000.0,530.0,0.41,8,East,0
29,Male,43047.41,750.0,0.3,9,West,1
30,Female,40019.43,565.0,0.44,8,South,0
55,Male,40330.44,699.0,0.51,31,South,1
74,Male,44592.23,698.0,0.3,45,East,1
35,Male,68032.7,815.0,0.34,14,North,1
29,Female,75864.39,663.0,0.84,7,South,0
65,Female,76727.28,755.0,0.48,45,South,1
59,Male,35495.44,627.0,0.72,37,South,0
73,Male,36513.57,662.0,0.55,45,East,1
51,Male,64873.31,659.0,0.47,27,South,1
28,Female,56413.55,704.0,0.7,7,South,0
33,Male,54181.79,590.0,0.73,12,South,0
46,Male,65757.11,497.0,0.6,25,South,1
41,Female,65820.25,575.0,0.89,17,South,0
30,Female,37178.74,583.0,0.43,7,West,0
66,Female,51622.54,732.0,0.76,42,West,1
50,Male,35319.8,617.0,0.37,29,South,1
46,Male,58860.31,671.0,0.71,22,South,1
68,Male,83623.76,563.0,0.32,45,South,1
67,Male,49686.01,654.0,0.67,45,South,1
29,Female,51664.41,619.0,0.65,9,South,0
41,Male,52897.91,634.0,0.5,21,West,1
51,Female,42072.16,684.0,0.84,31,South,0
30,Female,34690.19,451.0,0.48,10,West,0
44,Male,43695.45,598.0,0.51,21,East,1
70,Male,27473.93,679.0,0.81,45,West,0
53,Female,42094.31,621.0,0.81,31,South,0
54,Male,25000.0,640.0,0.72,34,South,0
53,Male,77033.21,674.0,0.52,30,South,1
71,Male,64452.18,645.0,0.68,45,West,1
52,Female,63777.96,664.0,0.63,30,South,1
61,Male,78394.65,636.0,0.88,40,East,1
71,Male,68944.29,535.0,0.43,45,South,1
40,Female,79265.55,688.0,0.83,18,South,1
45,Male,50564.52,555.0,0.68,22,South,0
70,Female,36865.74,519.0,0.38,45,South,1
69,Male,72372.0,640.0,0.33,45,South,1
45,Female,25994.42,700.0,0.49,24,North,1
52,Female,51117.26,699.0,0.49,32,West,1
43,Female,58438.08,621.0,0.32,19,East,1
38,Female,58561.74,507.0,0.48,17,South,1
37,Female,72926.14,690.0,0.69,17,South,1
51,Female,96265.83,529.0,0.82,27,South,1
40,Male,60188.34,610.0,0.82,17,South,0
37,Female,71497.91,720.0,0.38,17,South,1
62,Female,52319.64,611.0,0.75,40,West,1
57,Male,45113.9,694.0,0.85,35,South,0
45,Male,83652.88,586.0,0.85,24,North,1
38,Male,53116.02,585.0,0.57,15,East,0
33,Male,49798.41,696.0,0.87,13,South,0
61,Female,41177.56,727.0,0.47,37,North,1
40,Male,28231.94,617.0,0.34,19,South,1
62,Female,57822.04,596.0,0.68,40,South,1
51,Female,46458.75,547.0,0.85,28,East,0
56,Female,64771.6,571.0,0.58,34,East,1
52,Male,57397.44,630.0,0.75,29,North,1
66,Male,66157.64,615.0,0.34,45,South,1
69,Male,44601.97,732.0,0.45,45,South,1
66,Male,75565.44,631.0,0.83,45,South,1
56,Female,72979.39,752.0,0.61,35,West,1
63,Female,56146.26,515.0,0.37,43,South,1
49,Male,36353.34,702.0,0.56,25,South,1
57,Female,56534.1,645.0,0.52,37,South,1
53,Male,61613.57,606.0,0.59,30,South,1
74,Female,52739.54,658.0,0.9,45,East,1
65,Male,44021.77,557.0,0.56,43,South,1
46,Female,61973.02,670.0,0.36,26,North,1
57,Female,70738.22,694.0,0.61,34,East,1
61,Female,67887.51,646.0,0.72,40,West,1
39,Female,62431.66,548.0,0.31,18,West,1
56,Male,67478.69,663.0,0.75,32,South,1
55,Male,56177.35,579.0,0.79,32,East,0
63,Male,56523.2,639.0,0.43,40,West,1
64,Male,41607.3,663.0,0.48,42,East,1
54,Male,49802.95,522.0,0.67,32,North,0
39,Male,37211.38,658.0,0.7,18,West,0
32,Female,60442.81,545.0,0.47,9,East,1
62,Female,42236.14,670.0,0.52,41,South,1
62,Female,51748.69,599.0,0.73,41,North,1
69,Female,33532.09,675.0,0.59,45,East,1
45,Male,72588.01,683.0,0.35,23,West,1
40,Male,45605.86,528.0,0.79,18,East,0
62,Female,57468.63,704.0,0.72,38,West,1
34,Female,45897.14,718.0,0.36,12,South,1
56,Female,65751.92,635.0,0.47,33,South,1
29,Male,57787.0,629.0,0.76,6,South,0
34,Male,32173.24,712.0,0.64,14,South,0
51,Male,63628.13,560.0,0.63,29,South,1
62,Male,84573.58,825.0,0.89,42,East,1
46,Female,55403.06,597.0,0.34,24,South,1
35,Male,76762.66,601.0,0.33,15,South,1
44,Male,64551.24,555.0,0.47,20,South,1
56,Female,63679.69,592.0,0.82,36,South,1
73,Female,51383.59,605.0,0.63,45,South,1
32,Male,49705.22,825.0,0.57,10,South,1
34,Male,59945.98,786.0,0.52,13,East,1
59,Female,57878.15,685.0,0.68,37,South,1
52,Female,72800.55,748.0,0.61,32,West,1
61,Female,35752.33,613.0,0.89,37,North,0
72,Male,81755.75,619.0,0.46,45,East,1
73,Male,70446.9,648.0,0.42,45,South,1
47,Male,48629.65,655.0,0.55,26,North,1
69,Male,69037.49,656.0,0.57,45,South,1
55,Male,44045.58,702.0,0.73,34,West,1
58,Male,62686.2,596.0,0.6,37,South,1
55,Female,50072.87,716.0,0.61,34,East,1
69,Male,52818.71,598.0,0.47,45,South,1
60,Female,53091.17,639.0,0.44,40,West,1
61,Female,34660.42,580.0,0.47,40,East,1
72,Male,44857.53,606.0,0.88,45,South,0
59,Male,25000.0,622.0,0.61,38,South,1
35,Male,48057.9,604.0,0.5,13,South,1
48,Female,78108.95,739.0,0.41,27,South,1
55,Female,88491.99,614.0,0.63,33,West,1
65,Male,61029.22,612.0,0.68,43,South,1
67,Male,70221.18,715.0,0.33,44,South,1
40,Male,39514.65,598.0,0.31,17,West,1
42,Female,75733.86,637.0,0.82,20,West,1
70,Female,56082.79,586.0,0.87,45,West,1
32,Female,80106.38,559.0,0.84,8,South,0
42,Male,63821.13,615.0,0.49,18,South,1
30,Female,68054.85,642.0,0.71,10,East,0
57,Male,54206.08,687.0,0.33,36,South,1
49,Female,48630.07,644.0,0.55,28,West,1
39,Female,35138.82,553.0,0.32,19,South,1
41,Male,69458.12,656.0,0.59,20,South,1
46,Female,76436.58,532.0,0.68,26,South,1
62,Male,41945.47,644.0,0.31,42,East,1
35,Male,60761.31,685.0,0.38,14,South,1
34,Female,85940.74,605.0,0.78,14,West,1
73,Female,71297.79,675.0,0.73,45,East,1
63,Female,45562.04,724.0,0.59,41,West,1
60,Male,46657.25,680.0,0.89,38,South,0
35,Female,50156.5,677.0,0.88,14,South,0
28,Male,55376.41,731.0,0.85,6,East,0
31,Female,25000.0,612.0,0.79,10,East,0
65,Female,66979.02,692.0,0.61,43,East,1
33,Female,75583.1,718.0,0.39,13,South,1
71,Male,45530.43,717.0,0.84,45,South,1
53,Male,36601.87,690.0,0.71,29,South,0
57,Female,43218.73,701.0,0.59,37,South,1
68,Male,67687.45,585.0,0.86,45,East,1
59,Female,76004.04,687.0,0.8,36,North,1
74,Female,63363.68,556.0,0.52,45,South,1
64,Male,61782.64,795.0,0.48,43,South,1
67,Female,53228.55,676.0,0.82,45,West,1
57,Male,91179.5,557.0,0.36,35,South,1
40,Male,25000.0,478.0,0.87,20,South,0
37,Male,60552.14,745.0,0.34,16,South,1
62,Female,25000.0,551.0,0.31,41,East,1
37,Female,48373.42,585.0,0.37,14,West,1
49,Male,85220.46,551.0,0.81,25,West,1
49,Female,49018.94,621.0,0.78,27,North,0
43,Female,35429.15,638.0,0.45,19,West,1
59,Female,76419.59,524.0,0.84,36,West,1
62,Male,62904.62,643.0,0.54,39,West,1
56,Female,69530.85,485.0,0.54,32,South,1
65,Male,51963.45,762.0,0.6,44,South,1
32,Female,62987.12,616.0,0.65,12,West,0
49,Female,57477.41,630.0,0.51,25,East,1
40,Female,42501.82,617.0,0.7,16,West,0
28,Female,25000.0,491.0,0.5,4,South,0
74,Female,25000.0,666.0,0.47,45,South,1
74,Female,44498.03,549.0,0.65,45,South,1
67,Female,67804.9,715.0,0.36,45,North,1
67,Male,51732.78,531.0,0.49,45,South,1
33,Female,28324.27,589.0,0.72,12,South,0
43,Male,53501.47,642.0,0.57,19,South,1
42,Male,39242.99,769.0,0.85,22,North,0
60,Female,79062.08,667.0,0.4,39,West,1
58,Female,77219.48,555.0,0.41,35,South,1
68,Female,53231.36,607.0,0.45,45,South,1
73,Male,47833.29,645.0,0.44,45,North,1
68,Female,27027.34,616.0,0.79,44,South,0
41,Female,32463.55,544.0,0.65,19,South,0
41,Female,27620.75,629.0,0.72,21,West,0
65,Male,68494.31,790.0,0.37,44,South,1
65,Female,43425.27,698.0,0.82,42,West,1
43,Female,77592.62,532.0,0.45,22,South,1
64,Male,68402.8,826.0,0.43,42,East,1
30,Female,31083.77,729.0,0.73,7,South,0
31,Female,74042.36,464.0,0.63,9,East,0
62,Male,61268.03,602.0,0.57,39,South,1
58,Female,72264.66,728.0,0.74,35,East,1
40,Male,28692.13,611.0,0.33,18,South,1
30,Female,41236.63,648.0,0.51,8,East,0
52,Male,70546.14,597.0,0.86,30,East,1
37,Male,67189.96,765.0,0.75,16,South,1
58,Female,65118.34,622.0,0.83,37,South,1
73,Female,78589.33,660.0,0.78,45,East,1
47,Female,64976.34,668.0,0.71,24,North,1
46,Female,35719.54,478.0,0.42,22,South,0
63,Male,76325.44,675.0,0.77,42,West,1
44,Male,98230.88,677.0,0.79,22,South,1
34,Male,41561.47,592.0,0.86,10,South,0
69,Female,67956.3,739.0,0.74,45,South,1
73,Female,57947.27,791.0,0.39,45,South,1
33,Male,65463.51,710.0,0.51,13,South,1
57,Female,94446.01,503.0,0.86,35,West,1
35,Male,63474.73,591.0,0.52,13,East,1
69,Female,61283.52,501.0,0.64,45,South,1
73,Female,34524.4,575.0,0.81,45,West,0
55,Female,49942.12,591.0,0.83,31,South,0
61,Female,99384.85,698.0,0.88,40,South,1
51,Female,32690.77,658.0,0.43,31,South,1
28,Male,50485.62,683.0,0.65,7,South,0
65,Female,46912.25,494.0,0.73,41,West,0
43,Female,67481.13,627.0,0.87,22,South,0
69,Male,66606.4,659.0,0.68,45,South,1
66,Female,62160.37,494.0,0.86,43,East,0
57,Male,60685.19,605.0,0.39,33,West,1
35,Female,43531.21,607.0,0.65,14,South,0
69,Male,88998.28,657.0,0.34,45,East,1
34,Male,67766.35,671.0,0.8,11,South,0
68,Female,52627.4,716.0,0.89,45,South,1
31,Male,52083.96,617.0,0.61,11,East,0
35,Male,87696.05,562.0,0.86,15,North,0
30,Male,64946.8,579.0,0.86,9,East,0
65,Male,60731.35,744.0,0.74,42,South,1
58,Female,51753.72,533.0,0.6,38,South,1
57,Male,78621.62,423.0,0.43,37,West,1
74,Female,99477.86,584.0,0.54,45,West,1
53,Male,61326.58,686.0,0.46,29,North,1
32,Male,58501.76,692.0,0.49,8,South,1
56,Male,58376.83,669.0,0.65,34,East,1
49,Female,36954.18,668.0,0.79,26,West,0
40,Female,55484.79,649.0,0.45,17,East,1
55,Female,41390.38,596.0,0.83,35,West,0
63,Female,36864.2,584.0,0.51,41,East,1
57,Female,34491.93,693.0,0.4,34,South,1
43,Female,57460.06,536.0,0.41,22,West,1
53,Male,75488.81,830.0,0.48,33,South,1
70,Female,49909.51,576.0,0.79,45,East,1
42,Male,50048.53,599.0,0.3,20,East,1
72,Male,27917.72,650.0,0.35,45,North,1
53,Male,62498.41,691.0,0.45,33,South,1
57,Female,55706.01,606.0,0.83,36,South,1
55,Male,57801.19,694.0,0.9,32,West,0
62,Male,25000.0,656.0,0.85,42,South,0
72,Female,51813.72,669.0,0.59,45,East,1
71,Male,43878.76,639.0,0.86,45,East,1
50,Female,67738.94,732.0,0.83,28,South,1
60,Male,55099.74,737.0,0.64,37,East,1
38,Male,43177.99,665.0,0.58,15,South,0
28,Male,26835.94,427.0,0.41,8,East,0
37,Male,59117.53,631.0,0.45,14,South,1
46,Male,94001.97,580.0,0.88,25,South,1
56,Male,35821.02,550.0,0.74,32,South,0
45,Male,68594.66,618.0,0.75,21,East,1
42,Male,59401.92,663.0,0.35,19,South,1
68,Male,48364.85,581.0,0.75,45,South,1
74,Male,28243.03,606.0,0.52,45,East,1
65,Male,65654.84,700.0,0.63,43,East,1
53,Male,66883.65,653.0,0.46,33,South,1
37,Female,59608.91,793.0,0.42,16,South,1
57,Female,73652.21,666.0,0.56,33,West,1
65,Male,75696.25,682.0,0.6,42,East,1
55,Male,56202.09,499.0,0.77,33,South,0
57,Female,61419.02,607.0,0.7,33,South,1
34,Female,58561.27,583.0,0.73,14,South,0
45,Male,71638.08,676.0,0.81,24,East,1
54,Male,72972.94,623.0,0.44,32,West,1
35,Female,54081.51,552.0,0.67,12,South,0
66,Female,68142.84,728.0,0.81,42,North,1
68,Female,32957.99,690.0,0.52,45,East,1
52,Female,64828.08,604.0,0.34,30,West,1
58,Female,54097.27,583.0,0.58,38,East,1
34,Female,48288.12,688.0,0.39,10,South,1
40,Female,53199.99,551.0,0.77,17,East,0
70,Female,45490.43,450.0,0.56,45,South,1
35,Male,78018.93,478.0,0.65,11,South,0
41,Male,82383.89,520.0,0.38,20,East,1
29,Male,55076.56,612.0,0.58,6,South,0
40,Male,52814.47,562.0,0.68,20,South,0
45,Male,56098.68,636.0,0.44,25,East,1
35,Male,36699.4,542.0,0.38,11,South,0
69,Female,60989.77,554.0,0.8,45,South,1
52,Female,25000.0,647.0,0.36,31,South,1
42,Female,74130.93,622.0,0.69,19,West,1
34,Female,28131.41,591.0,0.52,14,South,0
37,Female,26748.01,680.0,0.47,14,South,0
52,Male,46548.84,698.0,0.37,29,East,1
44,Female,61348.96,694.0,0.52,23,South,1
36,Female,49421.12,532.0,0.49,12,South,0
72,Female,35517.69,710.0,0.64,45,South,1
69,Male,47375.74,793.0,0.85,45,West,1
30,Male,43056.17,421.0,0.62,7,South,0
45,Male,42838.34,591.0,0.72,21,West,0
31,Female,54922.4,539.0,0.56,7,South,0
39,Female,43163.33,646.0,0.69,15,West,0
59,Female,38156.75,679.0,0.71,37,East,1
53,Female,54819.16,669.0,0.69,32,South,1
55,Female,30827.53,773.0,0.61,35,South,1
58,Female,30041.53,676.0,0.72,35,North,0
32,Male,56535.87,601.0,0.62,11,East,0
38,Male,25000.0,675.0,0.86,17,North,0
58,Female,54659.5,690.0,0.83,38,South,1
28,Female,49457.13,631.0,0.55,4,South,0
38,Female,61395.63,538.0,0.81,16,South,0
67,Female,56827.62,593.0,0.64,45,South,1
35,Male,75353.77,563.0,0.56,12,West,1
64,Male,45288.33,681.0,0.55,44,West,1
34,Male,39927.9,623.0,0.43,12,West,1
57,Male,76334.86,560.0,0.33,36,West,1
68,Male,60926.15,762.0,0.49,44,South,1
70,Male,45717.83,610.0,0.32,45,North,1
49,Female,55662.33,654.0,0.32,29,East,1
30,Female,66582.2,674.0,0.63,10,South,1
60,Female,57989.88,617.0,0.64,38,South,1
39,Female,50404.06,627.0,0.46,18,West,1
55,Male,91749.8,663.0,0.31,31,East,1
43,Male,61405.89,586.0,0.31,20,East,1
46,Male,65396.07,626.0,0.71,24,South,1
63,Female,53097.33,713.0,0.81,42,South,1
60,Female,64452.59,695.0,0.31,40,South,1
48,Female,60208.81,618.0,0.89,24,South,0
28,Female,34197.22,552.0,0.47,5,West,0
55,Female,56146.47,706.0,0.62,34,South,1
36,Male,37126.69,762.0,0.8,13,West,0
65,Male,48731.74,467.0,0.7,41,North,1
59,Female,51276.12,654.0,0.79,35,South,1
68,Female,25000.0,634.0,0.38,45,South,1
46,Male,48683.58,703.0,0.34,24,East,1
62,Male,51622.43,732.0,0.66,40,West,1
32,Female,57812.37,547.0,0.51,8,South,0
38,Female,68896.73,590.0,0.45,15,East,1
30,Male,66851.22,626.0,0.53,10,South,1
72,Male,54407.68,631.0,0.4,45,South,1
37,Male,50696.38,657.0,0.44,13,South,1
58,Female,71155.59,584.0,0.38,36,North,1
62,Male,72957.17,491.0,0.64,42,South,1
40,Male,49673.6,564.0,0.56,16,South,0
42,Male,61041.11,668.0,0.82,19,South,0
64,Male,60964.64,778.0,0.36,42,West,1
28,Male,54330.4,721.0,0.89,5,South,0
49,Male,39388.36,563.0,0.57,25,North,0
54,Male,69221.61,580.0,0.55,30,North,1
31,Male,45167.92,518.0,0.43,7,East,0
71,Male,54507.01,652.0,0.67,45,West,1
56,Male,48002.34,568.0,0.55,33,South,1
48,Male,43308.16,707.0,0.37,26,South,1
46,Female,65903.43,702.0,0.58,23,South,1
57,Female,49669.98,649.0,0.51,35,South,1
67,Female,64441.67,606.0,0.85,45,West,1
73,Female,44096.22,765.0,0.77,45,South,1
47,Female,67477.83,576.0,0.76,24,East,1
65,Male,55211.76,604.0,0.7,44,South,1
71,Female,25000.0,487.0,0.53,45,West,1
42,Female,70805.86,547.0,0.71,18,East,0
63,Male,68194.55,546.0,0.65,42,South,1
65,Male,44550.52,642.0,0.87,44,South,1
54,Female,48314.7,698.0,0.81,30,West,0
38,Male,83297.71,582.0,0.75,16,East,1
68,Female,32512.41,586.0,0.34,45,South,1
70,Female,50500.69,556.0,0.87,45,South,0
42,Male,49811.48,652.0,0.48,19,South,1
39,Female,28762.75,733.0,0.54,18,South,1
41,Male,43063.4,693.0,0.41,21,South,1
39,Male,56656.5,462.0,0.86,16,East,0
43,Male,71418.83,605.0,0.73,19,South,1
36,Female,60681.87,684.0,0.53,16,North,1
59,Female,70875.22,590.0,0.69,36,West,1
51,Male,49475.68,651.0,0.37,28,East,1
33,Female,62811.71,609.0,0.54,11,South,1
28,Male,25000.0,614.0,0.86,6,South,0
45,Female,50634.96,725.0,0.79,23,South,0
59,Female,45074.54,591.0,0.55,37,South,1
37,Female,25000.0,654.0,0.79,16,West,0
32,Female,47935.78,769.0,0.5,8,West,1
74,Female,25000.0,799.0,0.72,45,South,1
35,Female,73075.91,716.0,0.4,14,North,1
60,Male,55996.82,635.0,0.49,39,North,1
55,Female,71652.84,695.0,0.56,35,West,1
39,Male,77525.98,664.0,0.69,19,West,1
38,Female,56375.8,556.0,0.74,17,East,0
58,Male,51665.63,747.0,0.63,37,West,1
68,Female,44843.04,556.0,0.85,45,East,0
51,Female,68240.6,722.0,0.41,29,South,1
72,Female,62638.74,614.0,0.37,45,North,1
59,Female,25000.0,738.0,0.31,37,South,1
58,Male,30668.22,574.0,0.36,36,East,1
66,Male,51386.16,541.0,0.62,45,North,1
71,Female,95305.71,801.0,0.84,45,South,1
55,Male,65213.05,650.0,0.63,31,South,1
52,Female,56806.45,661.0,0.66,28,South,1
53,Male,40516.26,611.0,0.66,31,West,1
39,Female,66714.78,514.0,0.39,15,East,1
51,Male,40080.0,588.0,0.33,29,South,1
36,Female,63054.05,604.0,0.38,13,South,1
68,Male,40234.7,636.0,0.54,45,West,1
55,Male,58696.56,670.0,0.52,34,South,1
73,Female,75822.45,681.0,0.52,45,East,1
51,Female,73153.65,823.0,0.47,31,South,1
52,Male,68132.24,556.0,0.38,29,West,1
42,Female,89632.44,751.0,0.55,22,South,1
72,Male,49382.25,680.0,0.5,45,West,1
41,Female,57018.01,451.0,0.46,18,East,1
35,Female,41456.62,645.0,0.37,15,South,1
49,Male,38648.29,528.0,0.32,28,South,1
51,Female,65345.04,608.0,0.32,29,East,1
52,Female,61796.8,687.0,0.33,30,North,1
56,Female,39604.75,659.0,0.88,34,South,0
42,Male,49828.77,606.0,0.48,20,South,1
53,Female,25067.8,629.0,0.77,30,East,0
66,Female,37055.9,531.0,0.51,44,South,1
51,Female,63611.61,679.0,0.5,27,South,1
39,Male,33522.28,680.0,0.47,15,South,1
51,Male,66440.64,588.0,0.55,29,South,1
69,Male,62836.34,575.0,0.59,45,South,1
32,Female,56389.65,526.0,0.55,12,North,0
40,Male,43618.53,677.0,0.41,19,North,1
57,Male,51710.52,620.0,0.34,36,South,1
57,Male,83312.16,770.0,0.66,33,North,1
56,Male,34881.19,616.0,0.34,32,East,1
45,Female,33394.31,527.0,0.86,23,East,0
43,Male,97930.54,734.0,0.65,23,South,1
70,Male,52182.23,508.0,0.33,45,North,1
62,Male,54534.79,407.0,0.32,41,East,1
51,Male,65212.61,661.0,0.51,27,North,1
66,Male,62432.57,740.0,0.42,45,South,1
63,Male,73030.73,621.0,0.69,41,North,1
39,Female,40573.99,563.0,0.36,16,West,1
54,Female,74739.29,673.0,0.43,30,West,1
36,Female,37154.59,666.0,0.75,14,West,0
65,Male,44730.7,635.0,0.8,44,East,1
48,Female,43397.43,772.0,0.53,28,East,1
60,Male,66426.31,696.0,0.71,37,South,1
33,Male,71745.39,663.0,0.42,9,South,1
58,Female,38154.68,612.0,0.36,36,South,1
57,Male,62158.31,663.0,0.59,34,South,1
56,Male,82391.44,615.0,0.51,34,South,1
51,Male,94307.54,444.0,0.46,28,South,1
66,Female,57512.03,631.0,0.4,45,West,1
32,Female,83013.63,579.0,0.84,8,East,0
32,Male,54652.41,501.0,0.79,8,East,0
55,Female,47680.34,763.0,0.44,31,South,1
44,Female,35596.59,645.0,0.7,22,East,0
31,Female,33350.72,445.0,0.73,11,East,0
63,Male,79895.75,613.0,0.63,40,North,1
52,Female,58634.01,497.0,0.78,31,South,0
41,Female,46643.06,640.0,0.77,18,East,0
39,Male,33646.75,644.0,0.67,19,East,0
71,Male,62122.55,755.0,0.65,45,East,1
74,Male,43546.72,572.0,0.52,45,East,1
46,Female,84509.77,614.0,0.47,23,South,1
34,Male,30415.97,549.0,0.51,12,South,0
38,Female,39768.87,515.0,0.83,17,South,0
33,Male,33964.46,705.0,0.39,9,West,1
55,Female,65795.23,712.0,0.47,35,North,1
61,Female,52104.91,683.0,0.89,37,West,1
60,Male,61031.35,727.0,0.48,36,East,1
41,Female,42906.3,639.0,0.64,21,South,0
47,Female,55415.69,700.0,0.7,23,South,1
66,Female,66647.71,716.0,0.49,43,South,1
44,Female,42550.85,782.0,0.63,24,East,1
33,Female,37180.66,771.0,0.54,11,South,1
63,Female,44598.3,581.0,0.61,39,West,1
51,Male,63995.74,599.0,0.87,29,South,0
38,Female,57868.63,477.0,0.32,14,West,1
60,Female,49934.04,566.0,0.55,37,South,1
63,Male,35594.03,534.0,0.69,42,West,0
64,Female,36151.79,689.0,0.52,41,South,1
33,Female,66852.34,617.0,0.52,13,North,1
33,Female,86615.07,536.0,0.66,9,West,1
55,Female,40354.36,543.0,0.33,35,South,1
51,Female,67950.24,529.0,0.87,30,South,0
63,Female,34833.13,708.0,0.46,39,South,1
56,Male,25000.0,715.0,0.55,35,South,1
65,Male,101179.25,556.0,0.72,44,West,1
74,Male,57219.46,681.0,0.47,45,South,1
63,Male,45601.9,792.0,0.9,41,South,1
34,Female,69325.32,672.0,0.36,11,South,1
61,Male,25000.0,429.0,0.73,41,South,0
32,Male,73332.65,652.0,0.57,12,East,1
46,Male,30993.83,586.0,0.39,25,East,1
71,Male,55992.97,703.0,0.66,45,South,1
62,Female,43066.37,642.0,0.36,39,North,1
45,Male,67467.32,629.0,0.47,25,South,1
33,Male,87180.8,583.0,0.7,13,East,1
35,Female,27752.45,552.0,0.44,15,West,0
43,Male,54003.84,694.0,0.89,19,South,0
52,Female,44100.67,645.0,0.45,30,North,1
57,Male,60385.35,649.0,0.56,37,South,1
62,Female,43851.99,710.0,0.9,38,West,0
64,Male,37685.97,613.0,0.43,41,South,1
51,Female,25000.0,747.0,0.52,27,South,1
56,Male,54821.48,768.0,0.73,34,South,1
45,Female,54550.06,626.0,0.56,24,South,1
66,Male,50034.4,775.0,0.68,45,East,1
61,Male,30659.58,775.0,0.54,41,East,1
56,Female,39275.22,670.0,0.89,34,North,0
40,Female,36273.45,570.0,0.3,18,South,1
53,Male,52920.17,688.0,0.5,29,West,1
38,Female,51250.94,622.0,0.64,18,West,0
44,Female,57413.4,515.0,0.47,20,West,1
61,Male,38227.67,727.0,0.51,37,East,1
45,Female,79891.5,597.0,0.48,24,South,1
52,Female,48382.65,830.0,0.46,31,North,1
28,Female,62863.93,727.0,0.74,5,East,0
56,Female,73622.67,619.0,0.5,33,South,1
41,Male,58190.27,596.0,0.39,20,East,1
37,Male,74576.59,664.0,0.45,16,North,1
54,Female,83252.38,603.0,0.59,30,South,1
39,Male,48474.41,794.0,0.66,17,North,1
50,Male,31590.77,664.0,0.36,28,East,1
41,Male,66010.65,556.0,0.42,17,North,1
61,Female,48684.49,615.0,0.74,40,West,1
33,Male,56411.23,581.0,0.38,13,South,1
73,Female,45834.42,500.0,0.84,45,West,0
59,Male,44597.64,777.0,0.65,38,West,1
74,Male,25000.0,602.0,0.77,45,South,0
36,Male,67322.11,583.0,0.89,16,West,0
28,Female,46920.17,676.0,0.66,4,East,0
55,Female,69308.43,583.0,0.35,31,South,1
36,Female,47267.72,561.0,0.79,15,South,0
31,Male,74103.52,726.0,0.71,9,South,1
58,Male,51490.73,583.0,0.38,37,South,1
66,Male,25000.0,584.0,0.63,43,South,1
70,Female,28148.76,665.0,0.77,45,South,1
51,Female,79489.91,673.0,0.54,28,South,1
29,Female,45358.72,530.0,0.67,6,South,0
38,Female,75443.09,679.0,0.41,17,South,1
44,Female,37146.3,590.0,0.84,23,South,0
67,Female,52338.42,575.0,0.37,43,South,1
50,Female,59958.47,451.0,0.31,27,South,1
58,Female,25000.0,497.0,0.77,38,East,0
66,Male,56496.23,604.0,0.84,42,West,1
34,Male,64933.63,696.0,0.6,11,East,1
47,Female,60815.97,614.0,0.37,23,East,1
31,Male,25000.0,623.0,0.51,8,West,0
52,Female,48393.96,586.0,0.32,29,West,1
71,Male,38952.37,630.0,0.85,45,East,0
28,Female,47273.89,650.0,0.68,6,East,0
59,Female,48476.29,631.0,0.87,37,South,0
59,Male,63121.29,591.0,0.6,39,West,1
57,Female,63179.33,667.0,0.9,34,South,1
72,Female,41170.87,637.0,0.56,45,South,1
30,Female,41737.69,703.0,0.69,8,South,0
64,Male,33115.2,678.0,0.75,41,West,1
50,Male,48816.33,658.0,0.42,26,South,1
71,Female,49868.68,648.0,0.45,45,South,1
37,Male,74965.15,643.0,0.48,17,West,1
48,Male,71832.14,682.0,0.88,27,North,1
70,Female,39400.83,546.0,0.32,45,West,1
72,Female,51518.27,712.0,0.78,45,East,1
66,Female,25000.0,495.0,0.45,43,North,1
58,Female,65020.32,637.0,0.63,34,East,1
50,Female,38921.61,726.0,0.89,27,North,0
48,Female,59387.6,548.0,0.67,25,East,1
41,Female,51215.59,554.0,0.68,19,South,0
65,Female,25000.0,616.0,0.38,42,South,1
72,Male,42693.18,628.0,0.33,45,South,1
61,Female,30750.65,644.0,0.32,38,East,1
70,Female,87462.17,682.0,0.38,45,North,1
62,Male,88212.8,674.0,0.72,38,West,1
35,Male,25086.43,567.0,0.37,15,North,0
49,Female,55658.19,745.0,0.65,27,South,1
51,Female,58846.85,632.0,0.49,28,West,1
73,Male,25000.0,636.0,0.4,45,West,1
59,Male,47116.78,737.0,0.6,38,South,1
48,Male,44186.27,641.0,0.47,26,South,1
45,Female,57122.67,732.0,0.58,23,West,1
65,Male,53846.25,566.0,0.85,41,East,0
33,Male,47571.38,545.0,0.78,10,South,0
55,Female,87924.44,537.0,0.78,34,South,1
32,Male,30580.01,703.0,0.42,9,East,1
41,Male,48999.82,487.0,0.43,20,East,1
48,Male,75143.9,636.0,0.65,24,South,1
53,Male,38291.56,628.0,0.55,29,South,1
69,Female,67589.01,601.0,0.48,45,West,1
65,Male,60736.35,615.0,0.84,41,South,1
43,Female,44447.15,631.0,0.45,22,South,1
50,Male,25000.0,544.0,0.51,26,North,0
32,Male,25000.0,653.0,0.62,8,East,0
61,Male,39589.75,674.0,0.88,41,South,0
49,Male,60346.16,563.0,0.36,26,South,1
47,Female,25000.0,633.0,0.63,26,South,0
30,Male,73489.43,470.0,0.44,7,South,1
73,Male,37778.96,794.0,0.37,45,West,1
55,Male,80349.0,685.0,0.34,32,South,1
53,Female,45275.65,738.0,0.83,32,South,1
34,Male,55738.12,572.0,0.51,12,South,1
46,Female,48607.79,586.0,0.84,26,West,0
48,Male,37395.16,621.0,0.64,24,South,0
35,Female,42797.73,493.0,0.51,13,East,0
43,Male,41921.31,661.0,0.45,20,East,1
47,Male,58210.54,586.0,0.58,25,East,1
72,Male,32897.75,689.0,0.42,45,East,1
56,Male,25000.0,630.0,0.72,32,West,0
35,Male,44533.72,666.0,0.72,13,South,0
51,Female,54343.1,687.0,0.65,28,East,1
73,Male,67003.65,590.0,0.83,45,West,1
41,Female,77835.62,585.0,0.39,21,East,1
67,Female,55952.89,541.0,0.54,45,East,1
73,Male,32472.51,602.0,0.72,45,South,1
67,Male,60185.57,640.0,0.4,44,East,1
68,Male,52512.18,646.0,0.38,45,West,1
28,Male,73765.09,640.0,0.39,7,East,1
51,Male,51529.91,585.0,0.46,29,East,1
29,Male,37266.1,548.0,0.38,7,South,0
44,Female,96950.27,705.0,0.79,24,North,1
37,Female,92850.03,590.0,0.5,15,South,1
54,Male,47265.79,642.0,0.74,30,South,1
45,Female,50133.87,629.0,0.69,24,South,0
59,Male,50334.75,569.0,0.65,35,East,1
56,Male,51212.62,609.0,0.63,36,South,1
38,Female,54834.92,614.0,0.53,15,East,1
53,Female,63187.33,646.0,0.61,29,South,1
66,Male,62999.1,703.0,0.88,44,South,1
66,Male,65520.26,673.0,0.71,42,South,1
63,Male,89664.54,709.0,0.85,43,West,1
39,Male,54207.63,728.0,0.76,18,North,0
70,Male,69066.33,758.0,0.59,45,East,1
63,Male,46977.99,590.0,0.45,42,West,1
43,Female,32870.14,573.0,0.55,20,South,0
30,Male,56898.55,747.0,0.51,6,South,1
37,Female,57028.44,769.0,0.57,15,East,1
39,Male,54256.18,522.0,0.68,17,South,0
51,Male,35484.59,602.0,0.46,27,South,1
58,Male,25698.3,518.0,0.6,37,South,0
65,Male,55022.15,647.0,0.65,42,South,1
65,Female,106464.01,780.0,0.33,41,West,1
34,Female,60268.41,621.0,0.58,14,South,1
44,Male,61380.39,669.0,0.52,21,South,1
61,Male,47962.79,646.0,0.5,41,East,1
58,Female,25000.0,633.0,0.49,38,North,1
60,Male,36752.54,553.0,0.76,38,South,0
64,Female,73024.88,513.0,0.63,41,South,1
49,Female,64989.27,588.0,0.68,27,South,1
33,Female,44582.22,591.0,0.45,13,West,1
71,Female,40519.61,564.0,0.89,45,East,0
57,Male,58541.33,527.0,0.7,36,West,1
63,Male,50695.75,670.0,0.8,39,East,1
30,Male,58950.99,622.0,0.5,8,South,1
70,Male,51485.49,743.0,0.56,45,South,1
29,Female,51062.42,491.0,0.5,5,North,0
40,Male,25000.0,710.0,0.86,16,South,0
56,Female,27087.16,639.0,0.32,33,East,1
32,Male,65755.62,651.0,0.56,8,South,1
32,Female,72860.66,734.0,0.37,11,South,1
40,Male,25000.0,547.0,0.8,18,South,0
45,Female,68016.75,620.0,0.59,21,South,1
56,Male,47756.9,639.0,0.83,34,South,0
63,Male,62261.51,564.0,0.52,39,East,1
37,Male,72402.92,464.0,0.44,14,North,1
30,Female,65857.31,507.0,0.75,10,South,0
64,Male,68023.7,636.0,0.86,40,West,1
53,Female,55761.5,558.0,0.8,30,South,0
52,Female,93917.19,756.0,0.63,28,South,1
45,Female,49000.23,618.0,0.82,24,North,0
30,Female,74226.73,561.0,0.48,6,East,1
41,Female,56630.48,703.0,0.83,18,South,0
73,Female,60756.92,580.0,0.5,45,South,1
62,Male,49629.25,561.0,0.5,39,South,1
47,Male,57022.89,611.0,0.88,23,East,0
63,Male,68118.65,583.0,0.89,43,East,1
51,Female,25000.0,726.0,0.61,28,South,1
29,Female,67081.41,622.0,0.9,8,North,0
53,Female,55651.22,507.0,0.33,32,South,1
46,Female,67037.56,618.0,0.41,26,North,1
61,Female,35284.42,676.0,0.69,37,South,1
43,Female,53680.99,560.0,0.69,20,West,0
56,Female,74474.16,613.0,0.6,32,South,1
70,Female,41190.41,624.0,0.5,45,East,1
43,Female,33698.76,663.0,0.55,20,South,0
51,Male,67868.83,658.0,0.69,31,West,1
37,Male,49085.02,633.0,0.75,15,North,0
57,Female,36553.47,626.0,0.34,35,North,1
44,Male,38416.03,604.0,0.69,22,East,0
61,Male,52509.73,697.0,0.54,40,South,1
44,Female,83992.18,414.0,0.74,22,North,0
42,Female,76294.43,656.0,0.65,19,South,1
58,Female,59631.9,696.0,0.86,36,North,1
44,Male,78904.31,494.0,0.5,24,South,1
33,Female,53761.79,666.0,0.64,10,East,0
34,Male,37701.28,528.0,0.79,11,South,0
31,Male,82452.45,649.0,0.65,7,South,1
54,Male,65536.93,641.0,0.56,30,South,1
64,Male,52711.43,620.0,0.73,44,South,1
47,Male,69183.66,671.0,0.48,24,East,1
39,Female,46477.47,713.0,0.45,15,East,1
32,Male,54104.95,677.0,0.54,11,South,1
55,Female,48272.43,567.0,0.62,32,South,1
38,Female,31141.91,825.0,0.38,14,South,1
30,Female,71967.65,736.0,0.55,9,East,1
51,Female,52881.24,749.0,0.71,31,South,1
29,Female,69199.43,587.0,0.66,6,West,0
30,Male,46174.25,663.0,0.47,7,South,1
52,Male,29601.52,651.0,0.32,32,South,1
60,Female,63725.56,528.0,0.4,39,South,1
60,Male,56064.03,850.0,0.43,38,South,1
69,Male,56275.95,818.0,0.87,45,South,1
39,Male,43951.38,671.0,0.5,16,North,1
56,Male,41062.82,660.0,0.31,32,East,1
65,Female,77264.68,547.0,0.77,44,West,1
31,Male,61888.82,462.0,0.48,10,South,0
62,Female,52910.72,627.0,0.58,40,South,1
65,Male,88995.36,700.0,0.57,41,South,1
65,Female,76657.79,555.0,0.49,41,West,1
55,Male,86608.13,748.0,0.51,32,East,1
52,Female,89788.3,568.0,0.83,29,West,1
41,Male,64340.93,692.0,0.59,20,West,1
52,Female,51011.93,629.0,0.48,29,West,1
31,Female,70252.23,537.0,0.34,8,South,1
73,Male,91927.89,512.0,0.74,45,South,1
65,Female,56129.38,482.0,0.54,43,South,1
46,Male,53842.93,599.0,0.76,24,West,0
69,Female,50748.4,726.0,0.77,45,South,1
33,Male,44772.99,574.0,0.31,13,South,1
66,Female,37303.57,671.0,0.36,43,South,1
30,Female,25000.0,623.0,0.4,6,South,0
59,Male,44198.39,770.0,0.66,37,East,1
50,Female,25000.0,640.0,0.79,30,South,0
36,Female,60973.91,688.0,0.78,13,South,0
37,Female,54265.69,439.0,0.65,13,East,0
45,Male,65589.53,576.0,0.82,22,East,0
34,Female,26708.6,775.0,0.4,11,East,1
59,Male,80199.65,491.0,0.51,38,North,1
52,Female,61542.82,583.0,0.41,30,South,1
29,Female,52200.33,603.0,0.7,9,North,0
63,Male,52996.44,607.0,0.77,40,South,1
51,Female,67204.04,662.0,0.42,30,West,1
47,Male,67722.27,695.0,0.54,27,South,1
63,Female,90251.35,733.0,0.73,43,South,1
74,Male,51528.93,647.0,0.79,45,West,1
51,Male,35818.86,656.0,0.44,31,North,1
67,Male,25000.0,692.0,0.46,45,South,1
54,Female,58612.82,584.0,0.84,34,West,0
63,Male,66682.36,616.0,0.86,39,East,1
70,Male,74287.08,654.0,0.5,45,East,1
52,Male,70323.79,475.0,0.43,32,East,1
29,Female,57070.68,528.0,0.69,5,South,0
68,Female,70612.53,654.0,0.82,44,South,1
45,Male,66639.73,622.0,0.4,21,North,1
52,Female,39989.17,625.0,0.46,29,South,1
42,Female,87114.54,603.0,0.57,20,South,1
51,Male,42484.62,635.0,0.63,28,West,1
28,Female,32602.64,506.0,0.82,7,West,0
64,Male,43310.94,695.0,0.64,42,East,1
65,Female,50125.79,714.0,0.84,45,South,1
37,Male,56626.23,611.0,0.83,17,East,0
28,Male,61876.95,531.0,0.43,5,East,1
53,Male,48941.34,504.0,0.55,31,South,1
43,Male,51213.36,653.0,0.69,23,West,1
37,Female,74304.77,714.0,0.8,15,South,1
65,Female,50762.18,587.0,0.51,44,South,1
30,Female,52959.45,658.0,0.53,10,South,1
68,Male,85837.91,743.0,0.56,45,South,1
61,Male,30809.06,589.0,0.38,38,South,1
66,Male,44006.38,668.0,0.89,45,South,1
66,Female,91278.2,740.0,0.81,43,East,1
31,Female,39426.27,651.0,0.34,11,South,1
38,Male,53329.51,526.0,0.55,14,South,0
71,Female,65599.99,693.0,0.55,45,South,1
39,Female,50331.35,541.0,0.39,16,East,1
42,Male,48644.41,796.0,0.46,19,East,1
63,Male,41604.12,490.0,0.64,40,South,1
53,Female,81395.1,672.0,0.82,32,North,1
64,Male,66195.67,482.0,0.5,43,South,1
35,Female,42103.97,439.0,0.45,14,East,0
30,Male,42371.2,429.0,0.46,8,North,0
67,Male,42902.94,575.0,0.51,45,South,1
63,Male,48577.09,683.0,0.62,41,North,1
64,Female,52481.99,519.0,0.78,42,North,1
32,Female,66770.97,509.0,0.74,10,East,0
64,Female,52435.98,679.0,0.81,40,South,1
30,Male,43069.99,682.0,0.71,7,North,0
46,Female,35041.97,644.0,0.74,23,South,0
72,Male,43363.08,550.0,0.8,45,North,0
50,Female,78164.23,519.0,0.46,28,South,1
67,Female,62217.92,632.0,0.36,44,South,1
59,Female,48865.37,622.0,0.61,35,East,1
28,Female,53992.66,625.0,0.77,8,South,0
73,Male,38875.98,697.0,0.5,45,South,1
49,Female,53660.32,509.0,0.4,29,South,1
73,Female,56444.5,746.0,0.7,45,North,1
34,Female,68818.52,615.0,0.63,14,West,1
40,Male,25000.0,649.0,0.51,16,South,0
74,Female,48811.79,632.0,0.75,45,West,1
44,Female,43323.67,587.0,0.74,22,South,0
66,Female,60218.71,697.0,0.37,43,South,1
31,Female,41443.81,628.0,0.76,9,South,0
63,Male,64306.12,601.0,0.81,41,South,1
66,Male,39409.08,721.0,0.36,43,South,1
58,Male,47246.1,695.0,0.8,37,North,1
62,Male,59406.67,668.0,0.69,42,East,1
49,Male,61164.79,741.0,0.73,27,South,1
30,Male,52159.39,612.0,0.73,7,South,0
44,Male,40175.25,817.0,0.84,23,South,0
29,Female,40959.93,757.0,0.76,6,North,0
35,Male,68865.65,716.0,0.63,15,West,1
48,Female,69116.68,704.0,0.62,27,South,1
52,Male,35110.04,555.0,0.77,31,East,0
52,Male,45036.97,629.0,0.62,28,South,1
66,Female,49167.02,489.0,0.83,45,North,0
48,Female,47780.28,610.0,0.79,25,South,0
50,Male,64512.88,562.0,0.58,27,South,1
29,Female,54062.4,618.0,0.68,7,East,0
40,Female,33471.08,684.0,0.8,16,East,0
74,Female,35075.07,517.0,0.62,45,North,1
61,Male,61487.41,587.0,0.46,38,East,1
73,Male,56384.14,655.0,0.6,45,West,1
72,Female,35297.69,631.0,0.72,45,South,1
50,Male,60017.39,545.0,0.56,26,South,1
32,Male,58744.69,650.0,0.67,9,West,0
64,Male,69028.89,702.0,0.66,40,South,1
46,Female,63396.31,670.0,0.7,23,South,1
35,Female,38513.39,694.0,0.69,14,West,0
65,Female,39545.92,521.0,0.68,45,South,1
49,Female,81591.05,658.0,0.62,29,East,1
34,Male,46142.2,574.0,0.47,12,South,0
71,Female,31254.43,545.0,0.41,45,South,1
70,Male,48957.21,573.0,0.5,45,North,1
55,Male,82312.6,743.0,0.43,32,South,1
55,Male,42170.25,621.0,0.53,32,South,1
54,Male,67361.53,657.0,0.43,33,West,1
66,Female,67551.75,532.0,0.58,45,South,1
51,Female,63243.11,785.0,0.88,29,South,1
28,Female,66825.91,615.0,0.4,4,South,1
59,Female,73212.41,476.0,0.86,35,South,0
60,Male,62074.14,552.0,0.49,39,West,1
59,Female,48457.46,775.0,0.68,35,South,1
59,Female,39245.19,522.0,0.64,39,North,1
56,Female,68696.43,527.0,0.69,32,East,1
44,Female,68375.61,437.0,0.52,21,South,1
28,Male,59359.36,651.0,0.88,8,North,0
59,Female,25000.0,693.0,0.72,38,North,0
32,Male,53298.27,496.0,0.81,11,South,0
51,Male,58929.53,586.0,0.77,27,East,0
72,Male,63200.34,791.0,0.47,45,South,1
42,Female,85600.59,587.0,0.57,19,South,1
64,Male,45299.55,743.0,0.5,40,North,1
31,Male,82044.7,710.0,0.35,10,South,1
65,Male,53221.39,592.0,0.46,43,South,1
65,Male,40887.84,724.0,0.65,41,South,1
43,Male,45195.76,498.0,0.74,21,North,0
36,Female,60947.08,623.0,0.72,12,East,0
36,Male,76672.66,558.0,0.79,12,South,0
60,Male,54932.23,556.0,0.75,37,South,1
35,Female,42923.16,850.0,0.76,15,South,0
69,Female,69868.14,647.0,0.85,45,East,1
37,Male,87401.34,662.0,0.34,13,South,1
47,Female,69565.84,684.0,0.8,24,South,1
31,Female,51860.0,601.0,0.49,8,West,1
47,Male,57243.84,557.0,0.38,25,South,1
36,Female,83752.39,574.0,0.52,15,North,1
58,Female,44271.54,673.0,0.66,37,East,1
34,Male,71024.3,604.0,0.62,10,North,1
62,Female,46176.59,549.0,0.79,41,South,0
59,Male,48854.0,671.0,0.36,39,West,1
30,Female,59498.67,556.0,0.87,7,North,0
47,Male,65114.38,547.0,0.42,26,North,1
70,Female,34496.79,581.0,0.76,45,South,0
68,Male,36307.57,617.0,0.49,45,South,1
43,Male,44161.13,435.0,0.55,21,South,0
62,Male,73770.3,565.0,0.87,38,South,1
62,Male,70931.88,651.0,0.83,40,South,1
62,Male,37906.81,572.0,0.52,42,South,1
66,Male,65587.61,759.0,0.52,45,East,1
46,Female,52908.27,626.0,0.58,24,North,1
61,Female,72632.22,615.0,0.51,38,West,1
32,Female,27902.31,566.0,0.6,10,East,0
70,Male,89818.57,490.0,0.83,45,North,1
61,Male,51093.38,735.0,0.53,38,South,1
55,Male,35183.26,817.0,0.76,32,North,1
42,Female,61342.13,663.0,0.4,19,South,1
50,Female,42315.42,521.0,0.83,26,West,0
74,Male,65702.24,707.0,0.62,45,North,1
47,Female,42313.12,500.0,0.77,27,East,0
31,Male,25000.0,682.0,0.76,11,South,0
68,Female,65707.89,500.0,0.85,45,West,1
32,Male,42510.43,557.0,0.73,8,South,0
30,Male,30739.01,707.0,0.57,8,East,0
49,Female,32143.62,666.0,0.59,26,South,1
28,Male,70149.24,536.0,0.42,8,South,1
73,Male,52498.78,545.0,0.47,45,South,1
32,Female,84065.13,504.0,0.74,10,South,0
59,Male,50554.45,620.0,0.75,39,West,1
51,Male,60314.73,684.0,0.51,30,South,1
42,Female,47718.07,587.0,0.57,22,West,1
72,Male,70663.6,596.0,0.35,45,South,1
71,Female,55237.67,601.0,0.72,45,North,1
41,Female,55680.87,839.0,0.31,17,South,1
70,Male,56652.61,825.0,0.54,45,West,1
37,Male,40269.33,715.0,0.33,13,West,1
56,Female,101624.64,654.0,0.39,36,South,1
38,Male,73492.45,624.0,0.38,14,West,1
37,Female,55232.93,840.0,0.85,16,South,0
74,Female,25000.0,638.0,0.37,45,East,1
55,Female,51405.14,557.0,0.47,34,South,1
36,Female,77407.71,547.0,0.89,12,West,0
40,Male,70759.71,696.0,0.34,20,West,1
36,Female,30976.95,644.0,0.85,13,North,0
28,Female,53130.54,654.0,0.75,7,West,0
60,Female,47856.42,712.0,0.61,37,South,1
73,Male,56041.13,650.0,0.59,45,West,1
49,Female,53152.82,760.0,0.88,26,South,0
56,Female,37478.21,698.0,0.51,33,South,1
69,Male,81105.49,682.0,0.54,45,West,1
39,Male,29850.07,608.0,0.54,16,South,0
36,Male,60051.12,536.0,0.71,13,East,0
71,Female,25000.0,445.0,0.88,45,South,0
33,Male,74810.33,608.0,0.68,9,South,1
52,Male,60305.88,528.0,0.52,29,South,1
32,Female,66153.59,756.0,0.56,8,West,1
74,Male,59855.13,624.0,0.68,45,North,1
62,Female,65880.45,679.0,0.37,41,East,1
64,Male,68222.2,578.0,0.87,40,South,1
37,Female,63814.44,422.0,0.66,16,South,0
73,Female,27235.44,593.0,0.32,45,North,1
66,Female,61646.1,610.0,0.51,45,South,1
47,Female,46967.87,582.0,0.5,26,South,1
67,Male,74512.03,612.0,0.34,44,South,1
66,Male,68595.21,664.0,0.53,45,South,1
52,Male,68622.32,604.0,0.45,28,West,1
55,Female,45561.98,589.0,0.79,31,South,0
51,Male,60206.41,564.0,0.78,27,East,0
50,Female,105047.95,524.0,0.84,28,South,1
64,Male,62088.47,529.0,0.7,41,East,1
72,Male,36930.21,567.0,0.83,45,East,0
34,Female,91707.67,580.0,0.81,11,West,0
47,Female,49597.3,617.0,0.78,27,West,0
65,Male,78642.51,701.0,0.35,41,South,1
60,Male,50608.99,632.0,0.76,37,South,1
40,Female,55886.34,680.0,0.65,19,South,1
41,Female,58422.33,753.0,0.71,21,South,1
36,Male,69280.27,620.0,0.36,15,South,1
73,Male,48386.47,562.0,0.5,45,West,1
63,Female,44354.71,724.0,0.53,42,West,1
54,Male,94228.77,659.0,0.59,31,East,1
31,Male,66525.45,637.0,0.39,8,West,1
32,Female,88776.95,618.0,0.72,12,East,1
49,Male,73727.9,704.0,0.65,29,East,1
59,Female,25000.0,490.0,0.88,38,East,0
58,Male,53158.9,549.0,0.51,38,East,1
32,Male,53642.3,595.0,0.65,9,South,0
70,Male,50302.83,680.0,0.64,45,South,1
61,Male,29713.18,580.0,0.42,37,East,1
54,Female,48269.78,612.0,0.63,34,East,1
42,Male,57754.34,640.0,0.88,21,West,0
73,Female,42548.9,606.0,0.31,45,East,1
49,Female,70497.56,720.0,0.9,26,West,1
63,Female,71752.19,605.0,0.31,40,East,1
53,Male,38522.23,575.0,0.58,29,East,1
69,Female,75436.92,555.0,0.34,45,South,1
36,Female,71930.77,822.0,0.86,13,South,1
56,Female,37749.64,660.0,0.75,33,North,0
56,Male,70411.4,627.0,0.72,35,West,1
51,Male,25000.0,666.0,0.43,29,South,1
41,Female,71875.32,566.0,0.65,18,South,1
59,Male,44873.98,790.0,0.77,35,South,1
71,Female,63652.4,514.0,0.5,45,South,1
65,Male,96364.62,649.0,0.54,45,South,1
73,Female,64445.83,614.0,0.67,45,South,1
33,Male,86456.94,675.0,0.7,12,East,1
35,Male,86229.97,535.0,0.86,11,East,0
57,Female,25000.0,691.0,0.31,35,South,1
71,Male,34614.07,672.0,0.47,45,South,1
67,Male,27550.23,628.0,0.37,45,South,1
36,Female,34057.85,651.0,0.64,16,East,0
55,Male,61679.55,574.0,0.51,35,West,1
41,Female,47312.02,588.0,0.61,20,South,0
57,Male,25000.0,614.0,0.83,33,South,0
60,Male,80605.79,808.0,0.87,39,East,1
40,Male,73000.55,660.0,0.59,19,South,1
48,Female,59882.32,636.0,0.68,27,East,1
31,Male,57028.8,519.0,0.49,10,East,0
32,Female,53877.03,578.0,0.5,12,South,1
33,Female,66337.29,697.0,0.61,10,South,1
69,Male,53032.41,751.0,0.83,45,South,1
69,Female,69043.43,629.0,0.39,45,West,1
72,Female,76061.61,689.0,0.61,45,South,1
39,Female,83698.72,458.0,0.37,17,South,1
32,Female,50032.09,700.0,0.4,9,North,1
58,Male,43341.24,552.0,0.65,36,North,1
35,Female,73843.17,581.0,0.51,12,South,1
59,Female,41027.03,677.0,0.52,35,East,1
35,Female,45854.72,552.0,0.42,12,East,1
61,Male,73578.0,663.0,0.84,38,West,1
52,Male,58107.61,609.0,0.64,29,East,1
39,Female,34602.43,637.0,0.5,18,South,1
30,Female,78502.65,514.0,0.8,7,North,0
29,Female,48274.65,620.0,0.44,7,South,1
40,Male,69843.55,566.0,0.71,20,East,1
43,Male,46008.72,704.0,0.6,21,North,1
41,Female,25077.51,625.0,0.56,18,South,0
67,Male,72601.98,717.0,0.41,45,North,1
29,Female,44838.1,647.0,0.45,8,West,1
45,Female,48642.04,648.0,0.89,23,West,0
39,Male,83243.89,693.0,0.85,18,East,1
30,Female,30303.57,771.0,0.52,8,North,0
70,Female,65160.49,543.0,0.33,45,South,1
39,Female,51093.34,671.0,0.72,16,West,0
70,Female,71468.45,708.0,0.53,45,South,1
28,Female,78202.39,568.0,0.84,4,South,0
46,Female,46392.41,649.0,0.86,26,South,0
72,Male,52903.41,504.0,0.65,45,South,1
42,Male,81917.0,529.0,0.32,20,South,1
56,Male,31285.2,557.0,0.49,33,South,1
41,Male,54324.94,574.0,0.64,18,South,0
69,Male,36071.48,604.0,0.69,45,South,1
45,Male,25000.0,617.0,0.6,24,East,0
46,Female,63720.16,765.0,0.42,22,South,1
36,Female,82588.49,635.0,0.6,12,West,1
69,Male,50903.02,712.0,0.77,45,South,1
44,Female,29936.4,607.0,0.56,24,South,0
60,Male,65628.21,652.0,0.77,37,East,1
51,Female,25000.0,830.0,0.73,30,West,1
41,Male,66531.49,686.0,0.31,18,South,1
62,Male,76065.84,689.0,0.43,42,West,1
73,Male,32113.85,716.0,0.47,45,West,1
69,Male,68753.92,629.0,0.88,45,East,1
37,Male,69432.37,688.0,0.77,17,South,1
40,Female,63964.57,686.0,0.46,18,West,1
61,Female,59669.32,741.0,0.78,38,South,1
32,Female,50462.49,673.0,0.44,9,West,1
29,Female,32961.86,707.0,0.71,8,South,0
31,Female,59543.66,807.0,0.86,9,South,0
56,Female,67435.33,563.0,0.59,32,North,1
69,Female,62413.05,697.0,0.86,45,South,1
57,Male,54152.98,579.0,0.56,37,South,1
64,Male,79984.44,599.0,0.79,41,South,1
73,Female,33093.18,644.0,0.41,45,West,1
73,Female,75978.17,676.0,0.4,45,South,1
72,Male,48013.7,690.0,0.78,45,North,1
66,Female,41752.26,709.0,0.42,45,South,1
35,Male,54445.25,655.0,0.83,11,East,0
34,Female,48079.62,522.0,0.43,14,South,1
73,Male,55302.11,501.0,0.85,45,East,0
38,Male,65928.99,642.0,0.69,15,East,1
45,Female,47494.39,557.0,0.59,24,West,1
57,Male,55358.8,660.0,0.49,33,South,1
74,Female,25000.0,505.0,0.7,45,South,0
58,Female,58214.99,686.0,0.82,35,South,1
38,Female,53073.1,657.0,0.75,17,East,0
67,Male,86992.21,546.0,0.52,45,South,1
44,Female,75356.89,674.0,0.75,22,West,1
43,Male,27822.46,751.0,0.7,22,East,0
66,Male,54173.81,656.0,0.45,42,West,1
46,Male,25000.0,706.0,0.39,25,South,1
58,Male,47309.77,550.0,0.43,36,South,1
40,Male,53134.78,657.0,0.68,17,West,0
40,Male,94169.3,617.0,0.36,16,East,1
40,Female,25569.46,584.0,0.52,17,North,0
64,Male,43991.09,715.0,0.61,43,East,1
42,Male,64031.59,562.0,0.4,20,North,1
35,Male,71310.33,612.0,0.66,13,West,1
51,Male,55478.56,669.0,0.78,30,North,1
40,Female,65659.0,663.0,0.55,17,West,1
45,Female,36327.73,568.0,0.62,25,South,0
47,Male,85719.61,735.0,0.76,26,South,1
31,Male,40431.99,492.0,0.39,10,South,0
52,Male,59533.71,611.0,0.48,31,South,1
40,Female,46218.18,732.0,0.49,16,South,1
54,Female,82308.99,757.0,0.87,32,South,1
39,Male,56226.79,630.0,0.9,19,East,0
47,Female,48656.86,593.0,0.8,23,South,0
54,Female,40767.46,529.0,0.69,33,South,0
40,Female,35556.34,797.0,0.43,19,South,1
66,Male,55941.41,575.0,0.65,43,East,1
73,Female,25000.0,697.0,0.62,45,South,1
64,Male,28413.86,849.0,0.86,43,North,1
35,Male,61128.06,683.0,0.45,14,South,1
56,Female,46158.17,592.0,0.58,32,West,1
66,Female,63156.55,619.0,0.48,43,South,1
68,Male,45087.01,625.0,0.81,45,East,1
38,Male,87359.61,465.0,0.38,15,South,1
34,Female,72958.22,690.0,0.57,14,South,1
37,Male,59806.72,588.0,0.69,17,South,0
61,Female,59471.64,522.0,0.52,39,East,1
62,Female,38853.81,697.0,0.85,41,South,1
63,Female,39629.14,518.0,0.51,39,East,1
36,Male,50553.68,554.0,0.46,14,East,1
69,Female,55420.36,766.0,0.46,45,West,1
65,Female,78841.94,761.0,0.88,44,West,1
72,Male,70651.03,656.0,0.38,45,East,1
39,Male,65663.13,685.0,0.45,18,East,1
47,Female,59853.87,625.0,0.87,23,West,0
54,Female,85880.84,586.0,0.47,34,South,1
35,Female,61527.62,802.0,0.84,12,South,0
49,Male,25000.0,654.0,0.55,28,South,1
71,Male,85008.56,540.0,0.87,45,South,1
38,Female,59395.0,635.0,0.56,15,South,1
67,Male,70394.44,637.0,0.6,45,West,1
59,Female,76642.93,621.0,0.62,36,West,1
56,Male,81951.07,573.0,0.44,32,East,1
47,Female,46192.4,680.0,0.67,24,South,1
63,Female,31530.2,574.0,0.72,39,South,0
33,Male,60585.1,667.0,0.68,10,South,0
50,Female,25998.8,508.0,0.87,30,South,0
38,Female,45527.12,580.0,0.87,17,South,0
70,Male,60935.57,673.0,0.62,45,West,1
40,Male,55281.11,571.0,0.43,17,East,1
38,Male,59265.3,687.0,0.42,15,South,1
31,Male,45599.21,624.0,0.53,11,South,0
32,Male,29659.59,732.0,0.59,12,South,0
66,Male,43878.64,598.0,0.89,44,South,0
72,Female,49885.66,808.0,0.83,45,East,1
65,Male,38949.26,522.0,0.85,44,South,0
49,Male,82119.08,552.0,0.76,28,South,1
32,Female,34909.83,779.0,0.35,11,South,1
46,Male,61633.06,478.0,0.85,26,South,0
31,Female,47565.39,616.0,0.33,8,East,1
32,Male,42950.39,723.0,0.83,10,South,0
63,Male,36056.3,636.0,0.55,43,South,1
29,Male,33221.42,550.0,0.45,8,South,0
58,Male,34991.23,608.0,0.4,35,South,1
56,Female,70705.57,526.0,0.7,35,East,1
32,Female,72161.9,585.0,0.79,10,North,0
35,Male,73129.51,700.0,0.34,12,South,1
66,Male,76900.64,664.0,0.59,45,South,1
74,Female,54246.25,608.0,0.43,45,South,1
62,Female,25114.28,695.0,0.56,42,South,1
62,Male,25000.0,639.0,0.31,39,West,1
58,Male,47349.67,481.0,0.9,34,South,0
74,Female,52574.8,609.0,0.89,45,South,1
61,Female,76703.69,706.0,0.64,41,West,1
66,Female,39466.28,521.0,0.86,45,North,0
50,Male,59690.77,619.0,0.4,26,East,1
43,Female,36138.11,673.0,0.63,21,South,0
69,Male,73631.42,836.0,0.79,45,West,1
28,Male,41626.75,575.0,0.9,6,South,0
72,Male,47664.2,627.0,0.74,45,South,1
38,Male,82161.09,471.0,0.34,15,South,1
45,Female,45377.66,418.0,0.47,21,East,0
42,Male,47226.6,531.0,0.83,18,South,0
48,Female,25000.0,587.0,0.87,26,East,0
57,Male,66916.53,632.0,0.49,36,West,1
69,Female,59370.33,610.0,0.32,45,West,1
69,Female,58698.46,692.0,0.31,45,South,1
62,Male,27436.67,606.0,0.46,42,South,1
41,Female,93053.04,702.0,0.55,20,East,1
35,Female,46615.36,557.0,0.3,15,East,1
57,Male,55174.47,647.0,0.69,34,South,1
69,Female,92145.86,786.0,0.78,45,South,1
72,Female,57904.91,704.0,0.45,45,East,1
38,Male,73265.75,634.0,0.53,18,East,1
43,Male,55694.76,666.0,0.81,19,East,0
67,Male,82800.21,543.0,0.58,45,East,1
74,Male,31077.74,510.0,0.41,45,South,1
59,Female,35906.61,610.0,0.54,37,South,1
28,Male,65512.95,614.0,0.54,7,West,1
40,Male,25000.0,635.0,0.36,17,South,1
61,Male,55612.72,684.0,0.78,39,West,1
51,Male,26663.1,743.0,0.36,30,East,1
46,Male,32404.12,463.0,0.69,24,South,0
34,Female,69642.49,571.0,0.85,11,South,0
32,Female,63965.24,607.0,0.87,8,South,0
47,Male,46883.67,465.0,0.81,23,North,0
54,Male,47933.69,716.0,0.66,31,South,1
44,Female,60767.11,628.0,0.43,21,North,1
73,Male,79361.16,747.0,0.45,45,West,1
34,Male,62288.33,685.0,0.78,12,East,0
71,Female,55761.2,601.0,0.9,45,South,1
68,Female,38832.08,611.0,0.52,45,South,1
42,Male,59093.27,712.0,0.32,22,South,1
38,Female,67795.36,634.0,0.36,18,East,1
50,Male,59935.04,725.0,0.64,26,South,1
65,Male,40936.95,641.0,0.68,41,South,1
67,Female,62745.13,683.0,0.64,44,North,1
39,Male,54436.31,463.0,0.36,16,East,1
53,Female,44463.14,631.0,0.67,33,South,1
65,Female,57220.83,743.0,0.62,44,West,1
33,Female,39288.36,487.0,0.41,12,South,0
53,Female,58916.89,753.0,0.7,30,South,1
55,Male,59429.77,820.0,0.55,33,South,1
43,Male,29705.57,673.0,0.79,21,North,0
62,Female,51214.15,568.0,0.39,42,East,1
38,Male,64449.56,573.0,0.73,14,East,0
45,Female,83008.4,716.0,0.78,21,South,1
61,Female,60066.83,520.0,0.73,40,East,1
36,Female,44330.44,648.0,0.69,16,East,0
43,Female,44536.05,547.0,0.68,21,South,0
38,Female,38343.54,570.0,0.89,17,South,0
66,Male,51693.48,642.0,0.56,45,South,1
61,Female,25000.0,709.0,0.32,40,South,1
32,Female,55105.07,698.0,0.39,9,East,1
47,Male,71646.46,515.0,0.78,27,South,0
62,Male,37401.38,718.0,0.56,41,South,1
56,Female,82654.86,647.0,0.74,34,East,1
70,Female,74235.81,651.0,0.48,45,West,1
67,Female,54761.21,704.0,0.62,44,West,1
54,Male,85786.79,693.0,0.81,32,East,1
70,Female,64287.89,585.0,0.77,45,North,1
68,Female,49215.35,600.0,0.32,45,South,1
42,Female,48444.54,623.0,0.46,20,West,1
33,Male,75361.81,728.0,0.8,10,South,1
72,Male,67747.55,611.0,0.43,45,West,1
59,Male,50688.16,604.0,0.47,35,East,1
42,Male,50013.96,611.0,0.47,18,West,1
49,Female,72093.41,519.0,0.8,26,West,0
62,Male,78430.22,663.0,0.55,41,East,1
33,Male,54813.64,574.0,0.39,10,East,1
55,Male,53178.54,560.0,0.66,34,South,1
34,Male,70493.09,411.0,0.71,13,East,0
39,Female,40371.17,758.0,0.36,17,South,1
38,Male,38209.86,660.0,0.43,15,East,1
71,Male,87938.09,638.0,0.54,45,North,1
51,Male,46009.64,625.0,0.62,30,South,1
71,Female,41341.08,617.0,0.68,45,North,1
36,Female,25000.0,574.0,0.45,16,North,0
51,Female,54490.68,608.0,0.65,28,South,1
43,Male,74346.81,609.0,0.46,20,East,1
43,Female,72087.21,594.0,0.82,20,East,0
45,Female,41353.48,672.0,0.37,22,North,1
28,Male,54063.23,559.0,0.44,4,South,0
66,Female,92914.4,577.0,0.67,42,South,1
55,Male,56166.19,617.0,0.37,33,North,1
66,Female,65978.12,749.0,0.78,45,South,1
44,Male,74085.87,544.0,0.39,21,South,1
56,Female,39638.56,629.0,0.9,34,South,0
71,Female,44552.64,476.0,0.43,45,West,1
39,Female,62709.24,551.0,0.41,18,South,1
55,Female,40490.32,639.0,0.55,35,East,1
28,Male,56086.59,739.0,0.45,5,South,1
73,Female,51636.64,627.0,0.63,45,South,1
60,Female,40901.34,721.0,0.7,36,North,1
58,Male,62213.8,704.0,0.83,37,North,1
60,Female,52921.81,634.0,0.75,38,South,1
46,Female,29436.02,638.0,0.75,23,West,0
53,Female,36612.7,717.0,0.46,32,East,1
57,Male,76063.53,643.0,0.47,34,West,1
61,Male,59638.4,708.0,0.52,41,West,1
54,Male,53008.09,810.0,0.8,32,South,1
66,Female,43401.74,527.0,0.81,44,West,0
54,Female,69979.28,551.0,0.84,31,North,1
48,Male,25000.0,595.0,0.75,25,South,0
46,Male,47735.11,638.0,0.81,26,South,0
36,Female,68643.67,571.0,0.39,13,West,1
51,Female,63262.23,625.0,0.79,27,South,1
44,Female,39671.44,734.0,0.84,21,South,0
50,Female,66452.65,699.0,0.6,29,North,1
37,Male,60449.37,731.0,0.39,15,South,1
49,Male,55120.42,553.0,0.89,29,South,0
52,Male,25000.0,558.0,0.47,31,South,1
44,Male,56239.87,677.0,0.53,21,South,1
73,Male,79856.11,534.0,0.56,45,East,1
57,Female,60666.34,683.0,0.79,33,North,1
63,Female,72359.52,640.0,0.74,39,West,1
57,Male,72981.01,749.0,0.35,37,West,1
36,Male,65595.57,676.0,0.56,12,South,1
43,Male,44296.66,547.0,0.8,23,South,0
69,Female,53324.39,608.0,0.51,45,West,1
29,Male,75732.19,564.0,0.83,6,South,0
32,Male,91999.6,661.0,0.85,11,North,1
33,Female,67649.59,602.0,0.64,9,East,0
28,Male,52880.67,428.0,0.42,5,East,0
74,Female,51772.48,516.0,0.69,45,South,1
72,Male,88126.61,608.0,0.9,45,South,1
65,Female,56398.33,526.0,0.63,43,North,1
57,Male,34445.63,682.0,0.71,37,South,1
48,Male,56810.41,659.0,0.48,24,South,1
66,Male,39957.54,677.0,0.52,45,East,1
74,Female,25010.66,691.0,0.72,45,East,1
36,Female,50588.58,663.0,0.65,12,West,0
33,Male,48156.98,600.0,0.37,10,North,1
61,Male,46545.38,647.0,0.84,41,South,1
57,Male,56641.92,769.0,0.55,33,North,1
73,Female,51486.67,596.0,0.88,45,East,1
69,Male,28999.35,575.0,0.54,45,North,1
34,Male,60658.82,742.0,0.3,11,South,1
56,Male,63106.81,647.0,0.59,35,East,1
38,Female,30391.76,710.0,0.79,18,West,0
53,Female,71487.84,621.0,0.88,31,South,1
56,Male,78688.63,650.0,0.56,33,South,1
69,Female,71590.97,657.0,0.77,45,South,1
66,Male,62271.8,671.0,0.6,45,East,1
28,Male,58282.4,652.0,0.71,5,North,0
57,Male,25000.0,644.0,0.86,33,South,0
61,Female,25000.0,687.0,0.67,40,West,1
53,Male,45594.08,597.0,0.82,33,West,0
63,Female,51678.16,597.0,0.5,42,South,1
39,Female,34094.95,603.0,0.87,15,East,0
49,Male,32721.3,653.0,0.51,28,South,1
40,Female,55264.91,562.0,0.47,17,South,1
45,Female,59139.92,513.0,0.56,21,South,1
64,Male,52433.92,604.0,0.32,41,East,1
62,Male,38205.0,588.0,0.31,40,East,1
54,Male,51745.99,649.0,0.44,31,East,1
39,Male,54005.52,698.0,0.3,19,South,1
42,Female,64020.26,618.0,0.86,19,West,0
43,Female,55484.45,691.0,0.33,20,South,1
71,Male,50296.83,642.0,0.74,45,South,1
30,Male,44715.62,614.0,0.61,10,South,0
39,Female,33784.56,589.0,0.32,17,West,1
74,Female,25000.0,614.0,0.83,45,South,0
49,Male,55194.62,653.0,0.58,28,South,1
33,Female,25000.0,703.0,0.45,13,West,0
46,Male,34403.96,563.0,0.89,23,South,0
30,Female,68984.14,487.0,0.41,9,South,1
50,Female,30027.11,668.0,0.43,28,West,1
63,Male,25634.2,695.0,0.48,40,North,1
60,Male,47488.42,618.0,0.35,40,East,1
64,Male,56030.23,429.0,0.61,42,East,1
33,Female,46995.29,683.0,0.37,13,South,1
33,Male,46725.6,557.0,0.43,9,East,0
55,Female,33443.09,656.0,0.7,34,South,0
70,Male,55809.61,606.0,0.88,45,South,1
70,Female,95813.24,644.0,0.74,45,West,1
74,Male,48536.22,596.0,0.34,45,South,1
29,Male,34147.86,635.0,0.61,6,North,0
56,Male,73656.93,674.0,0.67,35,South,1
58,Female,25000.0,650.0,0.41,35,North,1
40,Female,80620.58,570.0,0.68,18,West,1
47,Female,56968.94,604.0,0.76,23,South,0
53,Male,57443.69,483.0,0.7,30,South,0
69,Male,59801.43,574.0,0.37,45,East,1
48,Male,39538.01,738.0,0.73,27,East,1
74,Male,58826.58,661.0,0.55,45,West,1
63,Male,50510.02,777.0,0.4,43,West,1
72,Male,46761.91,634.0,0.45,45,East,1
46,Female,77574.6,503.0,0.47,23,South,1
68,Female,59243.35,657.0,0.86,45,North,1
68,Male,62076.62,541.0,0.37,45,East,1
39,Male,33479.65,603.0,0.43,17,South,1
56,Female,64683.74,766.0,0.75,34,South,1
32,Male,51969.63,689.0,0.45,8,South,1
31,Female,75110.49,642.0,0.36,11,South,1
59,Female,41242.27,570.0,0.5,35,South,1
47,Male,30245.76,754.0,0.72,25,South,0
67,Female,40719.86,625.0,0.5,44,West,1
48,Female,46061.51,586.0,0.42,25,West,1
65,Male,25000.0,687.0,0.43,42,South,1
52,Female,55108.41,726.0,0.84,32,North,1
42,Male,78534.37,688.0,0.7,20,South,1
59,Female,67281.58,633.0,0.4,36,South,1
63,Male,56679.5,585.0,0.63,41,South,1
53,Female,54070.91,565.0,0.42,33,East,1
51,Male,59896.26,516.0,0.51,29,East,1
69,Male,71370.7,597.0,0.81,45,South,1
42,Male,63793.78,508.0,0.78,22,East,0
61,Male,42426.24,602.0,0.37,40,West,1
55,Female,25000.0,683.0,0.81,33,North,0
63,Male,61994.92,548.0,0.75,40,South,1
71,Male,63527.62,572.0,0.7,45,South,1
69,Male,25000.0,669.0,0.58,45,West,1
32,Male,66913.18,610.0,0.86,11,South,0
51,Female,69120.84,501.0,0.53,31,South,1
73,Male,62934.39,644.0,0.73,45,East,1
71,Male,25000.0,679.0,0.67,45,South,1
67,Male,25000.0,601.0,0.68,45,South,1
34,Male,78870.36,667.0,0.38,12,West,1
37,Female,109669.03,590.0,0.47,13,East,1
48,Male,57645.07,633.0,0.68,26,South,1
70,Male,65280.35,703.0,0.59,45,West,1
55,Female,72462.97,689.0,0.71,35,South,1
62,Female,47617.56,614.0,0.36,41,South,1
44,Male,66592.39,792.0,0.89,20,North,1
37,Male,62774.23,618.0,0.55,17,South,1
37,Female,33647.59,429.0,0.77,13,West,0
34,Male,43669.57,693.0,0.57,11,South,0
64,Male,69186.09,529.0,0.64,42,South,1
70,Male,76644.38,558.0,0.75,45,North,1
74,Female,67621.63,590.0,0.81,45,South,1
38,Female,46023.33,736.0,0.64,17,South,1
48,Male,55329.59,663.0,0.58,28,West,1
68,Male,50825.5,649.0,0.64,45,South,1
34,Female,45811.72,751.0,0.64,12,East,0
32,Female,53587.06,620.0,0.35,8,South,1
41,Female,36960.41,599.0,0.32,21,South,1
40,Male,30236.04,605.0,0.48,18,East,0
53,Female,25000.0,501.0,0.6,31,East,0
60,Female,55105.69,559.0,0.78,36,West,1
70,Female,44065.63,783.0,0.77,45,South,1
60,Male,49491.44,558.0,0.75,37,West,1
74,Male,25000.0,674.0,0.6,45,South,1
39,Male,42628.11,491.0,0.57,18,West,0
30,Female,36901.37,560.0,0.58,10,West,0
69,Female,55584.17,526.0,0.48,45,South,1
41,Female,45352.74,614.0,0.3,17,East,1
50,Female,58557.11,648.0,0.39,26,East,1
36,Male,64468.3,578.0,0.39,16,West,1
72,Male,71958.15,684.0,0.86,45,North,1
30,Female,87466.97,616.0,0.5,9,West,1
48,Male,42693.82,740.0,0.67,24,South,1
44,Male,78469.48,487.0,0.36,24,South,1
64,Female,61494.04,609.0,0.76,43,South,1
58,Female,41519.51,605.0,0.45,37,South,1
60,Female,25000.0,636.0,0.43,40,South,1
29,Female,33897.18,776.0,0.64,8,South,0
67,Female,25000.0,541.0,0.78,44,South,0
48,Male,65042.41,700.0,0.77,24,West,1
43,Female,54234.41,620.0,0.84,22,South,0
63,Male,66500.91,637.0,0.53,39,South,1
59,Female,45909.72,475.0,0.34,39,South,1
32,Female,39438.5,612.0,0.43,10,East,0
39,Female,94292.93,652.0,0.79,16,West,1
67,Female,51952.58,605.0,0.8,45,South,1
41,Male,25000.0,710.0,0.32,20,West,1
69,Female,64153.39,545.0,0.6,45,West,1
31,Male,29431.38,620.0,0.37,10,East,0
28,Male,55171.9,636.0,0.55,8,North,1
43,Female,66635.73,535.0,0.36,23,West,1
59,Female,25000.0,622.0,0.43,36,East,1
52,Male,84998.88,658.0,0.5,28,East,1
45,Female,47891.74,636.0,0.38,23,East,1
67,Male,57780.0,667.0,0.87,45,South,1
34,Male,54959.86,694.0,0.39,11,North,1
41,Male,64536.76,554.0,0.52,18,West,1
64,Female,25000.0,510.0,0.36,44,South,1
31,Male,50490.44,672.0,0.74,7,North,0
48,Female,29471.2,663.0,0.34,27,South,1
37,Female,58316.78,485.0,0.8,13,West,0
52,Male,70780.32,733.0,0.58,30,East,1
48,Male,100474.32,651.0,0.72,28,South,1
73,Female,50118.55,742.0,0.44,45,North,1
42,Female,25000.0,744.0,0.41,21,East,1
36,Female,38206.07,573.0,0.44,12,West,0
34,Male,27489.63,690.0,0.68,14,North,0
46,Female,71710.39,665.0,0.83,23,West,1
60,Female,44339.1,558.0,0.8,37,East,0
63,Female,70625.6,648.0,0.37,40,South,1
36,Female,74185.14,625.0,0.57,12,South,1
44,Female,76598.45,528.0,0.69,24,South,1
60,Female,67101.98,678.0,0.58,40,West,1
34,Female,61345.93,621.0,0.51,11,East,1
69,Female,28836.99,668.0,0.45,45,East,1
45,Male,70786.03,640.0,0.84,22,South,0
51,Male,55550.6,673.0,0.79,27,East,1
60,Male,60454.34,784.0,0.52,36,East,1
32,Female,44106.22,672.0,0.37,8,South,1
74,Male,78881.44,491.0,0.57,45,South,1
61,Female,56536.29,750.0,0.56,41,South,1
60,Female,43838.07,574.0,0.73,40,East,1
44,Male,57341.53,717.0,0.43,23,South,1
63,Female,48402.82,601.0,0.59,39,East,1
35,Female,35613.04,626.0,0.64,14,North,0
29,Male,66642.31,636.0,0.73,9,South,0
59,Female,80810.81,478.0,0.32,35,South,1
47,Female,67937.96,673.0,0.62,23,East,1
66,Female,60301.36,624.0,0.38,43,East,1
34,Female,49653.77,652.0,0.73,10,South,0
33,Female,44651.94,381.0,0.57,13,East,0
34,Female,41900.11,652.0,0.67,14,East,0
42,Male,28055.89,594.0,0.39,20,South,1
50,Male,61826.6,718.0,0.38,30,West,1
30,Male,95088.87,721.0,0.73,6,North,1
71,Female,59656.96,742.0,0.71,45,East,1
74,Male,51387.71,598.0,0.6,45,South,1
53,Female,52361.66,671.0,0.4,30,North,1
65,Male,114508.53,536.0,0.49,44,East,1
69,Male,62926.86,582.0,0.72,45,North,1
56,Male,75865.68,491.0,0.31,32,South,1
35,Female,47917.41,600.0,0.52,14,South,1
54,Male,32254.87,693.0,0.78,33,West,0
38,Female,109928.41,553.0,0.31,17,North,1
73,Male,55205.52,594.0,0.57,45,South,1
34,Female,60067.27,627.0,0.83,11,East,0
64,Male,46957.34,789.0,0.84,42,West,1
69,Female,56564.33,685.0,0.53,45,South,1
74,Male,62386.35,588.0,0.51,45,South,1
67,Female,68763.07,602.0,0.77,45,South,1
30,Male,71625.14,641.0,0.4,8,South,1
30,Female,37684.21,783.0,0.78,8,East,0
49,Female,72628.32,560.0,0.35,25,West,1
48,Male,49736.8,507.0,0.43,27,South,1
28,Male,52556.22,556.0,0.59,6,South,0
31,Female,64920.17,677.0,0.33,10,South,1
38,Female,41465.61,537.0,0.66,18,East,0
30,Female,25858.39,533.0,0.76,6,West,0
65,Female,53538.5,543.0,0.87,41,South,0
48,Female,77225.56,520.0,0.44,26,West,1
54,Female,40451.3,390.0,0.77,34,South,0
39,Male,42532.8,708.0,0.77,19,South,0
69,Male,76366.71,794.0,0.88,45,South,1
37,Male,54208.67,645.0,0.57,13,East,1
34,Male,59705.06,586.0,0.36,13,South,1
65,Male,46763.31,513.0,0.88,41,West,0
69,Male,44605.36,640.0,0.36,45,West,1
47,Female,36555.86,629.0,0.81,23,South,0
30,Female,30079.61,556.0,0.85,10,West,0
28,Female,26275.85,674.0,0.32,6,West,1
37,Female,32840.04,654.0,0.48,14,South,0
33,Female,55436.04,759.0,0.59,11,South,1
50,Male,48890.77,635.0,0.81,29,West,0
61,Female,71303.1,817.0,0.88,37,South,1
63,Male,31494.75,590.0,0.68,43,South,1
73,Male,69316.4,626.0,0.61,45,South,1
41,Male,72980.38,562.0,0.71,18,South,1
61,Male,55496.95,612.0,0.64,38,East,1
34,Female,40895.38,544.0,0.51,13,East,0
71,Female,78188.49,796.0,0.37,45,South,1
66,Male,69756.5,736.0,0.87,43,South,1
51,Male,88901.93,574.0,0.75,29,West,1
56,Female,67739.58,786.0,0.72,33,East,1
70,Male,68089.0,583.0,0.84,45,South,1
49,Female,76169.72,671.0,0.71,28,South,1
47,Female,36611.64,515.0,0.72,23,East,0
69,Female,43610.21,722.0,0.83,45,South,1
44,Female,44694.28,665.0,0.56,24,South,1
37,Male,108453.5,692.0,0.56,15,South,1
32,Female,75296.96,524.0,0.89,10,East,0
68,Female,73386.35,620.0,0.38,45,West,1
47,Female,68859.74,606.0,0.32,27,West,1
65,Female,66370.9,690.0,0.7,42,East,1
65,Female,56053.26,759.0,0.89,43,North,1
32,Female,54635.14,645.0,0.61,11,North,0
52,Female,68024.33,510.0,0.57,30,East,1
41,Male,45004.53,590.0,0.77,17,East,0
36,Female,50092.77,619.0,0.71,16,South,0
73,Male,47834.18,677.0,0.46,45,South,1
30,Male,34681.71,681.0,0.65,10,South,0
37,Female,46442.75,621.0,0.69,15,South,0
36,Male,55795.61,542.0,0.61,16,West,0
50,Female,25000.0,587.0,0.79,26,North,0
39,Female,66959.3,682.0,0.54,17,South,1
53,Male,71002.03,579.0,0.47,31,South,1
59,Male,45187.03,606.0,0.4,39,West,1
53,Female,70090.21,667.0,0.39,33,South,1
30,Male,50011.75,546.0,0.79,6,East,0
55,Male,38706.05,787.0,0.73,31,South,1
70,Male,41625.23,531.0,0.42,45,South,1
51,Female,62839.75,651.0,0.66,29,South,1
40,Male,57670.8,632.0,0.57,16,West,1
30,Male,33889.1,648.0,0.55,6,South,0
49,Male,34714.44,605.0,0.79,27,South,0
40,Female,73286.01,683.0,0.35,16,East,1
60,Female,59799.64,684.0,0.5,38,South,1
53,Female,52291.98,669.0,0.57,30,East,1
42,Female,36294.49,679.0,0.63,19,South,0
39,Female,50453.34,514.0,0.83,18,South,0
31,Male,70428.33,605.0,0.89,8,North,0
58,Female,45041.2,671.0,0.81,35,South,0
61,Male,64774.94,685.0,0.74,37,South,1
34,Female,64806.5,593.0,0.4,11,South,1
45,Female,65198.09,511.0,0.48,21,South,1
48,Female,70256.76,710.0,0.34,28,West,1
64,Female,53057.59,659.0,0.78,40,West,1
73,Male,38325.59,639.0,0.5,45,South,1
49,Male,41078.2,589.0,0.77,25,South,0
58,Female,44651.25,643.0,0.78,34,East,0
34,Female,91992.07,607.0,0.69,11,South,1
33,Male,31286.27,624.0,0.37,12,South,1
73,Female,40224.12,443.0,0.56,45,West,1
38,Female,67166.36,578.0,0.37,17,South,1
71,Female,61800.87,646.0,0.83,45,South,1
62,Male,35591.89,676.0,0.44,42,South,1
60,Male,68574.0,702.0,0.87,38,West,1
39,Female,49069.46,766.0,0.78,19,South,0
66,Male,33819.16,717.0,0.76,45,North,1
51,Female,65391.0,624.0,0.67,31,South,1
40,Male,60651.76,566.0,0.79,16,East,0
34,Male,59314.1,603.0,0.49,13,East,1
39,Male,51778.75,626.0,0.84,16,South,0
67,Male,78721.85,624.0,0.6,43,East,1
43,Female,62166.42,679.0,0.71,20,East,1
39,Female,28706.08,682.0,0.44,16,West,1
42,Male,56389.81,558.0,0.54,19,West,1
74,Male,53137.34,719.0,0.66,45,South,1
39,Male,60547.76,680.0,0.71,18,South,1
40,Male,84504.09,614.0,0.86,20,South,1
70,Female,58222.85,598.0,0.68,45,West,1
63,Female,49078.35,543.0,0.46,42,East,1
53,Male,37128.25,724.0,0.5,30,South,1
67,Female,66572.65,638.0,0.47,45,East,1
39,Female,52710.89,715.0,0.58,18,East,1
46,Female,51348.15,642.0,0.34,24,South,1
44,Male,59817.64,570.0,0.4,21,South,1
42,Male,69420.05,544.0,0.76,21,West,0
35,Female,81622.98,583.0,0.35,12,North,1
41,Male,39795.98,698.0,0.63,20,South,0
49,Female,78175.13,685.0,0.41,28,North,1
31,Male,41382.75,744.0,0.39,8,South,1
73,Female,70401.2,575.0,0.9,45,West,1
39,Female,38095.08,618.0,0.84,17,West,0
36,Female,50897.85,585.0,0.56,13,West,0
52,Female,99853.58,640.0,0.72,28,South,1
65,Male,56485.05,581.0,0.81,45,South,1
69,Male,87374.29,552.0,0.34,45,South,1
68,Male,94023.64,589.0,0.58,45,South,1
41,Female,53058.24,575.0,0.31,17,West,1
74,Male,60166.42,518.0,0.62,45,South,1
43,Female,52387.45,787.0,0.39,19,East,1
70,Female,65805.47,619.0,0.9,45,West,1
64,Female,51550.6,657.0,0.52,44,West,1
44,Female,38744.35,438.0,0.64,22,East,0
29,Male,66036.37,468.0,0.72,7,East,0
31,Male,82673.89,586.0,0.84,8,North,0
69,Female,46000.03,602.0,0.63,45,South,1
45,Male,32710.92,664.0,0.66,25,South,0
72,Female,60600.92,664.0,0.34,45,South,1
63,Female,62111.75,599.0,0.65,40,East,1
39,Female,39275.93,601.0,0.37,15,North,1
33,Male,40515.95,676.0,0.35,12,South,1
36,Male,54212.79,649.0,0.41,14,East,1
44,Male,61130.59,840.0,0.35,21,East,1
46,Female,33579.41,712.0,0.7,22,South,0
36,Female,76172.02,602.0,0.86,15,North,0
34,Male,67011.31,767.0,0.83,11,South,0
64,Female,68826.73,682.0,0.76,42,South,1
69,Female,48992.92,500.0,0.44,45,South,1
35,Male,47763.68,638.0,0.51,12,East,1
45,Male,83408.75,567.0,0.44,25,North,1
53,Female,47603.61,703.0,0.39,33,West,1
54,Female,47419.33,655.0,0.51,34,South,1
59,Male,59227.58,839.0,0.53,35,South,1
46,Male,57803.84,653.0,0.63,22,South,1
41,Male,62401.47,651.0,0.48,20,East,1
48,Female,29805.65,698.0,0.82,26,South,0
70,Female,65114.09,644.0,0.66,45,East,1
31,Male,48671.85,731.0,0.67,9,East,0
49,Male,42028.9,636.0,0.78,26,North,0
59,Male,62999.48,708.0,0.44,35,South,1
67,Female,71148.44,696.0,0.45,45,South,1
31,Male,46777.19,631.0,0.81,7,South,0
46,Female,61825.9,679.0,0.8,24,South,1
72,Male,58867.78,586.0,0.47,45,South,1
42,Female,48612.6,670.0,0.71,19,South,0
51,Male,49276.53,713.0,0.84,30,East,0
33,Female,33814.36,818.0,0.78,11,East,0
34,Male,66443.59,591.0,0.86,12,South,0
50,Female,57510.63,702.0,0.31,26,South,1
34,Male,56563.88,535.0,0.63,11,North,0
50,Female,42638.12,645.0,0.59,26,East,1
49,Male,63452.77,551.0,0.56,27,North,1
49,Male,61638.19,784.0,0.79,27,South,1
59,Female,71968.8,704.0,0.82,36,South,1
42,Female,50817.79,666.0,0.52,21,South,1
49,Male,25000.0,665.0,0.51,27,North,1
57,Male,58019.72,436.0,0.33,35,South,1
31,Male,50648.19,612.0,0.6,11,South,0
33,Male,29438.92,673.0,0.5,13,West,0
58,Male,49975.17,763.0,0.81,35,East,1
58,Male,25000.0,685.0,0.8,35,South,0
70,Male,63567.26,548.0,0.81,45,South,1
64,Male,62125.89,612.0,0.36,41,South,1
74,Female,60518.8,677.0,0.45,45,West,1
37,Female,53701.32,537.0,0.76,13,East,0
73,Male,61117.02,712.0,0.61,45,North,1
68,Male,62517.66,567.0,0.41,45,East,1
71,Male,91132.16,633.0,0.46,45,South,1
59,Female,51344.93,746.0,0.89,38,South,1
49,Male,60312.57,619.0,0.49,27,South,1
71,Male,50501.43,523.0,0.43,45,South,1
39,Male,44129.04,603.0,0.64,15,West,0
41,Male,51011.19,669.0,0.75,20,South,0
71,Female,25000.0,635.0,0.51,45,South,1
67,Male,51200.41,673.0,0.74,45,East,1
60,Male,54489.33,699.0,0.89,36,West,1
65,Female,35968.4,567.0,0.64,42,South,1
74,Male,79212.01,548.0,0.43,45,East,1
34,Male,87402.25,560.0,0.41,12,South,1
57,Female,61972.9,546.0,0.49,35,West,1
73,Male,49280.72,582.0,0.81,45,South,1
55,Male,74941.54,664.0,0.73,33,South,1
65,Male,28385.45,478.0,0.46,44,East,1
52,Male,53279.65,621.0,0.84,32,South,0
62,Male,43934.92,562.0,0.34,42,West,1
30,Male,49277.2,641.0,0.55,6,East,0
56,Male,57310.42,718.0,0.45,32,South,1
59,Female,67288.01,574.0,0.42,37,East,1
67,Female,66927.04,677.0,0.56,45,South,1
50,Male,73541.83,759.0,0.39,29,South,1
62,Female,77018.79,597.0,0.48,42,East,1
48,Female,37383.24,628.0,0.55,27,North,1
30,Male,37571.6,717.0,0.83,10,East,0
52,Male,52513.61,706.0,0.5,30,South,1
60,Female,72825.15,754.0,0.74,40,South,1
49,Female,47583.14,617.0,0.39,26,North,1
39,Female,66999.82,690.0,0.4,16,South,1
72,Male,71236.04,657.0,0.62,45,South,1
62,Male,40201.84,563.0,0.85,41,West,0
66,Male,72653.11,574.0,0.84,44,West,1
42,Male,67289.74,604.0,0.62,20,South,1
50,Female,55600.42,540.0,0.32,29,South,1
68,Male,60570.06,608.0,0.9,44,East,1
55,Male,46935.82,662.0,0.78,35,South,1
60,Female,47808.26,730.0,0.8,38,South,1
67,Female,41664.86,504.0,0.48,45,East,1
41,Male,62933.05,622.0,0.88,19,South,0
69,Male,26608.84,587.0,0.5,45,South,1
68,Male,39845.01,562.0,0.82,45,North,0
31,Male,47235.83,721.0,0.43,10,South,1
38,Female,65390.87,644.0,0.89,15,South,0
70,Male,78436.21,499.0,0.77,45,East,1
60,Female,56773.92,726.0,0.89,39,South,1
30,Male,35316.98,616.0,0.64,10,South,0
59,Male,45678.13,617.0,0.84,36,East,0
48,Female,57839.8,625.0,0.35,26,East,1
55,Male,72611.53,623.0,0.35,33,West,1
49,Female,54180.41,625.0,0.66,29,South,1
51,Male,65243.0,623.0,0.74,28,East,1
46,Male,54631.78,739.0,0.43,24,South,1
66,Male,48911.32,516.0,0.79,45,South,1
71,Male,75206.14,598.0,0.82,45,South,1
66,Female,52860.46,684.0,0.85,45,West,1
45,Female,60701.43,615.0,0.33,23,South,1
37,Female,92902.66,786.0,0.36,17,South,1
71,Male,63470.03,659.0,0.52,45,South,1
48,Female,80269.63,700.0,0.87,28,North,1
57,Male,25000.0,676.0,0.55,36,East,1
41,Female,42176.55,619.0,0.7,17,South,0
72,Male,52698.7,654.0,0.57,45,South,1
46,Male,51185.37,647.0,0.53,23,North,1
50,Male,66679.62,721.0,0.78,27,South,1
43,Female,65859.94,581.0,0.82,21,East,0
38,Male,74639.18,646.0,0.34,16,South,1
61,Female,26106.68,598.0,0.48,37,South,1
43,Female,70520.01,448.0,0.67,19,South,0
72,Male,25000.0,803.0,0.58,45,West,1
67,Female,25000.0,485.0,0.56,45,East,1
41,Female,51815.21,775.0,0.47,20,South,1
67,Male,28710.82,659.0,0.89,45,East,0
55,Female,42313.78,677.0,0.49,33,North,1
74,Female,40052.95,673.0,0.88,45,North,1
74,Female,29454.63,720.0,0.34,45,North,1
70,Male,35344.09,706.0,0.53,45,West,1
36,Female,67529.49,676.0,0.33,15,West,1
40,Female,59146.06,682.0,0.61,18,South,1
60,Female,32516.91,761.0,0.85,36,East,0
32,Male,39623.83,563.0,0.31,8,East,1
53,Male,58850.14,632.0,0.45,29,West,1
59,Female,55292.48,665.0,0.56,37,West,1
60,Female,27199.43,579.0,0.36,38,South,1
55,Female,62652.38,447.0,0.53,34,West,1
34,Male,44271.16,631.0,0.78,10,South,0
65,Female,57155.5,619.0,0.39,41,East,1
44,Male,57749.53,580.0,0.48,24,South,1
70,Male,36172.38,622.0,0.52,45,West,1
44,Male,61043.52,739.0,0.74,24,East,1
55,Male,61231.39,601.0,0.79,34,South,1
74,Female,62978.94,530.0,0.56,45,South,1
71,Female,49354.16,671.0,0.86,45,West,1
72,Male,77850.89,571.0,0.75,45,South,1
50,Female,37450.03,694.0,0.79,28,South,0
40,Male,52405.34,576.0,0.73,16,South,0
63,Male,32073.81,648.0,0.45,42,West,1
53,Male,54760.43,736.0,0.52,29,South,1
59,Male,71518.89,720.0,0.35,36,South,1
37,Male,25000.0,585.0,0.5,15,South,0
56,Female,25000.0,544.0,0.64,35,West,0
54,Female,89066.6,502.0,0.89,30,East,1
45,Male,69438.19,756.0,0.69,25,North,1
73,Female,77459.81,740.0,0.35,45,East,1
54,Male,43205.61,610.0,0.62,32,South,1
47,Female,44019.66,576.0,0.6,23,South,0
52,Female,47760.18,824.0,0.55,31,South,1
43,Female,38641.16,659.0,0.89,23,South,0
59,Female,46742.33,547.0,0.84,35,South,0
36,Male,37077.66,742.0,0.78,15,South,0
34,Female,53509.89,602.0,0.89,11,South,0
55,Female,49295.01,553.0,0.86,35,North,0
47,Female,66196.55,635.0,0.31,26,South,1
45,Male,64324.8,452.0,0.39,25,South,1
58,Female,57838.06,544.0,0.84,34,South,0
63,Male,51567.82,574.0,0.67,39,East,1
71,Female,78298.91,558.0,0.77,45,South,1
56,Male,25000.0,545.0,0.84,33,South,0
55,Male,31201.57,702.0,0.36,32,North,1
66,Female,64862.81,581.0,0.61,44,North,1
44,Male,62646.98,658.0,0.78,20,South,0
30,Female,25000.0,683.0,0.76,7,South,0
60,Male,51522.95,616.0,0.78,37,South,1
49,Female,25000.0,551.0,0.3,26,East,1
59,Female,37738.01,634.0,0.61,35,South,1
61,Male,61815.58,673.0,0.59,41,East,1
61,Female,40131.02,574.0,0.32,38,South,1
31,Female,73750.81,577.0,0.38,9,South,1
51,Female,85291.96,518.0,0.4,27,West,1
36,Male,74604.16,606.0,0.64,14,South,1
28,Male,45701.12,535.0,0.56,4,North,0
74,Female,93224.03,708.0,0.79,45,East,1
35,Female,53870.35,688.0,0.49,11,East,1
36,Male,58136.99,720.0,0.87,16,East,0
43,Male,72037.52,728.0,0.84,23,East,1
70,Male,36728.43,604.0,0.62,45,South,1
69,Male,35818.49,501.0,0.79,45,West,0
38,Male,60722.94,524.0,0.78,16,East,0
69,Male,84641.76,475.0,0.41,45,West,1
54,Female,49806.24,614.0,0.53,31,South,1
40,Male,56204.57,565.0,0.68,20,South,0
36,Male,85789.12,630.0,0.38,13,West,1
51,Male,25000.0,583.0,0.72,29,East,0
48,Male,39096.96,618.0,0.59,25,South,1
64,Male,66011.74,549.0,0.43,40,South,1
72,Male,62198.04,595.0,0.88,45,South,1
50,Female,55166.78,760.0,0.8,29,South,1
29,Female,69994.27,528.0,0.86,5,South,0
68,Female,30258.18,700.0,0.51,45,South,1
52,Male,27399.07,550.0,0.86,32,South,0
40,Male,70202.0,551.0,0.78,19,South,0
51,Female,50745.58,515.0,0.56,28,West,1
67,Female,62972.23,764.0,0.67,45,East,1
68,Male,57533.28,561.0,0.58,45,South,1
39,Male,52327.4,578.0,0.89,19,South,0
48,Female,48785.26,522.0,0.81,27,West,0
45,Male,62019.31,587.0,0.65,25,South,1
51,Male,45582.85,584.0,0.7,27,East,0
33,Male,47532.27,781.0,0.51,13,South,1
63,Male,66088.29,480.0,0.44,41,South,1
51,Male,44996.37,562.0,0.76,30,South,0
66,Male,30156.48,596.0,0.8,43,South,0
72,Male,67688.85,545.0,0.6,45,South,1
68,Male,31493.22,645.0,0.78,45,South,1
64,Male,44244.85,692.0,0.56,41,North,1
58,Female,25000.0,721.0,0.8,36,South,0
33,Male,34301.28,628.0,0.42,9,South,0
54,Female,25000.0,699.0,0.54,31,South,1
30,Male,27273.43,550.0,0.72,10,West,0
52,Female,52980.45,650.0,0.83,30,South,0
41,Male,78453.22,567.0,0.68,17,West,1
28,Female,54218.47,715.0,0.39,4,East,1
62,Female,80526.92,672.0,0.69,41,North,1
74,Male,60287.77,679.0,0.69,45,West,1
73,Female,38317.05,595.0,0.89,45,East,0
60,Female,37080.42,576.0,0.45,38,South,1
59,Female,69311.55,625.0,0.77,39,South,1
51,Male,44059.34,539.0,0.83,30,South,0
37,Male,76687.14,751.0,0.34,17,South,1
61,Male,74681.28,560.0,0.66,40,South,1
46,Male,39948.82,679.0,0.32,23,East,1
39,Female,97220.25,761.0,0.64,19,North,1
36,Male,25000.0,490.0,0.54,14,East,0
33,Male,51006.74,516.0,0.46,13,West,1
28,Female,60746.54,641.0,0.74,5,South,0
50,Male,92422.45,565.0,0.57,28,East,1
47,Male,52005.27,748.0,0.79,27,South,1
51,Male,58764.58,713.0,0.82,30,South,1
47,Female,32313.46,714.0,0.85,23,South,0
42,Male,27390.3,452.0,0.4,18,South,0
36,Female,37317.32,607.0,0.47,13,South,0
73,Male,52097.31,615.0,0.71,45,West,1
57,Female,63359.98,574.0,0.58,36,East,1
46,Female,50462.3,634.0,0.42,24,South,1
49,Male,61697.38,569.0,0.87,26,South,0
60,Male,57121.68,517.0,0.33,38,East,1
44,Female,105180.57,697.0,0.84,23,South,1
38,Male,84796.57,626.0,0.59,17,West,1
38,Female,73779.75,719.0,0.55,18,South,1
30,Female,26581.0,644.0,0.65,6,West,0
62,Male,74034.24,452.0,0.83,38,East,1
56,Male,54522.58,698.0,0.49,36,East,1
39,Male,28290.17,612.0,0.57,17,South,0
42,Female,87481.33,729.0,0.82,18,North,1
63,Female,57719.43,556.0,0.63,43,West,1
28,Male,42899.11,674.0,0.36,8,East,1
52,Male,66527.1,679.0,0.64,30,East,1
55,Female,66835.96,524.0,0.88,34,West,0
70,Male,94259.17,775.0,0.77,45,North,1
56,Male,30087.53,630.0,0.49,36,South,1
69,Male,25000.0,651.0,0.3,45,South,1
33,Female,53676.85,557.0,0.36,9,East,1
35,Female,42361.57,617.0,0.79,12,South,0
62,Female,40569.38,608.0,0.52,41,East,1
30,Female,47636.72,633.0,0.54,8,South,0
43,Female,42922.74,758.0,0.9,21,East,0
40,Female,71088.61,759.0,0.82,20,South,1
38,Female,40199.55,594.0,0.69,15,East,0
42,Male,25000.0,538.0,0.49,19,West,0
68,Male,51124.32,587.0,0.47,45,West,1
53,Female,42843.8,635.0,0.46,33,South,1
71,Female,45888.77,554.0,0.72,45,South,1
44,Female,56561.66,693.0,0.63,24,West,1
39,Male,56026.25,637.0,0.33,15,South,1
51,Female,59279.75,536.0,0.8,30,South,0
48,Female,25000.0,655.0,0.6,28,West,0
41,Male,37356.67,707.0,0.78,17,South,0
56,Male,62721.22,540.0,0.52,35,East,1
43,Female,39734.51,641.0,0.3,23,West,1
34,Female,48097.4,577.0,0.55,14,West,0
56,Female,34643.68,666.0,0.42,34,North,1
73,Male,47353.01,595.0,0.84,45,North,1
55,Male,99246.14,648.0,0.43,35,East,1
61,Male,78916.52,690.0,0.74,41,East,1
35,Female,58154.14,642.0,0.46,12,East,1
60,Female,48918.06,619.0,0.31,40,East,1
30,Female,42723.17,596.0,0.6,10,South,0
73,Female,52428.39,452.0,0.42,45,West,1
51,Male,65535.62,800.0,0.61,28,East,1
35,Female,25000.0,608.0,0.69,14,South,0
55,Female,78748.29,518.0,0.36,31,South,1
67,Male,25000.0,562.0,0.71,45,East,0
41,Female,71375.25,668.0,0.82,20,East,1
47,Female,57756.23,761.0,0.87,24,East,1
63,Male,56872.34,570.0,0.49,39,South,1
70,Male,85033.14,593.0,0.76,45,West,1
72,Male,96640.69,629.0,0.55,45,West,1
55,Female,73849.09,735.0,0.78,35,South,1
51,Male,67691.9,666.0,0.41,27,West,1
72,Male,33748.93,653.0,0.58,45,South,1
45,Female,33540.23,685.0,0.81,22,South,0
45,Male,82486.32,702.0,0.37,25,East,1
63,Male,58541.7,597.0,0.84,43,South,1
37,Female,51862.18,608.0,0.79,16,South,0
53,Female,75893.13,528.0,0.59,29,South,1
74,Female,39132.27,558.0,0.36,45,South,1
61,Female,46863.7,664.0,0.41,41,South,1
70,Male,54523.56,584.0,0.64,45,North,1
59,Female,77630.02,579.0,0.49,38,North,1
45,Female,70259.1,792.0,0.36,21,South,1
28,Male,69158.93,577.0,0.88,6,East,0
37,Female,78538.09,624.0,0.45,15,South,1
49,Male,85587.37,630.0,0.9,26,South,1
46,Male,69411.44,716.0,0.84,22,West,1
30,Female,71088.55,496.0,0.63,6,South,0
52,Female,36246.53,555.0,0.57,32,South,1
71,Male,55156.4,640.0,0.68,45,South,1
37,Female,41788.97,567.0,0.43,13,South,1
29,Female,38188.26,554.0,0.41,9,South,0
56,Female,25000.0,545.0,0.5,35,West,1
32,Male,46244.0,591.0,0.51,8,South,0
57,Male,25000.0,604.0,0.65,34,West,0
60,Female,47167.16,507.0,0.52,36,West,1
71,Female,62320.06,571.0,0.71,45,South,1
40,Male,54782.75,749.0,0.48,20,South,1
40,Female,25787.89,482.0,0.8,18,South,0
68,Male,67495.25,683.0,0.33,45,South,1
70,Male,31838.43,709.0,0.38,45,West,1
40,Male,63207.5,842.0,0.85,20,West,1
67,Female,56472.27,660.0,0.44,45,West,1
45,Female,66693.66,693.0,0.32,24,South,1
32,Female,74661.47,513.0,0.5,9,South,1
44,Male,52645.43,539.0,0.3,21,South,1
63,Male,60047.58,599.0,0.4,40,East,1
51,Male,54550.84,713.0,0.39,27,South,1
64,Male,67412.27,718.0,0.71,43,South,1
40,Male,66039.54,568.0,0.77,18,West,0
54,Female,40130.39,690.0,0.74,32,West,1
42,Male,54465.98,676.0,0.61,19,North,1
52,Female,25000.0,685.0,0.49,29,North,1
29,Male,40647.25,637.0,0.86,5,South,0
73,Male,39502.89,677.0,0.73,45,South,1
28,Female,58345.29,645.0,0.4,6,South,1
62,Female,47944.43,622.0,0.44,38,West,1
61,Female,37740.89,542.0,0.83,41,East,0
29,Female,45821.33,518.0,0.8,5,West,0
52,Female,77507.42,723.0,0.84,31,South,1
73,Female,30510.08,663.0,0.36,45,North,1
70,Female,61275.28,543.0,0.88,45,West,1
64,Male,47931.12,562.0,0.44,41,South,1
66,Female,50773.55,757.0,0.4,44,West,1
41,Male,57405.05,558.0,0.74,17,South,0
37,Female,51911.27,495.0,0.81,15,South,0
50,Female,25000.0,615.0,0.81,30,West,0
37,Female,45252.0,776.0,0.38,17,East,1
42,Male,71530.62,711.0,0.85,20,East,1
30,Male,57434.44,583.0,0.46,10,West,1
28,Male,59609.28,613.0,0.88,4,South,0
50,Female,37950.3,512.0,0.86,28,West,0
66,Male,42747.3,571.0,0.84,44,West,0
36,Male,74466.67,496.0,0.59,15,North,1
64,Male,52286.37,746.0,0.64,41,South,1
51,Female,64478.13,588.0,0.41,31,East,1
51,Male,37864.25,741.0,0.74,29,West,1
31,Female,52622.92,464.0,0.54,7,West,0
70,Male,59393.85,547.0,0.87,45,South,1
58,Male,50463.83,645.0,0.51,35,South,1
59,Male,35190.59,693.0,0.83,36,South,0
31,Male,25000.0,573.0,0.6,7,North,0
57,Female,63667.96,649.0,0.59,36,South,1
38,Male,25000.0,676.0,0.38,15,South,1
43,Female,87577.11,593.0,0.53,21,South,1
40,Female,83052.78,496.0,0.57,16,West,1
45,Female,62742.44,557.0,0.89,22,West,0
47,Female,52460.05,702.0,0.67,23,West,1
69,Male,45880.54,647.0,0.52,45,South,1
34,Male,42733.42,692.0,0.84,11,South,0
41,Male,86765.48,605.0,0.81,19,South,1
47,Male,54679.98,672.0,0.75,25,South,1
38,Male,74489.88,611.0,0.38,16,South,1
29,Female,44887.42,614.0,0.8,8,South,0
54,Male,49067.31,525.0,0.56,33,South,1
52,Male,40810.14,633.0,0.72,31,East,0
71,Female,25000.0,639.0,0.44,45,South,1
34,Male,57403.63,650.0,0.35,14,South,1
68,Male,39565.67,727.0,0.72,45,East,1
60,Female,49826.46,508.0,0.6,40,South,1
72,Male,78672.69,599.0,0.33,45,West,1
67,Male,75077.5,532.0,0.78,43,East,1
34,Male,60743.76,668.0,0.81,14,West,0
55,Female,27533.77,713.0,0.72,33,North,0
50,Male,38802.68,607.0,0.51,28,South,1
31,Female,53783.91,563.0,0.34,9,West,1
65,Female,56322.31,722.0,0.66,41,East,1
54,Male,70200.02,500.0,0.66,31,South,1
44,Male,48216.28,617.0,0.64,22,South,0
64,Female,25000.0,670.0,0.35,41,South,1
54,Female,25000.0,628.0,0.35,31,East,1
49,Male,44346.12,637.0,0.58,27,South,1
61,Male,59534.35,627.0,0.33,41,South,1
74,Male,32439.56,564.0,0.32,45,South,1
34,Female,72059.59,569.0,0.51,13,North,1
29,Male,84753.43,734.0,0.72,6,East,1
68,Male,64476.27,591.0,0.39,45,East,1
51,Female,58116.94,648.0,0.32,31,West,1
52,Female,31362.16,599.0,0.85,28,South,0
48,Female,55969.04,741.0,0.32,24,West,1
50,Male,43998.29,708.0,0.6,29,South,1
34,Female,92659.19,736.0,0.46,12,South,1
73,Female,54548.09,825.0,0.86,45,East,1
56,Male,67777.25,564.0,0.83,35,South,1
32,Female,73333.67,627.0,0.58,9,South,1
36,Female,25000.0,623.0,0.59,14,East,0
60,Female,36484.01,520.0,0.33,38,East,1
71,Male,47643.21,628.0,0.57,45,East,1
57,Male,54211.21,456.0,0.41,37,South,1
34,Female,75196.48,484.0,0.35,11,South,1
71,Male,25000.0,386.0,0.49,45,South,0
63,Female,81307.38,512.0,0.72,41,South,1
29,Male,38511.8,486.0,0.81,5,East,0
29,Female,25000.0,509.0,0.52,9,South,0
44,Male,68060.18,575.0,0.36,23,South,1
29,Male,44855.42,477.0,0.8,7,West,0
64,Male,56414.42,619.0,0.74,40,West,1
39,Female,74581.81,636.0,0.81,17,West,0
34,Female,63471.37,748.0,0.78,14,South,1
31,Female,32062.62,819.0,0.55,11,West,1
64,Male,81310.9,706.0,0.53,43,South,1
51,Male,48674.04,601.0,0.85,27,North,0
39,Female,33550.23,682.0,0.55,19,East,1
44,Female,49922.4,584.0,0.33,21,South,1
46,Female,45380.2,666.0,0.42,26,South,1
60,Male,38796.22,603.0,0.83,36,North,0
64,Female,75380.07,636.0,0.48,42,East,1
70,Female,76663.82,629.0,0.31,45,South,1
50,Female,64343.88,675.0,0.87,26,South,0
41,Male,73438.54,640.0,0.89,18,South,0
64,Female,64115.24,680.0,0.51,42,East,1
43,Female,66947.56,727.0,0.34,21,West,1
66,Female,48590.67,558.0,0.33,45,West,1
72,Male,45432.77,668.0,0.62,45,West,1
73,Female,86420.4,453.0,0.8,45,East,1
70,Male,31275.47,850.0,0.31,45,South,1
67,Male,56726.12,578.0,0.56,45,East,1
38,Male,69749.74,645.0,0.49,17,West,1
66,Male,77523.72,704.0,0.35,43,East,1
43,Female,58206.22,595.0,0.81,19,West,0
67,Female,63969.66,742.0,0.32,45,West,1
55,Female,40606.48,639.0,0.86,32,West,0
46,Female,50149.17,552.0,0.32,25,South,1
41,Male,67787.73,656.0,0.36,20,South,1
47,Male,27260.3,592.0,0.61,24,West,0
41,Female,52682.41,410.0,0.49,18,North,0
37,Female,68347.54,453.0,0.44,16,South,1
71,Male,62152.88,562.0,0.52,45,East,1
73,Male,35661.94,569.0,0.61,45,South,1
28,Male,51744.57,850.0,0.73,7,East,0
73,Female,32216.26,608.0,0.5,45,South,1
38,Male,56935.29,675.0,0.32,17,West,1
67,Male,43190.19,606.0,0.41,43,South,1
41,Female,53411.82,678.0,0.77,19,West,0
36,Female,65546.01,585.0,0.47,14,East,1
62,Female,40376.11,625.0,0.66,40,East,1
28,Male,36817.62,690.0,0.73,8,North,0
37,Male,30173.86,568.0,0.62,14,West,0
71,Male,34917.87,573.0,0.54,45,West,1
59,Male,66740.77,614.0,0.69,39,East,1
47,Male,64138.86,399.0,0.72,24,South,0
53,Female,71501.87,618.0,0.54,33,South,1
30,Female,83657.94,667.0,0.48,10,East,1
53,Female,55240.05,431.0,0.67,33,South,0
50,Male,62219.2,619.0,0.65,27,West,1
37,Female,78602.89,709.0,0.51,15,East,1
35,Male,36227.02,726.0,0.76,15,South,0
70,Female,61424.63,831.0,0.89,45,North,1
48,Male,56984.12,778.0,0.6,25,East,1
69,Male,71786.64,672.0,0.56,45,South,1
57,Female,45710.59,808.0,0.59,35,West,1
56,Female,47761.08,747.0,0.39,35,West,1
39,Male,41766.55,772.0,0.77,16,South,0
66,Female,50890.23,768.0,0.72,43,West,1
72,Female,88129.19,587.0,0.84,45,South,1
47,Male,47578.4,850.0,0.36,26,South,1
31,Male,29632.16,571.0,0.61,7,West,0
56,Female,25000.0,634.0,0.84,32,South,0
43,Female,46477.73,725.0,0.76,20,South,0
35,Male,25997.67,518.0,0.78,11,East,0
57,Female,43876.25,621.0,0.44,35,North,1
53,Male,75919.87,619.0,0.41,33,West,1
61,Male,58133.27,578.0,0.35,39,South,1
65,Male,55270.12,603.0,0.48,41,South,1
71,Female,56565.56,815.0,0.89,45,South,1
38,Male,56873.3,613.0,0.51,14,West,1
62,Male,50435.01,683.0,0.7,40,South,1
73,Male,44737.12,568.0,0.67,45,South,1
36,Female,93010.21,533.0,0.65,14,West,1
61,Male,37722.37,587.0,0.79,38,South,0
45,Female,55569.59,691.0,0.64,24,South,1
68,Male,71159.17,546.0,0.32,44,West,1
67,Female,55733.59,646.0,0.88,44,West,1
40,Male,80263.77,741.0,0.51,19,West,1
71,Female,62897.66,570.0,0.79,45,North,1
71,Female,76375.63,592.0,0.79,45,South,1
47,Female,50589.03,668.0,0.53,27,South,1
66,Male,68057.97,599.0,0.34,45,East,1
42,Female,67700.85,674.0,0.35,22,South,1
49,Male,45257.79,602.0,0.32,27,South,1
74,Female,59672.63,708.0,0.6,45,South,1
63,Male,88262.04,613.0,0.38,43,East,1
52,Male,41420.97,566.0,0.85,29,South,0
62,Male,53303.47,661.0,0.54,39,West,1
28,Female,71329.49,732.0,0.66,4,South,1
50,Female,67625.55,680.0,0.48,30,West,1
55,Female,40498.8,686.0,0.43,33,South,1
60,Female,42478.56,509.0,0.59,37,South,1
28,Female,58351.82,501.0,0.65,7,North,0
74,Female,71972.82,635.0,0.39,45,South,1
73,Female,61138.27,738.0,0.83,45,South,1
36,Male,39518.5,621.0,0.31,12,South,1
56,Female,52852.44,804.0,0.35,33,South,1
37,Male,54694.75,579.0,0.34,13,South,1
69,Male,51335.02,711.0,0.6,45,South,1
66,Male,45683.5,669.0,0.8,45,South,1
63,Male,73372.14,621.0,0.46,43,South,1
33,Female,25000.0,681.0,0.43,9,West,0
64,Female,50272.23,752.0,0.37,42,East,1
70,Male,42719.79,618.0,0.52,45,South,1
39,Female,90534.29,692.0,0.52,18,West,1
57,Male,45896.69,535.0,0.61,35,South,1
40,Female,53392.41,700.0,0.8,16,West,0
59,Female,40367.43,668.0,0.44,35,East,1
58,Female,50323.55,505.0,0.55,37,South,1
34,Male,66430.41,668.0,0.77,13,East,0
71,Male,51122.41,640.0,0.57,45,South,1
37,Male,96657.62,694.0,0.32,16,North,1
55,Male,68514.83,699.0,0.57,33,South,1
57,Female,81061.68,611.0,0.88,36,South,1
45,Male,25000.0,551.0,0.56,24,South,0
58,Male,50733.49,562.0,0.4,36,South,1
74,Male,59334.34,690.0,0.35,45,West,1
63,Female,37659.52,555.0,0.4,41,South,1
74,Male,72419.73,669.0,0.43,45,West,1
46,Female,68268.38,551.0,0.65,23,South,1
46,Male,47647.99,770.0,0.42,23,South,1
46,Female,81484.89,567.0,0.36,25,South,1
46,Male,63041.39,628.0,0.38,23,East,1
73,Male,63011.9,614.0,0.88,45,South,1
56,Male,62790.62,703.0,0.46,36,South,1
46,Female,58894.02,749.0,0.63,25,South,1
47,Female,91101.79,574.0,0.73,27,South,1
48,Male,70453.97,561.0,0.77,24,East,1
58,Male,37454.17,476.0,0.8,35,South,0
32,Male,59280.31,558.0,0.75,8,South,0
37,Male,58479.9,606.0,0.61,14,South,1
61,Male,44455.05,614.0,0.72,38,South,1
61,Female,92567.41,564.0,0.7,38,East,1
65,Female,52543.42,610.0,0.45,45,West,1
45,Female,25000.0,677.0,0.84,22,East,0
60,Female,37902.3,650.0,0.51,39,West,1
62,Male,57891.61,731.0,0.82,40,East,1
57,Male,56601.57,771.0,0.83,34,South,1
61,Male,30449.92,465.0,0.84,38,West,0
68,Male,65112.45,672.0,0.63,45,South,1
43,Male,36485.08,637.0,0.85,20,East,0
44,Female,57119.98,555.0,0.81,20,South,0
63,Male,55299.47,671.0,0.62,40,West,1
61,Female,30150.63,582.0,0.64,40,South,1
68,Male,34266.8,527.0,0.79,45,South,0
38,Male,28016.22,661.0,0.51,18,West,0
41,Female,39352.69,776.0,0.62,20,South,1
39,Male,63463.72,640.0,0.34,18,West,1
69,Male,52772.5,620.0,0.6,45,East,1
56,Female,57434.14,597.0,0.65,35,South,1
64,Female,64053.11,477.0,0.84,41,South,0
46,Female,63947.91,682.0,0.59,24,South,1
37,Male,60861.33,671.0,0.64,14,East,1
43,Male,77299.46,656.0,0.59,23,East,1
43,Female,55744.16,605.0,0.75,19,South,0
45,Female,66047.5,665.0,0.63,23,East,1
34,Male,77657.95,765.0,0.34,11,West,1
35,Male,79267.52,598.0,0.7,11,South,1
72,Male,45336.52,713.0,0.83,45,North,1
60,Male,36163.8,628.0,0.66,40,South,1
57,Male,74840.47,599.0,0.53,36,North,1
58,Female,57355.14,617.0,0.74,36,North,1
30,Female,41606.76,459.0,0.77,7,South,0
35,Female,29993.08,576.0,0.87,12,West,0
49,Male,41116.67,631.0,0.64,25,West,0
42,Female,59776.19,687.0,0.54,22,South,1
57,Female,37979.49,681.0,0.39,37,West,1
73,Male,47671.82,647.0,0.49,45,South,1
48,Male,26056.91,613.0,0.77,26,South,0
45,Male,36597.73,665.0,0.34,25,South,1
35,Male,70345.57,618.0,0.79,11,East,0
34,Female,35028.0,793.0,0.73,10,South,0
69,Male,85189.57,630.0,0.43,45,East,1
31,Female,48004.34,593.0,0.89,10,South,0
57,Female,36175.89,714.0,0.4,34,East,1
39,Male,31231.42,636.0,0.59,15,East,0
63,Female,44977.32,702.0,0.73,40,East,1
35,Female,37510.47,439.0,0.8,11,East,0
35,Male,38728.65,642.0,0.33,14,East,1
60,Male,25039.41,669.0,0.86,37,West,0
35,Female,85230.2,726.0,0.38,11,East,1
37,Female,78971.93,522.0,0.55,16,East,1
59,Female,59363.54,634.0,0.8,38,South,1
71,Female,35656.41,518.0,0.85,45,South,0
57,Female,31051.39,616.0,0.34,36,East,1
45,Male,43424.86,578.0,0.66,21,West,0
58,Male,79571.44,689.0,0.57,34,South,1
32,Female,56454.68,546.0,0.58,12,South,0
33,Female,61038.23,485.0,0.45,9,South,1
66,Female,80950.29,611.0,0.49,45,South,1
65,Female,67773.02,542.0,0.37,44,West,1
62,Male,28250.98,633.0,0.67,41,South,1
50,Female,71405.14,766.0,0.66,28,South,1
34,Male,71750.28,584.0,0.42,11,South,1
47,Female,60460.53,574.0,0.67,23,South,1
35,Female,54285.8,686.0,0.33,14,East,1
30,Male,70982.67,609.0,0.69,6,East,0
47,Male,68477.92,815.0,0.76,25,West,1
50,Male,25000.0,655.0,0.45,27,South,1
39,Male,67578.35,506.0,0.73,16,North,0
57,Female,57238.63,520.0,0.31,35,East,1
31,Female,49212.27,580.0,0.36,8,South,1
48,Female,43584.75,678.0,0.55,24,South,1
33,Female,80096.2,454.0,0.57,12,South,1
48,Female,69928.03,575.0,0.48,27,South,1
69,Male,30106.28,718.0,0.8,45,South,1
35,Male,69789.8,850.0,0.6,13,South,1
33,Female,38641.08,564.0,0.67,9,West,0
47,Female,28718.92,575.0,0.89,24,South,0
59,Male,85948.0,600.0,0.81,37,South,1
56,Female,53187.9,654.0,0.39,35,South,1
32,Female,29742.47,606.0,0.83,8,West,0
53,Male,50717.85,620.0,0.51,33,East,1
43,Female,82815.23,611.0,0.47,23,West,1
46,Male,74906.19,673.0,0.85,26,West,1
51,Female,63916.86,701.0,0.61,30,South,1
59,Male,60315.2,558.0,0.8,35,East,1
65,Female,56345.25,572.0,0.34,42,South,1
63,Male,34637.81,676.0,0.87,39,South,0
53,Male,71567.03,689.0,0.82,32,East,1
61,Male,62716.86,630.0,0.82,38,West,1
63,Female,40322.59,541.0,0.36,40,South,1
39,Female,36372.61,698.0,0.39,17,South,1
63,Female,40198.47,530.0,0.8,42,West,0
55,Female,77793.55,699.0,0.44,34,South,1
72,Female,36666.68,569.0,0.5,45,North,1
36,Female,45149.01,657.0,0.51,14,South,1
66,Male,63523.14,551.0,0.61,44,South,1
40,Female,62766.01,554.0,0.38,19,South,1
54,Male,25000.0,503.0,0.76,34,West,0
35,Male,53237.85,545.0,0.52,11,West,0
57,Female,51890.41,728.0,0.68,34,South,1
29,Female,73803.85,564.0,0.86,7,South,0
74,Female,45840.78,518.0,0.38,45,East,1
67,Male,73028.93,484.0,0.65,45,East,1
44,Female,49949.91,658.0,0.31,20,South,1
29,Female,46901.35,614.0,0.54,8,South,0
59,Male,48752.94,542.0,0.37,35,South,1
44,Female,41717.27,698.0,0.34,21,South,1
39,Male,46695.75,586.0,0.36,16,West,1
68,Female,45651.6,676.0,0.43,45,South,1
58,Female,71713.81,568.0,0.81,37,South,1
57,Male,81633.37,573.0,0.5,36,South,1
43,Male,85367.31,673.0,0.46,20,South,1
30,Female,72809.23,711.0,0.86,6,West,0
72,Male,68324.66,696.0,0.66,45,South,1
68,Female,39494.27,793.0,0.52,45,East,1
31,Female,58332.02,749.0,0.71,11,West,1
29,Female,52476.76,578.0,0.9,7,East,0
38,Male,54173.17,380.0,0.73,14,South,0
34,Male,66936.53,628.0,0.35,12,West,1
51,Male,34180.06,656.0,0.5,27,West,1
52,Female,80159.27,642.0,0.33,31,West,1
46,Male,25000.0,803.0,0.9,24,South,0
39,Male,63491.55,718.0,0.75,18,South,1
46,Male,66646.57,707.0,0.84,22,South,1
53,Male,57552.67,519.0,0.44,31,South,1
36,Female,41838.55,635.0,0.71,15,East,0
63,Male,76111.42,780.0,0.45,41,South,1
50,Male,69272.15,592.0,0.45,29,South,1
32,Male,38925.09,641.0,0.42,10,South,1
45,Female,45768.16,624.0,0.69,25,South,0
49,Male,86663.08,705.0,0.49,28,South,1
54,Female,33726.38,568.0,0.76,30,South,0
68,Female,41095.84,629.0,0.33,45,South,1
30,Female,69442.7,619.0,0.85,7,West,0
29,Female,80500.15,672.0,0.45,5,East,1
70,Male,46436.96,549.0,0.34,45,South,1
28,Female,36580.96,599.0,0.73,5,South,0
48,Female,44685.73,677.0,0.55,25,South,1
69,Male,42628.59,665.0,0.64,45,South,1
35,Male,57136.52,591.0,0.37,13,West,1
40,Male,29034.4,472.0,0.61,17,West,0
42,Female,45550.93,564.0,0.69,22,South,0
50,Female,83857.65,399.0,0.9,28,West,0
47,Male,45155.41,529.0,0.74,26,South,0
29,Female,64119.98,760.0,0.38,6,South,1
49,Female,35829.93,606.0,0.63,26,West,0
54,Male,53120.54,604.0,0.37,32,South,1
68,Male,52224.31,666.0,0.45,45,South,1
71,Female,30906.46,759.0,0.8,45,South,1
48,Female,70602.91,576.0,0.78,24,South,1
41,Male,55622.82,659.0,0.67,17,South,1
42,Male,43248.02,554.0,0.77,22,West,0
29,Male,49654.25,683.0,0.63,8,North,0
31,Male,31764.81,679.0,0.78,11,East,0
69,Male,63756.66,614.0,0.76,45,South,1
42,Male,47839.77,515.0,0.86,18,South,0
42,Male,69267.01,850.0,0.72,20,East,1
51,Female,64085.33,586.0,0.86,29,South,0
42,Female,91589.69,484.0,0.58,19,South,1
73,Female,46384.42,678.0,0.63,45,South,1
33,Female,87248.75,493.0,0.31,12,East,1
51,Male,45810.38,644.0,0.32,31,South,1
36,Female,31486.33,650.0,0.82,16,South,0
39,Male,65032.03,561.0,0.54,19,South,1
47,Female,67704.43,573.0,0.44,23,East,1
53,Male,39533.28,710.0,0.57,31,West,1
64,Male,67591.26,498.0,0.67,43,East,1
59,Female,35824.86,566.0,0.83,39,North,0
41,Female,32811.53,650.0,0.6,20,South,0
31,Male,41034.06,732.0,0.68,9,West,0
73,Female,61468.1,679.0,0.78,45,South,1
59,Male,88919.19,627.0,0.56,36,East,1
43,Female,80669.9,661.0,0.81,22,West,1
34,Male,43917.28,529.0,0.38,11,East,1
65,Male,29343.16,591.0,0.77,44,South,0
73,Female,56906.38,644.0,0.6,45,South,1
67,Male,50484.05,643.0,0.33,45,East,1
72,Female,56363.13,601.0,0.63,45,East,1
55,Male,50366.57,590.0,0.47,33,North,1
39,Male,31354.74,584.0,0.34,16,South,1
70,Male,27347.16,597.0,0.78,45,East,0
34,Male,41038.52,731.0,0.89,14,South,0
66,Female,40796.57,649.0,0.63,45,East,1
64,Female,72324.81,622.0,0.4,40,South,1
42,Male,56819.44,504.0,0.57,22,East,1
56,Male,88275.94,782.0,0.38,33,South,1
48,Female,55484.52,621.0,0.7,25,North,1
29,Female,51278.38,525.0,0.89,9,West,0
37,Female,45103.66,546.0,0.69,13,South,0
53,Female,69937.43,611.0,0.59,31,South,1
68,Male,87592.77,721.0,0.73,44,North,1
70,Male,45878.14,572.0,0.32,45,North,1
68,Male,50756.51,601.0,0.53,45,East,1
29,Female,25000.0,529.0,0.6,8,South,0
73,Male,49832.55,721.0,0.73,45,South,1
70,Female,32880.59,746.0,0.63,45,South,1
52,Male,43731.82,545.0,0.43,28,South,1
58,Female,107591.64,770.0,0.74,36,South,1
70,Male,34296.52,702.0,0.86,45,East,1
70,Male,61110.96,712.0,0.41,45,South,1
45,Female,82799.74,623.0,0.4,24,South,1
55,Male,25000.0,567.0,0.7,34,West,0
28,Male,67575.21,604.0,0.48,6,West,1
62,Female,50015.17,710.0,0.78,40,South,1
34,Female,46171.32,630.0,0.45,14,South,1
73,Male,70197.84,564.0,0.43,45,North,1
50,Female,51451.51,735.0,0.5,26,East,1
54,Female,60857.13,646.0,0.83,33,South,1
68,Female,33848.5,575.0,0.48,45,South,1
28,Female,69167.79,645.0,0.48,4,South,1
38,Male,83244.0,560.0,0.81,17,East,0
37,Male,95210.29,676.0,0.73,14,South,1
38,Male,40086.27,660.0,0.86,15,East,0
62,Female,88125.3,426.0,0.66,40,South,1
46,Female,49560.7,745.0,0.87,26,South,0
70,Male,61385.15,440.0,0.43,45,South,1
41,Female,60959.83,559.0,0.73,21,East,0
73,Male,76575.41,574.0,0.66,45,South,1
73,Male,28858.51,691.0,0.46,45,South,1
69,Male,53335.76,608.0,0.71,45,South,1
55,Female,41487.31,796.0,0.36,31,East,1
64,Male,67456.21,713.0,0.68,42,South,1
46,Male,36719.47,768.0,0.56,24,East,1
60,Male,69111.97,664.0,0.68,36,South,1
33,Female,55987.96,516.0,0.88,11,South,0
43,Male,33161.83,604.0,0.76,23,South,0
70,Male,58125.24,685.0,0.44,45,South,1
35,Female,28504.71,716.0,0.58,15,North,0
69,Male,80541.97,598.0,0.41,45,South,1
59,Female,28114.31,654.0,0.88,37,West,0
47,Female,26940.43,620.0,0.81,26,South,0
49,Female,59983.57,585.0,0.47,28,North,1
49,Male,34738.32,706.0,0.5,28,East,1
71,Female,50556.06,656.0,0.86,45,South,1
72,Female,51796.62,682.0,0.81,45,West,1
35,Male,48136.18,573.0,0.89,12,West,0
51,Male,79979.51,435.0,0.35,27,South,1
31,Male,74921.78,570.0,0.6,10,West,1
35,Female,73656.39,691.0,0.68,13,West,1
67,Male,59829.25,585.0,0.67,43,North,1
53,Male,55184.44,593.0,0.74,31,West,1
39,Female,60380.31,502.0,0.89,16,South,0
73,Male,25000.0,526.0,0.65,45,North,0
53,Female,25000.0,818.0,0.79,31,West,0
73,Female,77818.78,632.0,0.73,45,South,1
50,Female,73559.79,716.0,0.34,29,East,1
58,Male,52455.13,607.0,0.32,34,East,1
54,Male,56151.1,690.0,0.4,32,West,1
55,Male,92364.69,642.0,0.75,32,South,1
49,Female,37584.71,733.0,0.8,27,South,0
69,Male,30529.82,547.0,0.83,45,West,0
34,Female,53533.4,782.0,0.46,13,South,1
63,Male,67312.24,590.0,0.81,41,North,1
36,Male,26965.41,616.0,0.34,12,South,1
39,Male,29146.22,505.0,0.71,18,South,0
44,Female,57545.15,705.0,0.65,24,South,1
71,Male,66277.7,530.0,0.77,45,South,1
55,Male,66573.57,600.0,0.32,33,South,1
31,Female,31102.79,778.0,0.76,7,South,0
43,Female,76757.24,722.0,0.47,21,West,1
66,Male,63852.92,463.0,0.42,45,South,1
28,Female,58240.73,709.0,0.8,7,South,0
72,Male,36563.61,581.0,0.51,45,North,1
67,Male,65110.72,752.0,0.71,45,South,1
48,Male,58482.38,568.0,0.58,25,South,1
72,Male,42034.68,506.0,0.59,45,East,1
28,Female,54431.62,543.0,0.87,6,South,0
34,Female,28971.13,584.0,0.39,14,North,0
51,Male,51977.87,621.0,0.77,29,East,0
64,Female,41149.57,548.0,0.5,41,West,1
50,Female,57978.6,698.0,0.39,27,West,1
65,Male,41312.51,763.0,0.64,43,South,1
28,Female,44102.67,674.0,0.73,6,South,0
33,Female,59546.85,625.0,0.86,13,North,0
31,Female,61411.8,665.0,0.76,11,South,0
69,Male,41825.24,626.0,0.82,45,North,1
52,Female,42748.25,541.0,0.68,29,West,0
60,Female,75458.55,707.0,0.62,39,South,1
32,Female,48106.0,600.0,0.46,11,West,1
33,Male,39110.08,634.0,0.5,12,South,0
56,Male,50603.09,667.0,0.4,33,South,1
53,Female,65824.27,727.0,0.84,31,South,1
49,Female,79262.46,546.0,0.8,28,East,1
33,Male,43993.23,475.0,0.38,12,South,0
32,Female,25000.0,581.0,0.35,10,West,0
49,Male,75282.66,537.0,0.86,26,East,0
66,Male,30176.9,715.0,0.62,45,South,1
40,Male,75787.65,663.0,0.85,20,East,1
35,Male,34443.43,470.0,0.84,15,South,0
72,Female,76158.59,703.0,0.47,45,South,1
58,Female,56254.88,833.0,0.67,37,South,1
61,Female,71116.42,648.0,0.5,39,South,1
37,Female,59394.37,632.0,0.39,13,West,1
54,Male,68032.64,588.0,0.34,33,South,1
44,Male,52047.05,575.0,0.33,21,West,1
42,Male,84610.96,609.0,0.54,20,West,1
32,Female,72006.19,714.0,0.82,10,North,0
32,Female,50609.79,613.0,0.67,9,South,0
49,Female,68923.97,550.0,0.35,27,South,1
49,Male,63647.19,596.0,0.86,29,East,0
60,Male,61490.04,666.0,0.85,38,West,1
51,Female,87100.97,646.0,0.89,30,West,1
31,Male,67671.86,717.0,0.31,7,North,1
54,Male,54571.4,557.0,0.5,32,South,1
43,Female,58321.07,691.0,0.58,19,South,1
53,Female,57943.1,628.0,0.34,33,North,1
63,Male,68168.49,567.0,0.85,39,South,1
41,Female,40922.18,575.0,0.82,19,North,0
69,Female,50872.55,620.0,0.58,45,South,1
46,Female,63099.0,510.0,0.61,25,East,1
48,Female,51266.48,603.0,0.58,26,South,1
38,Female,85374.12,782.0,0.84,14,West,1
47,Female,55933.69,679.0,0.72,26,South,1
53,Male,38228.57,714.0,0.3,33,West,1
65,Female,55565.43,541.0,0.5,45,West,1
54,Male,58123.74,587.0,0.72,30,South,1
40,Male,44874.72,727.0,0.7,19,West,0
55,Female,65474.72,596.0,0.74,32,North,1
72,Female,36905.46,384.0,0.9,45,East,0
65,Female,49987.22,663.0,0.78,45,West,1
35,Female,32511.8,694.0,0.41,11,South,1
46,Male,55665.24,553.0,0.88,26,South,0
52,Female,50219.12,722.0,0.59,29,East,1
32,Female,45671.16,606.0,0.64,9,West,0
70,Female,60431.59,631.0,0.49,45,West,1
46,Male,81407.83,536.0,0.47,26,West,1
62,Male,71616.86,712.0,0.31,42,South,1
71,Female,66408.63,568.0,0.36,45,South,1
35,Female,69030.25,427.0,0.33,14,South,1
43,Female,35891.54,572.0,0.51,22,North,0
63,Female,45274.62,475.0,0.75,40,East,0
50,Male,59875.62,480.0,0.48,29,North,1
49,Female,72125.61,502.0,0.74,29,South,1
47,Male,51934.21,467.0,0.85,27,South,0
67,Male,52529.82,695.0,0.83,45,East,1
37,Male,63502.15,607.0,0.44,13,East,1
42,Female,64477.6,685.0,0.68,21,South,1
60,Male,39630.36,737.0,0.45,39,North,1
30,Female,37209.7,440.0,0.62,6,South,0
56,Female,33174.61,660.0,0.53,33,South,1
65,Male,55317.14,609.0,0.47,43,South,1
29,Male,76492.45,499.0,0.45,7,South,1
50,Male,93163.12,565.0,0.72,28,South,1
69,Male,74492.87,666.0,0.36,45,South,1
70,Female,73750.65,603.0,0.33,45,East,1
71,Male,34330.56,719.0,0.48,45,East,1
71,Male,86612.6,735.0,0.46,45,West,1
72,Female,57805.32,746.0,0.83,45,South,1
72,Male,68108.36,576.0,0.61,45,South,1
61,Male,51295.9,694.0,0.7,37,South,1
30,Female,79840.08,636.0,0.49,10,South,1
73,Female,44221.9,677.0,0.81,45,East,1
30,Male,84580.68,705.0,0.85,10,South,1
41,Female,59346.35,634.0,0.57,21,South,1
59,Female,37538.28,559.0,0.47,35,East,1
73,Female,60002.83,830.0,0.34,45,East,1
74,Female,83347.59,643.0,0.63,45,South,1
50,Male,58555.82,744.0,0.34,27,West,1
42,Female,36051.02,577.0,0.88,19,South,0
67,Male,66937.94,770.0,0.64,45,South,1
72,Female,25229.98,514.0,0.53,45,South,1
67,Male,46374.35,608.0,0.88,45,South,0
50,Male,65974.97,554.0,0.87,29,South,0
64,Female,58533.38,687.0,0.36,42,West,1
69,Female,58652.89,694.0,0.42,45,South,1
57,Female,43453.46,684.0,0.47,36,South,1
50,Female,50300.81,504.0,0.88,28,South,0
33,Female,25000.0,581.0,0.73,12,South,0
36,Male,25000.0,637.0,0.83,14,West,0
69,Female,60709.37,631.0,0.38,45,West,1
56,Female,60384.88,650.0,0.8,36,South,1
37,Female,63161.5,519.0,0.59,17,East,1
69,Female,29928.82,691.0,0.36,45,West,1
72,Female,35308.78,666.0,0.45,45,East,1
28,Female,77248.7,609.0,0.55,5,North,1
46,Female,56843.82,756.0,0.61,25,South,1
55,Female,51284.6,610.0,0.69,34,South,1
31,Female,57530.38,492.0,0.53,8,South,0
35,Female,84096.77,626.0,0.43,12,South,1
36,Male,34632.22,652.0,0.76,12,South,0
69,Male,73459.77,795.0,0.61,45,South,1
60,Male,61181.89,664.0,0.7,39,South,1
32,Male,58498.38,755.0,0.5,11,South,1
34,Female,50935.82,634.0,0.65,11,South,0
65,Female,60454.93,591.0,0.87,42,South,1
36,Female,59721.44,676.0,0.36,16,South,1
45,Male,61185.49,604.0,0.79,21,South,0
71,Male,47759.65,548.0,0.31,45,West,1
59,Male,79449.72,592.0,0.59,37,South,1
70,Female,79866.87,624.0,0.65,45,South,1
70,Female,37382.5,787.0,0.8,45,West,1
49,Female,38824.43,599.0,0.65,29,East,0
74,Female,53137.44,667.0,0.82,45,South,1
28,Male,50961.6,666.0,0.32,5,South,1
63,Male,72319.46,538.0,0.4,42,East,1
63,Female,65512.81,719.0,0.43,42,East,1
29,Female,56220.43,580.0,0.34,9,South,1
51,Male,57044.59,519.0,0.81,31,West,0
41,Male,51884.13,672.0,0.76,18,East,0
38,Male,58841.16,748.0,0.46,18,South,1
72,Female,42023.04,599.0,0.83,45,North,0
30,Male,56130.76,692.0,0.74,9,West,0
39,Male,50853.19,827.0,0.47,16,South,1
71,Male,25000.0,573.0,0.74,45,South,0
62,Female,52366.14,763.0,0.31,38,East,1
52,Male,55043.05,683.0,0.82,30,South,1
49,Male,74008.97,545.0,0.51,28,West,1
74,Male,65358.34,566.0,0.43,45,South,1
56,Male,55114.75,541.0,0.46,34,East,1
31,Male,64116.83,534.0,0.45,7,South,1
61,Female,96502.9,604.0,0.86,39,South,1
33,Male,86999.94,647.0,0.9,9,South,0
63,Male,54788.83,712.0,0.35,39,East,1
53,Male,87254.59,534.0,0.73,29,South,1
40,Male,76008.9,613.0,0.45,20,West,1
69,Female,51880.5,538.0,0.3,45,East,1
49,Male,67897.07,527.0,0.47,27,North,1
53,Female,85781.86,636.0,0.65,32,East,1
61,Male,64449.75,797.0,0.57,39,South,1
37,Male,45026.78,731.0,0.75,13,South,0
67,Female,31836.17,464.0,0.56,45,East,1
36,Male,79937.08,447.0,0.37,14,East,1
48,Female,65732.24,809.0,0.66,25,South,1
61,Male,66980.57,659.0,0.63,40,South,1
52,Male,47775.32,629.0,0.44,29,North,1
70,Female,48097.39,710.0,0.68,45,North,1
62,Female,58741.94,784.0,0.64,42,West,1
48,Male,45642.23,614.0,0.87,27,South,0
65,Female,77740.47,624.0,0.4,44,West,1
37,Female,73738.09,608.0,0.66,14,East,1
73,Female,38025.57,642.0,0.69,45,South,1
50,Female,25000.0,572.0,0.71,30,North,0
66,Female,70396.33,550.0,0.74,44,East,1
45,Male,71947.47,580.0,0.81,21,South,0
56,Male,53285.42,547.0,0.51,36,West,1
41,Male,68523.29,579.0,0.89,20,South,0
46,Female,79856.84,557.0,0.81,24,South,1
58,Male,81244.98,665.0,0.72,34,East,1
32,Male,67364.02,701.0,0.36,10,South,1
54,Male,67479.45,562.0,0.79,30,South,1
44,Male,47907.98,618.0,0.5,21,East,1
55,Male,66745.44,534.0,0.87,33,East,0
74,Female,27872.57,606.0,0.43,45,South,1
39,Male,84254.74,649.0,0.82,16,South,1
65,Female,59977.5,612.0,0.6,45,South,1
61,Female,44168.31,660.0,0.39,38,North,1
65,Male,27568.63,592.0,0.54,45,South,1
50,Female,65557.21,575.0,0.81,27,South,0
59,Male,55791.53,733.0,0.57,37,West,1
49,Female,50882.18,589.0,0.74,29,West,0
52,Male,63120.81,739.0,0.41,31,West,1
39,Male,62213.97,549.0,0.79,16,West,0
32,Male,35087.29,704.0,0.59,8,East,0
52,Male,56117.55,716.0,0.88,30,East,0
38,Male,45033.31,662.0,0.58,15,South,0
42,Male,25000.0,506.0,0.44,19,West,0
54,Male,60257.4,559.0,0.74,30,East,1
57,Male,29363.82,666.0,0.89,33,West,0
60,Female,61193.27,548.0,0.63,37,South,1
71,Female,40734.11,509.0,0.66,45,South,1
57,Female,52589.06,605.0,0.69,33,South,1
59,Female,74774.86,646.0,0.55,36,West,1
58,Male,41059.12,762.0,0.62,37,South,1
41,Male,48285.5,739.0,0.53,21,East,1
60,Male,74330.06,691.0,0.71,40,North,1
49,Female,69142.56,736.0,0.59,28,West,1
60,Female,74534.66,596.0,0.67,38,South,1
34,Male,100677.44,532.0,0.52,10,West,1
59,Male,38510.88,690.0,0.66,36,East,1
48,Female,59269.89,628.0,0.34,28,South,1
34,Male,81857.27,760.0,0.63,10,South,1
48,Male,53305.39,493.0,0.67,27,East,0
51,Male,63334.4,546.0,0.7,27,South,1
44,Male,46614.86,654.0,0.86,22,West,0
70,Male,42993.91,602.0,0.87,45,South,0
44,Male,50395.79,633.0,0.84,22,East,0
57,Male,63755.06,403.0,0.76,34,West,0
68,Male,25000.0,695.0,0.42,45,South,1
40,Male,54287.35,384.0,0.7,20,South,0
60,Male,53959.06,678.0,0.76,36,West,1
29,Male,62544.91,552.0,0.73,5,South,0
45,Female,74888.77,601.0,0.33,23,North,1
46,Male,44187.96,683.0,0.86,23,South,0
44,Female,58769.41,635.0,0.81,20,East,0
64,Female,56524.61,703.0,0.86,40,West,1
52,Female,94960.56,800.0,0.79,29,South,1
70,Female,45212.39,594.0,0.84,45,West,1
51,Male,61669.39,595.0,0.78,29,South,1
58,Female,85368.05,760.0,0.34,37,North,1
36,Male,47671.53,645.0,0.34,14,East,1
31,Female,66121.69,474.0,0.7,8,South,0
74,Female,42501.15,583.0,0.72,45,South,1
59,Female,49170.03,656.0,0.65,38,East,1
64,Female,63589.98,643.0,0.82,43,South,1
64,Male,67084.6,591.0,0.74,41,East,1
48,Female,66372.05,661.0,0.82,27,South,1
64,Female,74574.95,758.0,0.63,41,North,1
31,Female,29286.26,646.0,0.76,11,East,0
46,Female,36720.08,606.0,0.33,25,South,1
44,Male,25000.0,616.0,0.74,21,South,0
32,Male,53427.72,819.0,0.43,11,North,1
33,Male,59165.92,654.0,0.56,13,South,1
53,Male,69697.01,654.0,0.88,32,South,1
60,Male,68050.66,639.0,0.68,38,East,1
45,Female,75183.24,603.0,0.38,21,West,1
67,Female,61871.78,599.0,0.72,45,South,1
60,Female,48594.22,650.0,0.84,37,South,1
40,Male,80076.51,760.0,0.74,16,South,1
61,Male,65871.8,693.0,0.34,40,East,1
35,Male,69117.78,771.0,0.72,15,West,1
28,Female,85222.64,704.0,0.6,7,South,1
29,Male,57814.05,667.0,0.49,7,East,1
62,Male,57818.86,600.0,0.61,42,West,1
28,Male,29552.9,605.0,0.47,6,East,0
32,Female,67144.24,635.0,0.86,10,South,0
57,Male,38294.91,641.0,0.68,34,East,1
39,Male,50266.84,559.0,0.72,18,South,0
49,Female,51901.15,689.0,0.89,27,South,0
40,Female,41446.55,764.0,0.78,19,East,0
66,Female,25000.0,587.0,0.66,43,West,1
64,Male,27364.96,669.0,0.45,43,West,1
53,Male,70331.76,486.0,0.74,32,South,1
47,Female,36430.04,739.0,0.82,24,East,0
46,Male,70038.53,574.0,0.33,24,North,1
48,Male,77701.55,688.0,0.87,27,West,1
55,Male,33177.94,727.0,0.9,31,West,0
39,Male,55287.37,588.0,0.5,17,North,1
74,Female,68025.72,522.0,0.39,45,West,1
74,Male,54161.84,604.0,0.67,45,North,1
62,Male,50880.87,597.0,0.73,41,East,1
74,Female,89949.57,652.0,0.63,45,South,1
34,Female,44315.46,685.0,0.85,10,South,0
66,Male,64649.76,679.0,0.31,45,East,1
73,Female,66525.64,630.0,0.84,45,South,1
41,Female,40304.6,591.0,0.62,20,South,0
68,Male,25000.0,684.0,0.39,45,West,1
41,Female,81944.38,605.0,0.75,19,South,1
28,Female,79958.94,662.0,0.84,4,West,0
43,Female,70419.84,602.0,0.68,23,South,1
31,Male,40577.71,655.0,0.58,11,South,0
31,Male,49801.99,761.0,0.49,8,South,1
38,Female,83865.02,725.0,0.46,15,South,1
47,Female,40209.04,544.0,0.62,26,North,0
52,Female,75471.36,550.0,0.7,32,South,1
53,Male,55634.08,559.0,0.64,31,South,1
72,Male,52067.55,536.0,0.74,45,East,1
43,Female,37181.51,681.0,0.74,20,East,0
41,Male,25000.0,610.0,0.51,20,South,0
39,Male,39052.99,489.0,0.58,17,South,0
50,Female,80156.29,596.0,0.71,29,North,1
62,Female,70077.05,622.0,0.44,39,West,1
60,Male,57958.96,551.0,0.51,37,West,1
42,Female,52186.97,731.0,0.68,22,South,1
54,Male,27815.26,592.0,0.86,33,East,0
66,Female,65486.26,795.0,0.41,45,South,1
40,Male,62547.43,733.0,0.48,16,South,1
47,Female,50827.18,641.0,0.32,25,North,1
39,Female,53406.72,663.0,0.86,17,West,0
40,Female,82357.68,595.0,0.78,20,South,1
28,Male,45929.41,570.0,0.77,4,West,0
38,Male,36098.21,543.0,0.61,16,South,0
67,Male,57480.23,735.0,0.86,44,South,1
49,Male,63098.91,621.0,0.32,26,North,1
41,Female,59933.19,684.0,0.64,19,West,1
35,Female,68975.18,599.0,0.34,12,West,1
49,Male,49185.09,627.0,0.53,29,North,1
71,Female,64568.38,671.0,0.74,45,East,1
34,Male,68474.92,640.0,0.62,12,West,1
51,Female,65047.07,556.0,0.76,30,West,1
31,Male,81760.86,675.0,0.78,10,South,1
65,Male,25000.0,677.0,0.87,42,East,0
33,Male,61174.96,594.0,0.3,9,East,1
39,Female,37308.73,575.0,0.49,18,West,0
50,Male,73732.64,688.0,0.69,30,South,1
72,Male,52827.99,625.0,0.3,45,West,1
39,Male,61383.0,714.0,0.77,15,South,0
67,Male,41878.94,594.0,0.89,43,East,0
51,Female,46188.55,611.0,0.4,30,East,1
47,Female,25000.0,602.0,0.82,23,East,0
45,Female,69019.51,483.0,0.72,21,South,0
35,Female,70577.34,695.0,0.41,14,North,1
46,Male,61306.28,633.0,0.76,23,South,1
30,Male,53209.97,530.0,0.6,10,West,0
55,Female,47432.96,572.0,0.88,32,West,0
67,Female,31992.59,604.0,0.37,44,South,1
73,Female,39229.07,587.0,0.65,45,East,1
43,Female,69987.11,755.0,0.62,19,South,1
61,Male,60181.48,636.0,0.56,37,South,1
58,Female,46166.96,553.0,0.81,36,North,0
53,Male,58540.16,562.0,0.68,29,South,1
36,Male,86595.38,576.0,0.46,12,East,1
50,Male,36006.09,450.0,0.59,28,West,0
48,Male,63744.41,687.0,0.41,27,North,1
28,Female,25000.0,642.0,0.85,4,South,0
57,Male,81896.64,850.0,0.65,33,South,1
32,Male,83319.66,762.0,0.42,12,West,1
61,Male,71414.36,556.0,0.34,39,South,1
28,Female,69930.18,560.0,0.89,4,East,0
40,Female,73735.61,510.0,0.66,17,North,1
30,Female,66045.73,606.0,0.58,8,North,1
28,Male,62699.54,729.0,0.66,8,East,1
35,Male,43815.21,616.0,0.47,15,East,1
40,Male,29140.31,682.0,0.57,17,South,0
34,Female,72721.36,555.0,0.8,13,South,0
38,Female,61979.56,644.0,0.31,17,North,1
41,Male,79622.57,750.0,0.42,20,South,1
58,Male,43717.35,586.0,0.74,36,South,0
28,Female,25000.0,667.0,0.48,4,South,0
71,Female,47934.5,756.0,0.4,45,South,1
58,Male,51879.59,631.0,0.32,37,West,1
69,Male,25000.0,744.0,0.72,45,South,1
60,Female,33589.31,624.0,0.47,40,South,1
61,Male,45332.79,594.0,0.41,39,East,1
44,Female,61465.03,590.0,0.76,20,South,0
45,Male,59097.14,600.0,0.77,22,West,0
48,Female,25000.0,625.0,0.87,26,West,0
71,Male,33373.3,521.0,0.39,45,South,1
30,Female,25000.0,675.0,0.9,8,West,0
38,Male,62485.53,636.0,0.87,15,West,0
46,Female,99896.13,582.0,0.65,22,East,1
62,Male,39371.66,611.0,0.61,38,East,1
59,Male,48531.81,600.0,0.37,35,South,1
74,Female,30670.62,610.0,0.33,45,South,1
41,Female,93927.93,637.0,0.4,19,East,1
73,Female,70000.72,716.0,0.52,45,South,1
47,Female,45439.75,743.0,0.87,27,South,0
34,Male,37250.73,717.0,0.31,13,East,1
43,Female,50774.95,629.0,0.52,19,South,1
66,Female,58436.28,632.0,0.44,43,South,1
66,Female,48707.51,579.0,0.79,45,East,1
48,Male,52763.03,677.0,0.36,24,South,1
70,Female,57318.67,724.0,0.73,45,West,1
45,Female,57675.72,756.0,0.53,22,North,1
34,Male,80716.07,640.0,0.33,11,East,1
47,Female,68052.96,389.0,0.81,24,North,0
39,Male,79411.11,585.0,0.8,19,West,1
51,Male,36601.48,595.0,0.66,28,North,0
66,Male,64562.09,627.0,0.64,45,South,1
58,Male,60572.27,693.0,0.69,34,South,1
66,Female,87479.07,427.0,0.57,45,South,1
32,Female,68203.3,687.0,0.7,12,West,1
37,Male,37321.77,670.0,0.37,14,West,1
67,Female,46097.96,623.0,0.61,43,West,1
38,Female,54685.93,555.0,0.44,18,South,1
67,Female,74017.5,556.0,0.72,43,East,1
50,Female,66551.94,668.0,0.69,28,South,1
73,Male,47197.98,660.0,0.78,45,West,1
48,Male,59044.04,711.0,0.57,25,West,1
44,Female,64052.56,616.0,0.63,23,East,1
35,Male,25000.0,593.0,0.33,12,South,0
33,Male,50159.56,505.0,0.51,9,North,0
73,Male,55129.86,473.0,0.63,45,West,1
74,Female,89257.39,660.0,0.63,45,East,1
53,Female,35134.67,672.0,0.3,30,South,1
36,Male,41472.69,667.0,0.6,13,South,0
56,Male,41924.63,577.0,0.53,35,East,1
62,Male,109513.32,664.0,0.42,42,West,1
65,Male,59407.71,689.0,0.47,44,East,1
28,Male,57046.98,716.0,0.87,8,South,0
49,Female,75293.62,659.0,0.62,25,West,1
51,Male,58067.91,661.0,0.51,31,West,1
48,Female,53085.47,601.0,0.46,27,South,1
72,Female,50017.14,683.0,0.5,45,North,1
55,Female,51585.18,646.0,0.63,32,North,1
70,Female,54068.97,502.0,0.38,45,South,1
71,Male,75365.25,577.0,0.56,45,East,1
51,Male,82895.54,520.0,0.89,28,East,0
65,Male,47558.35,830.0,0.32,42,West,1
32,Male,53856.23,408.0,0.46,12,South,0
47,Female,39987.73,743.0,0.57,24,South,1
28,Male,80860.88,568.0,0.45,5,North,1
42,Male,43352.61,626.0,0.46,18,East,1
41,Male,62559.92,633.0,0.84,17,East,0
63,Male,42327.09,699.0,0.58,43,South,1
72,Male,56243.53,397.0,0.79,45,North,0
62,Female,53152.23,676.0,0.84,39,South,1
55,Male,54448.44,611.0,0.32,34,East,1
50,Female,62105.64,554.0,0.33,27,East,1
44,Male,43985.67,581.0,0.85,20,West,0
73,Male,61321.08,607.0,0.67,45,South,1
43,Male,51739.32,617.0,0.33,19,South,1
53,Female,56343.19,597.0,0.88,32,South,0
50,Female,63023.78,542.0,0.5,28,East,1
45,Male,79219.58,547.0,0.9,25,West,0
34,Female,56235.18,621.0,0.89,10,North,0
39,Female,60027.79,702.0,0.48,17,South,1
32,Female,55502.21,566.0,0.43,10,South,1
48,Female,53169.12,603.0,0.38,24,South,1
54,Female,25000.0,558.0,0.77,31,West,0
69,Female,70903.44,568.0,0.57,45,West,1
53,Male,63626.91,658.0,0.88,31,South,1
28,Male,50872.45,741.0,0.51,5,South,1
53,Male,63014.32,648.0,0.42,32,East,1
62,Female,40090.21,658.0,0.47,40,West,1
50,Female,95309.27,783.0,0.5,28,East,1
31,Female,43292.22,582.0,0.65,8,South,0
37,Female,52350.71,553.0,0.58,15,South,0
50,Male,32928.79,616.0,0.89,28,North,0
58,Female,75896.3,577.0,0.44,38,West,1
41,Female,26685.27,576.0,0.47,21,East,0
61,Female,59128.57,645.0,0.88,41,West,1
29,Female,57360.19,604.0,0.42,6,West,1
29,Male,29801.56,472.0,0.79,7,South,0
43,Female,60829.32,830.0,0.33,23,East,1
43,Female,42759.24,635.0,0.74,20,West,0
32,Male,72767.5,673.0,0.32,9,South,1
45,Male,58157.22,600.0,0.6,25,East,1
30,Female,53842.27,708.0,0.78,8,South,0
62,Male,41802.75,591.0,0.5,39,South,1
69,Female,84261.36,693.0,0.74,45,East,1
59,Male,50556.92,650.0,0.66,37,South,1
53,Female,96649.6,740.0,0.86,32,South,1
62,Female,67898.77,597.0,0.86,39,North,1
51,Male,47969.54,770.0,0.43,28,West,1
34,Male,59208.12,610.0,0.6,12,West,0
31,Female,38524.92,669.0,0.42,10,West,1
45,Female,45165.62,640.0,0.42,22,West,1
47,Male,42226.8,567.0,0.76,27,West,0
69,Female,53623.61,646.0,0.57,45,West,1
32,Male,25000.0,529.0,0.64,11,South,0
42,Male,25000.0,585.0,0.73,18,South,0
51,Female,68871.08,648.0,0.34,30,South,1
59,Male,87758.98,616.0,0.78,36,South,1
68,Female,59953.85,587.0,0.81,45,North,1
45,Male,55113.25,648.0,0.72,24,East,1
64,Male,40579.0,700.0,0.51,41,South,1
32,Female,68346.17,507.0,0.33,9,South,1
50,Male,68353.9,802.0,0.71,27,South,1
53,Female,25000.0,726.0,0.34,30,West,1
50,Female,25000.0,630.0,0.42,26,East,1
46,Male,62628.23,637.0,0.48,25,South,1
28,Male,35625.33,661.0,0.76,6,South,0
55,Male,51472.53,608.0,0.75,32,East,1
62,Male,26980.72,589.0,0.35,40,West,1
63,Female,52524.7,608.0,0.73,39,South,1
31,Male,52863.61,535.0,0.58,9,North,0
72,Male,74746.79,495.0,0.44,45,West,1
55,Female,68220.76,546.0,0.8,33,South,1
62,Male,57923.34,496.0,0.75,40,South,1
48,Female,37963.61,713.0,0.68,27,West,1
46,Male,29808.55,644.0,0.43,24,South,1
52,Female,64891.75,657.0,0.53,30,South,1
41,Female,30318.32,569.0,0.37,18,West,1
51,Male,32338.37,565.0,0.71,27,South,0
66,Female,46175.7,616.0,0.72,45,South,1
53,Female,69161.04,585.0,0.85,33,South,1
53,Male,37813.7,619.0,0.57,33,South,1
67,Female,64609.32,613.0,0.89,45,South,1
28,Male,54643.5,577.0,0.38,7,West,1
53,Female,65633.1,631.0,0.69,33,North,1
64,Male,56676.05,754.0,0.32,44,North,1
32,Male,86428.31,733.0,0.56,8,West,1
59,Female,46828.09,690.0,0.52,37,South,1
57,Male,42244.98,761.0,0.88,37,South,1
53,Male,46378.19,589.0,0.89,32,West,0
72,Male,52607.37,583.0,0.68,45,South,1
61,Male,50160.7,640.0,0.81,37,South,1
53,Male,40295.65,535.0,0.47,33,South,1
52,Female,46417.23,532.0,0.76,30,South,0
70,Female,33759.6,594.0,0.3,45,South,1
72,Male,83745.95,668.0,0.54,45,South,1
58,Female,63906.26,682.0,0.33,36,West,1
58,Male,70316.46,504.0,0.4,36,South,1
48,Male,43515.09,568.0,0.41,28,South,1
69,Male,77926.5,580.0,0.56,45,East,1
67,Male,33306.65,561.0,0.47,45,West,1
55,Female,59576.28,683.0,0.76,31,South,1
36,Male,56393.71,753.0,0.85,13,South,0
69,Female,71654.4,401.0,0.8,45,West,1
34,Male,39112.49,645.0,0.73,11,East,0
37,Female,56963.26,795.0,0.57,16,West,1
70,Male,56526.61,609.0,0.54,45,South,1
32,Male,53038.87,732.0,0.67,11,South,0
62,Female,86579.23,580.0,0.67,40,South,1
63,Female,55222.66,557.0,0.78,40,South,1
40,Female,65191.34,690.0,0.4,18,West,1
42,Male,46336.15,555.0,0.58,21,West,0
32,Female,54035.06,632.0,0.74,12,East,0
45,Male,70337.07,623.0,0.53,24,West,1
65,Male,62390.19,645.0,0.55,43,South,1
40,Male,37289.66,694.0,0.56,20,South,1
57,Female,56604.54,679.0,0.86,35,West,1
50,Female,32426.05,773.0,0.53,30,West,1
32,Male,46025.84,657.0,0.79,8,West,0
40,Male,50659.63,772.0,0.6,19,North,1
60,Male,28204.69,490.0,0.59,36,South,0
34,Male,36540.73,583.0,0.35,13,West,1
30,Female,42948.28,630.0,0.47,7,South,0
70,Female,38417.64,689.0,0.35,45,West,1
74,Male,48341.37,597.0,0.81,45,South,1
32,Male,53511.6,579.0,0.33,11,West,1
61,Female,32641.08,535.0,0.64,39,East,0
57,Female,83197.31,818.0,0.67,34,South,1
60,Male,34274.76,687.0,0.34,40,South,1
43,Female,38702.77,557.0,0.87,21,West,0
59,Male,66725.42,850.0,0.79,36,South,1
67,Female,35311.2,578.0,0.73,43,South,1
59,Male,49017.74,694.0,0.35,35,South,1
50,Female,68318.53,418.0,0.69,29,East,0
55,Female,41685.72,613.0,0.82,32,South,0
64,Male,48446.51,584.0,0.36,43,East,1
28,Male,55820.09,695.0,0.57,6,East,1
48,Female,25000.0,578.0,0.34,27,West,1
37,Female,49570.95,642.0,0.38,17,West,1
72,Female,42926.76,674.0,0.3,45,South,1
66,Female,60613.36,646.0,0.85,45,South,1
51,Female,39645.43,671.0,0.56,29,South,1
56,Male,30284.55,599.0,0.39,34,South,1
36,Female,25000.0,687.0,0.42,16,East,1
38,Female,76073.43,664.0,0.77,18,South,1
56,Female,39661.28,659.0,0.4,34,South,1
73,Female,25000.0,629.0,0.78,45,South,0
44,Female,62700.65,573.0,0.54,21,South,1
40,Male,63714.27,639.0,0.68,20,South,1
42,Female,91894.3,683.0,0.4,19,West,1
30,Female,37217.22,633.0,0.35,10,East,1
37,Female,44421.37,596.0,0.46,17,East,1
48,Male,48175.57,521.0,0.85,26,East,0
54,Female,47049.99,739.0,0.47,31,South,1
58,Male,46872.17,688.0,0.55,37,South,1
28,Male,52508.16,616.0,0.69,5,West,0
57,Female,47368.1,711.0,0.89,35,North,0
60,Male,37657.76,616.0,0.61,38,South,1
71,Female,50065.97,636.0,0.4,45,West,1
59,Female,51914.61,713.0,0.54,38,East,1
29,Male,97541.96,737.0,0.63,9,South,1
31,Male,52134.39,646.0,0.67,9,South,0
52,Female,66507.27,678.0,0.51,29,South,1
28,Male,28309.66,597.0,0.43,8,South,0
55,Female,64224.67,534.0,0.61,35,West,1
65,Female,47857.73,686.0,0.63,41,South,1
58,Male,30592.29,565.0,0.35,34,West,1
70,Female,49274.96,673.0,0.75,45,East,1
44,Male,31362.24,781.0,0.71,23,East,0
38,Female,93543.57,646.0,0.81,14,West,1
49,Female,45632.32,707.0,0.45,27,East,1
47,Female,68432.61,617.0,0.8,26,East,1
30,Female,75391.2,590.0,0.71,7,East,0
53,Female,42531.42,714.0,0.38,29,South,1
72,Male,34942.53,742.0,0.51,45,South,1
68,Male,25000.0,723.0,0.7,45,West,1
46,Male,61893.57,545.0,0.54,23,East,1
61,Female,51118.68,582.0,0.85,39,West,0
65,Female,57350.83,610.0,0.65,44,South,1
35,Male,102031.68,612.0,0.61,15,East,1
48,Male,77003.03,572.0,0.87,24,West,0
73,Male,48773.86,664.0,0.67,45,South,1
39,Female,60884.73,618.0,0.79,15,South,0
59,Male,60794.22,575.0,0.36,38,South,1
64,Male,55596.07,528.0,0.48,40,South,1
66,Male,34989.32,611.0,0.73,44,South,1
40,Female,62103.51,569.0,0.41,20,South,1
42,Female,29280.98,635.0,0.84,19,South,0
33,Male,68557.98,836.0,0.72,11,West,1
33,Male,81986.64,447.0,0.87,12,South,0
38,Male,52073.78,658.0,0.7,18,West,0
63,Female,57094.79,634.0,0.54,39,South,1
45,Female,57434.41,629.0,0.32,23,South,1
34,Male,58364.43,691.0,0.82,10,South,0
54,Male,30537.16,524.0,0.78,34,South,0
36,Female,54637.1,614.0,0.82,12,North,0
36,Male,66397.2,450.0,0.61,12,East,0
65,Female,55931.95,485.0,0.46,43,South,1
61,Female,60399.28,696.0,0.63,41,South,1
71,Male,76911.49,625.0,0.82,45,South,1
59,Male,79158.81,736.0,0.38,36,South,1
63,Female,78423.21,709.0,0.49,42,East,1
35,Male,65819.89,720.0,0.72,11,West,1
41,Female,46789.08,643.0,0.9,20,East,0
65,Female,44500.87,657.0,0.69,43,West,1
63,Female,59545.2,817.0,0.87,41,South,1
35,Male,49694.81,612.0,0.6,15,North,0
31,Female,71955.96,648.0,0.3,11,South,1
64,Male,52481.61,652.0,0.32,40,East,1
36,Male,34496.3,540.0,0.73,12,West,0
61,Female,79186.87,600.0,0.67,37,East,1
38,Male,85226.29,545.0,0.44,14,East,1
42,Male,51155.34,547.0,0.71,18,East,0
73,Male,68014.69,740.0,0.44,45,East,1
42,Male,61133.1,794.0,0.39,18,East,1
73,Male,77426.97,636.0,0.84,45,South,1
34,Female,48599.32,559.0,0.31,13,South,1
74,Female,57143.33,512.0,0.68,45,South,1
29,Male,53244.47,654.0,0.89,9,South,0
64,Male,45944.54,643.0,0.53,41,West,1
52,Male,74579.15,640.0,0.83,30,West,1
34,Female,40264.15,690.0,0.6,12,North,0
65,Male,55625.95,707.0,0.44,41,South,1
70,Female,56628.71,633.0,0.7,45,South,1
28,Female,25000.0,665.0,0.34,4,West,0
32,Female,55947.69,615.0,0.36,9,West,1
60,Female,62227.43,633.0,0.42,39,East,1
28,Male,25000.0,617.0,0.59,8,South,0
59,Female,46414.7,525.0,0.86,39,South,0
71,Female,25000.0,641.0,0.85,45,East,0
37,Male,33670.43,747.0,0.5,16,East,1
42,Female,47407.05,737.0,0.31,19,East,1
65,Male,25000.0,749.0,0.54,42,South,1
54,Female,70330.25,633.0,0.34,33,East,1
51,Female,40537.47,645.0,0.32,27,North,1
52,Female,26074.63,642.0,0.69,28,South,0
42,Female,85450.21,617.0,0.38,18,West,1
63,Male,46952.87,675.0,0.39,42,South,1
60,Female,51108.77,637.0,0.71,36,South,1
49,Female,46472.75,464.0,0.71,29,South,0
37,Male,111746.16,664.0,0.65,14,South,1
60,Female,52961.37,661.0,0.75,39,South,1
62,Female,82313.73,705.0,0.49,42,West,1
46,Female,59134.19,745.0,0.43,26,South,1
35,Male,50044.9,596.0,0.31,15,North,1
54,Female,66498.06,552.0,0.76,30,South,1
48,Male,25000.0,718.0,0.31,27,South,1
67,Male,59030.6,673.0,0.67,45,South,1
58,Female,69031.75,627.0,0.56,37,West,1
35,Male,73991.74,584.0,0.37,12,East,1
49,Male,79014.75,620.0,0.77,28,South,1
29,Male,50179.38,662.0,0.84,7,East,0
58,Male,55580.43,619.0,0.7,38,East,1
34,Female,30937.88,656.0,0.47,12,West,0
46,Female,66632.98,599.0,0.34,24,South,1
38,Male,26811.67,611.0,0.89,18,North,0
63,Female,46297.89,602.0,0.89,39,East,0
72,Male,28618.07,581.0,0.81,45,South,0
39,Male,61064.4,631.0,0.5,17,East,1
48,Male,81716.07,656.0,0.39,26,East,1
58,Male,25180.75,573.0,0.73,35,South,0
43,Male,39871.49,693.0,0.64,21,East,0
55,Female,44760.42,605.0,0.31,31,West,1
38,Female,60902.8,577.0,0.31,17,South,1
46,Male,25000.0,672.0,0.67,23,East,0
45,Male,62087.88,709.0,0.3,24,South,1
33,Male,48992.31,705.0,0.34,12,East,1
42,Male,45470.01,673.0,0.38,21,West,1
50,Female,25045.13,766.0,0.7,27,East,0
50,Female,56706.29,603.0,0.63,30,East,1
50,Male,72787.58,673.0,0.34,29,East,1
65,Male,58371.84,534.0,0.85,44,South,1
43,Male,40915.11,764.0,0.88,23,East,0
47,Female,72551.57,707.0,0.45,27,East,1
55,Female,66666.03,591.0,0.54,31,North,1
41,Male,60403.57,485.0,0.3,21,South,1
35,Female,48958.69,542.0,0.38,15,South,1
45,Female,58387.63,637.0,0.87,22,South,0
45,Male,74310.27,491.0,0.74,22,North,0
68,Female,57561.63,578.0,0.49,45,East,1
43,Male,66415.75,597.0,0.85,22,West,0
46,Female,48400.42,656.0,0.84,23,East,0
45,Female,62786.39,565.0,0.33,24,East,1
57,Male,40424.55,678.0,0.66,36,South,1
56,Male,30821.68,545.0,0.83,33,East,0
31,Male,29732.48,487.0,0.67,10,South,0
68,Male,25201.25,655.0,0.36,45,South,1
28,Male,25000.0,625.0,0.44,6,North,0
38,Female,49131.61,667.0,0.56,14,North,1
71,Female,40909.52,574.0,0.38,45,South,1
61,Female,50085.25,674.0,0.78,40,West,1
54,Male,65170.27,639.0,0.79,30,South,1
67,Female,41405.17,702.0,0.84,45,East,1
36,Female,59836.71,734.0,0.52,16,North,1
67,Female,49992.94,535.0,0.87,44,South,0
49,Female,79284.14,513.0,0.65,25,East,1
43,Male,41642.17,771.0,0.56,21,North,1
39,Female,61829.47,718.0,0.5,18,South,1
34,Female,52420.06,619.0,0.67,14,West,0
44,Female,64814.24,642.0,0.42,20,East,1
33,Male,44604.97,658.0,0.83,10,West,0
43,Male,83267.04,610.0,0.81,23,North,1
41,Female,56451.4,536.0,0.4,17,North,1
28,Male,51227.39,663.0,0.67,8,North,0
30,Female,74714.03,626.0,0.35,7,North,1
37,Male,52186.67,712.0,0.41,17,North,1
45,Male,34695.04,741.0,0.51,22,South,1
46,Male,53866.07,628.0,0.5,22,South,1
67,Female,76259.32,600.0,0.66,43,East,1
48,Male,59782.53,581.0,0.76,26,East,0
70,Female,34645.47,560.0,0.55,45,South,1
38,Male,88991.09,651.0,0.57,14,East,1
40,Female,76238.84,425.0,0.59,17,East,1
70,Female,69517.84,656.0,0.82,45,East,1
57,Female,60300.84,716.0,0.35,36,East,1
29,Female,47630.65,563.0,0.57,6,West,0
57,Female,47627.46,581.0,0.76,35,West,0
34,Male,35560.17,693.0,0.73,11,South,0
41,Male,66632.31,624.0,0.46,18,West,1
35,Female,69139.57,756.0,0.57,13,South,1
41,Female,69588.7,540.0,0.58,18,South,1
43,Male,71869.48,580.0,0.52,19,South,1
51,Female,43818.22,655.0,0.52,31,South,1
71,Female,39644.41,598.0,0.77,45,West,1
49,Male,72836.65,666.0,0.66,26,South,1
31,Male,51566.32,632.0,0.44,7,South,1
47,Female,38529.4,692.0,0.89,23,South,0
57,Male,76909.85,612.0,0.46,33,South,1
45,Male,39681.31,741.0,0.37,21,South,1
73,Male,51464.38,676.0,0.82,45,South,1
34,Male,63803.06,644.0,0.69,11,South,0
43,Male,49016.23,613.0,0.67,20,West,0
65,Male,64325.66,588.0,0.55,45,East,1
41,Male,73210.63,594.0,0.58,18,West,1
64,Male,59480.23,579.0,0.46,40,West,1
29,Female,25000.0,638.0,0.58,6,East,0
41,Male,39042.02,658.0,0.73,17,South,0
52,Female,25000.0,557.0,0.74,29,East,0
36,Female,34368.2,706.0,0.62,16,South,0
36,Female,69107.68,511.0,0.53,13,West,1
63,Male,67825.53,617.0,0.66,39,South,1
55,Female,25000.0,727.0,0.73,34,North,0
64,Male,44162.72,608.0,0.7,42,East,1
45,Male,25000.0,507.0,0.45,24,North,0
53,Female,56378.34,641.0,0.5,29,South,1
44,Female,81037.66,450.0,0.89,23,East,0
46,Male,62296.55,664.0,0.41,26,South,1
58,Female,41297.79,624.0,0.84,38,West,0
34,Male,59820.59,779.0,0.49,14,North,1
52,Male,55198.86,516.0,0.61,29,South,1
64,Male,67538.69,702.0,0.31,42,South,1
38,Male,56103.56,565.0,0.52,16,East,1
67,Male,43419.24,514.0,0.33,45,North,1
42,Female,25000.0,508.0,0.73,20,South,0
62,Male,27254.75,706.0,0.38,38,North,1
33,Male,59973.05,581.0,0.6,13,South,0
73,Female,48964.14,765.0,0.43,45,South,1
54,Male,45048.22,562.0,0.34,32,South,1
74,Female,28027.08,638.0,0.86,45,South,0
70,Male,72006.78,390.0,0.49,45,North,1
38,Male,49131.78,512.0,0.46,18,West,1
65,Male,57321.93,638.0,0.67,41,South,1
32,Female,48506.85,722.0,0.76,12,West,0
40,Female,51082.23,731.0,0.48,17,North,1
44,Male,59542.09,593.0,0.67,22,South,1
35,Male,65288.81,627.0,0.5,14,South,1
67,Female,35343.02,487.0,0.45,45,West,1
64,Female,25000.0,807.0,0.45,40,West,1
66,Male,76860.14,604.0,0.41,44,South,1
53,Female,54705.52,572.0,0.88,31,East,0
56,Male,57036.32,605.0,0.38,34,West,1
60,Female,59689.93,604.0,0.87,38,South,1
32,Female,48986.38,539.0,0.75,9,West,0
53,Male,31250.37,572.0,0.73,30,South,0
72,Female,87789.18,645.0,0.8,45,South,1
32,Male,59044.42,569.0,0.3,11,South,1
67,Female,47107.19,576.0,0.52,45,South,1
49,Female,59869.94,599.0,0.87,26,North,0
47,Female,47651.54,792.0,0.39,26,South,1
73,Female,25000.0,639.0,0.42,45,South,1
34,Female,66152.82,571.0,0.32,11,East,1
60,Female,51947.96,535.0,0.38,38,West,1
36,Female,54035.83,674.0,0.35,12,South,1
28,Male,41929.25,715.0,0.8,4,West,0
45,Female,89270.53,578.0,0.31,24,North,1
57,Female,85667.37,479.0,0.64,35,South,1
43,Male,53153.25,643.0,0.76,19,West,0
67,Female,53076.65,713.0,0.76,45,South,1
72,Female,70214.46,682.0,0.3,45,South,1
44,Female,65246.91,578.0,0.88,24,East,0
50,Female,42935.07,649.0,0.62,30,East,1
39,Male,76432.17,549.0,0.63,16,South,1
41,Male,48084.44,571.0,0.54,17,South,0
50,Male,77086.43,635.0,0.83,28,East,1
29,Female,37540.54,544.0,0.4,8,West,0
50,Female,81255.67,638.0,0.47,26,South,1
58,Female,37124.4,522.0,0.88,37,North,0
29,Female,78007.73,601.0,0.37,5,North,1
62,Male,59228.29,718.0,0.72,38,West,1
46,Female,49470.7,626.0,0.56,26,East,1
35,Male,56459.0,551.0,0.71,12,West,0
62,Female,65647.18,754.0,0.86,40,South,1
51,Male,25000.0,589.0,0.56,31,West,0
51,Male,51630.64,771.0,0.56,30,South,1
29,Male,44865.31,674.0,0.82,9,South,0
49,Female,55551.27,600.0,0.59,27,East,1
69,Male,42576.1,595.0,0.68,45,South,1
37,Male,41598.09,551.0,0.8,17,South,0
55,Female,59238.01,636.0,0.36,33,East,1
36,Female,65730.12,604.0,0.85,15,West,0
34,Female,51805.61,608.0,0.82,10,East,0
52,Female,30057.89,801.0,0.7,30,South,1
68,Male,40073.36,624.0,0.76,45,South,1
70,Male,66343.23,676.0,0.72,45,South,1
39,Female,87297.52,520.0,0.59,16,South,1
59,Male,51608.82,504.0,0.86,35,North,0
60,Female,82139.85,511.0,0.87,39,West,1
44,Female,66280.97,573.0,0.64,21,West,1
30,Male,43718.42,693.0,0.6,6,South,0
63,Female,44058.24,637.0,0.33,43,South,1
39,Female,31383.04,685.0,0.69,15,South,0
63,Female,74456.21,703.0,0.73,41,South,1
52,Male,39850.59,724.0,0.45,31,South,1
53,Female,72369.84,745.0,0.69,32,South,1
44,Male,55723.83,742.0,0.85,20,East,0
34,Female,45210.96,540.0,0.52,10,East,0
62,Female,63370.79,690.0,0.4,39,West,1
72,Male,77655.17,704.0,0.88,45,South,1
56,Male,47177.72,661.0,0.72,33,South,1
73,Female,39150.56,585.0,0.43,45,South,1
38,Female,72763.97,578.0,0.84,14,East,0
59,Male,66867.02,674.0,0.61,39,West,1
46,Male,33669.93,523.0,0.53,25,North,0
40,Female,45561.84,555.0,0.35,17,East,1
53,Male,34564.7,801.0,0.41,33,South,1
44,Female,89399.83,658.0,0.73,21,South,1
38,Female,46078.17,779.0,0.88,14,West,0
70,Male,26118.28,513.0,0.37,45,South,1
31,Male,56947.85,633.0,0.71,10,East,0
41,Female,25000.0,698.0,0.56,21,East,0
46,Male,68977.18,681.0,0.76,23,West,1
67,Male,72625.18,634.0,0.32,45,West,1
70,Female,55950.7,605.0,0.82,45,East,1
60,Female,25000.0,738.0,0.82,39,South,0
44,Male,51711.08,670.0,0.66,22,South,1
58,Female,57734.42,568.0,0.58,36,South,1
72,Female,49104.68,542.0,0.42,45,West,1
54,Male,61215.61,540.0,0.62,30,East,1
51,Female,47702.5,627.0,0.58,27,West,1
53,Male,71358.19,711.0,0.61,29,South,1
59,Female,80958.23,672.0,0.67,39,South,1
55,Female,62140.4,578.0,0.76,35,East,1
32,Male,47692.79,686.0,0.89,8,East,0
63,Female,52694.03,575.0,0.39,42,South,1
40,Male,42831.38,538.0,0.34,20,North,1
60,Female,60633.02,547.0,0.3,36,South,1
41,Male,65799.31,495.0,0.54,18,South,1
53,Female,54598.01,782.0,0.49,33,East,1
30,Male,70325.39,581.0,0.64,10,North,0
29,Male,75120.8,548.0,0.65,7,South,0
71,Female,61638.2,667.0,0.89,45,East,1
59,Female,62179.0,616.0,0.51,39,West,1
63,Male,83347.35,657.0,0.89,43,West,1
41,Male,42066.3,658.0,0.88,21,West,0
40,Male,61075.53,701.0,0.86,19,South,0
29,Female,83008.68,759.0,0.7,8,South,1
62,Female,53495.89,678.0,0.81,38,East,1
36,Female,72570.45,696.0,0.66,16,South,1
28,Male,57079.59,738.0,0.73,6,South,0
50,Male,39033.82,690.0,0.41,30,West,1
36,Male,57816.09,532.0,0.78,15,North,0
28,Female,62774.64,500.0,0.86,8,South,0
49,Male,44589.14,665.0,0.8,25,South,0
31,Male,25000.0,670.0,0.83,9,West,0
28,Male,44894.54,502.0,0.45,7,West,0
28,Male,86590.12,804.0,0.85,7,East,1
49,Male,91086.0,611.0,0.66,29,North,1
30,Male,46532.99,606.0,0.81,6,West,0
28,Male,29546.37,582.0,0.79,8,West,0
72,Male,85816.61,555.0,0.85,45,East,1
35,Female,36815.15,568.0,0.84,14,South,0
63,Female,25000.0,661.0,0.43,40,South,1
51,Female,56954.84,594.0,0.68,27,East,1
68,Male,59391.87,697.0,0.33,45,West,1
55,Male,67474.85,705.0,0.65,33,East,1
35,Female,38005.73,596.0,0.75,13,South,0
47,Male,25000.0,575.0,0.89,27,South,0
39,Male,71404.06,645.0,0.62,19,East,1
56,Female,42418.88,758.0,0.43,34,South,1
43,Female,25774.15,650.0,0.31,23,East,1
47,Female,39732.36,570.0,0.55,26,West,1
46,Female,31634.48,530.0,0.65,26,East,0
56,Male,57492.04,746.0,0.81,33,East,1
57,Male,50635.04,622.0,0.73,36,West,1
57,Female,65080.63,664.0,0.44,34,South,1
74,Female,77277.68,432.0,0.89,45,West,1
56,Male,60191.63,720.0,0.9,32,South,1
55,Male,55282.45,535.0,0.48,33,North,1
31,Male,65542.65,705.0,0.49,10,East,1
32,Female,44440.58,826.0,0.57,9,South,1
47,Male,44533.35,634.0,0.63,24,West,1
35,Male,70149.74,551.0,0.49,13,South,1
30,Male,44534.52,547.0,0.51,7,North,0
43,Male,44871.95,632.0,0.85,19,North,0
49,Female,53027.93,691.0,0.61,29,South,1
63,Male,55523.54,578.0,0.78,40,South,1
42,Male,39060.4,701.0,0.69,20,West,0
34,Female,32914.73,620.0,0.39,10,South,1
59,Male,62952.03,722.0,0.74,38,South,1
63,Female,25000.0,590.0,0.69,42,South,0
73,Male,87940.92,705.0,0.53,45,South,1
66,Male,63652.67,642.0,0.82,45,North,1
70,Male,56808.71,548.0,0.85,45,South,1
52,Male,32570.58,710.0,0.32,31,South,1
35,Female,57891.91,512.0,0.58,15,South,0
40,Male,42005.77,681.0,0.58,16,North,1
44,Male,72243.12,705.0,0.68,24,West,1
36,Male,44979.27,645.0,0.81,14,East,0
46,Male,54914.82,598.0,0.89,24,South,0
35,Female,38813.74,579.0,0.55,12,South,0
35,Female,101311.86,663.0,0.78,12,South,1
55,Male,75673.49,589.0,0.88,35,East,1
49,Female,71333.21,671.0,0.84,26,West,1
31,Male,44131.86,647.0,0.36,8,East,1
42,Female,108747.31,774.0,0.88,22,South,1
52,Female,55648.67,479.0,0.76,28,South,0
35,Male,41658.41,625.0,0.31,12,North,1
56,Female,67876.19,632.0,0.44,36,West,1
70,Female,70645.0,552.0,0.81,45,South,1
70,Female,32724.77,555.0,0.61,45,South,1
65,Female,52062.75,778.0,0.85,45,West,1
28,Female,44498.56,529.0,0.81,4,East,0
56,Male,88294.17,748.0,0.47,35,East,1
72,Female,51896.34,755.0,0.8,45,North,1
34,Male,70768.25,511.0,0.49,12,West,1
57,Male,68844.74,573.0,0.37,34,South,1
50,Female,25000.0,649.0,0.31,27,West,1
39,Female,66812.44,616.0,0.76,19,South,0
46,Female,66472.46,698.0,0.33,26,East,1
58,Male,60712.93,472.0,0.43,36,South,1
71,Female,37379.94,654.0,0.63,45,South,1
44,Female,61734.39,671.0,0.44,20,North,1
59,Male,91727.88,491.0,0.65,38,West,1
35,Male,32275.02,590.0,0.48,14,East,0
64,Male,56683.94,648.0,0.74,40,South,1
42,Female,55650.72,591.0,0.41,20,South,1
63,Male,28284.62,533.0,0.44,41,South,1
61,Female,58629.99,537.0,0.43,38,East,1
29,Male,64672.99,667.0,0.84,9,South,0
64,Female,55576.12,643.0,0.74,41,South,1
41,Female,55028.37,680.0,0.43,18,South,1
54,Male,54681.41,581.0,0.85,30,West,0
69,Male,55587.21,612.0,0.59,45,East,1
70,Female,32762.87,686.0,0.32,45,West,1
32,Male,77295.85,626.0,0.56,8,South,1
63,Female,39669.42,747.0,0.72,41,West,1
62,Female,32280.26,732.0,0.34,41,East,1
71,Male,75250.45,724.0,0.71,45,South,1
44,Female,91109.07,729.0,0.34,20,South,1
61,Male,25000.0,641.0,0.46,41,West,1
48,Female,62614.2,753.0,0.44,28,South,1
61,Female,65339.9,592.0,0.63,40,South,1
53,Female,25000.0,706.0,0.36,31,West,1
67,Male,31887.34,571.0,0.37,45,West,1
29,Female,35509.11,673.0,0.73,9,South,0
59,Female,66234.18,521.0,0.67,39,South,1
30,Male,91379.32,509.0,0.58,6,West,1
63,Female,85720.46,680.0,0.88,40,West,1
68,Female,46596.31,704.0,0.52,45,East,1
65,Male,39028.69,679.0,0.83,45,North,1
58,Female,64902.57,568.0,0.36,36,South,1
52,Female,57168.96,586.0,0.59,30,South,1
64,Male,25487.37,543.0,0.33,42,South,1
28,Female,41447.77,660.0,0.56,5,West,0
67,Male,57285.64,664.0,0.47,45,South,1
52,Female,73531.8,562.0,0.85,28,West,0
74,Male,62191.63,625.0,0.65,45,South,1
37,Female,72765.06,757.0,0.6,15,West,1
54,Female,59183.9,705.0,0.41,33,South,1
71,Male,75988.57,658.0,0.49,45,East,1
69,Male,60521.95,709.0,0.58,45,East,1
36,Male,41378.19,586.0,0.63,14,South,0
34,Female,25802.62,591.0,0.49,14,West,0
34,Female,55509.29,549.0,0.89,10,South,0
30,Male,61162.39,479.0,0.76,9,East,0
53,Female,81822.96,497.0,0.39,29,East,1
66,Female,63250.0,475.0,0.36,45,South,1
47,Female,81478.52,524.0,0.42,27,North,1
71,Male,42144.52,653.0,0.33,45,North,1
37,Male,37898.63,700.0,0.77,14,West,0
56,Female,60979.21,557.0,0.44,36,West,1
41,Male,57519.28,647.0,0.56,19,South,1
62,Male,40165.84,529.0,0.33,42,South,1
28,Male,55534.08,673.0,0.78,4,South,0
49,Female,41243.9,565.0,0.79,28,South,0
44,Male,37314.74,545.0,0.51,23,West,0
64,Female,48510.71,632.0,0.41,44,South,1
36,Male,57695.9,550.0,0.81,13,South,0
66,Female,72665.66,733.0,0.87,45,South,1
66,Female,34070.72,573.0,0.47,42,South,1
73,Female,33413.37,644.0,0.75,45,North,1
48,Male,42001.34,766.0,0.55,26,West,1
63,Male,56515.48,769.0,0.58,41,South,1
46,Male,61289.49,746.0,0.34,24,South,1
48,Male,60264.29,517.0,0.39,27,West,1
47,Female,50784.8,676.0,0.75,27,West,1
41,Male,41008.12,488.0,0.67,20,West,0
34,Female,55784.9,504.0,0.82,13,South,0
66,Female,58789.29,737.0,0.72,43,South,1
36,Male,78989.01,585.0,0.33,12,West,1
44,Female,63517.09,632.0,0.53,24,South,1
30,Male,49811.25,687.0,0.45,8,East,1
66,Male,41950.12,611.0,0.61,45,West,1
70,Male,38221.0,595.0,0.83,45,West,0
71,Male,45094.83,830.0,0.46,45,South,1
62,Female,63526.5,673.0,0.86,42,North,1
34,Male,53953.37,576.0,0.58,10,North,0
74,Male,36512.25,675.0,0.63,45,South,1
33,Female,62643.29,570.0,0.65,11,South,0
72,Male,36506.23,668.0,0.41,45,South,1
53,Female,61192.6,695.0,0.76,30,West,1
72,Female,27732.43,646.0,0.51,45,South,1
32,Male,40164.05,684.0,0.63,11,South,0
43,Female,75457.79,767.0,0.59,19,West,1
67,Female,45344.02,622.0,0.77,44,East,1
35,Male,79447.69,645.0,0.66,13,West,1
51,Female,64610.28,546.0,0.61,27,South,1
53,Male,67658.35,664.0,0.59,31,North,1
38,Female,68250.86,684.0,0.8,17,West,1
67,Male,59134.36,548.0,0.89,44,South,1
56,Female,74763.93,730.0,0.77,32,North,1
51,Male,48865.58,579.0,0.39,29,East,1
48,Male,26585.38,617.0,0.76,25,East,0
32,Male,55579.94,657.0,0.72,9,South,0
41,Female,45722.95,588.0,0.75,20,South,0
67,Male,92861.08,721.0,0.76,45,South,1
43,Female,70691.76,694.0,0.45,21,East,1
40,Male,61242.34,662.0,0.34,20,South,1
67,Female,53474.1,517.0,0.9,45,South,0
49,Female,66281.67,615.0,0.75,27,South,1
73,Male,39377.81,626.0,0.34,45,South,1
73,Male,56396.01,613.0,0.34,45,South,1
64,Female,40198.64,634.0,0.75,43,East,1
64,Female,80665.26,681.0,0.3,40,South,1
32,Female,57166.53,686.0,0.43,8,West,1
69,Male,46492.95,775.0,0.33,45,South,1
43,Male,45365.31,698.0,0.56,21,North,1
59,Female,50689.98,701.0,0.48,39,West,1
36,Male,25000.0,642.0,0.61,12,West,0
72,Female,65762.35,684.0,0.7,45,North,1
54,Female,70858.77,709.0,0.74,34,South,1
50,Male,60501.88,553.0,0.52,26,West,1
53,Female,55997.7,755.0,0.44,30,South,1
53,Male,43334.1,695.0,0.84,32,West,0
40,Male,60370.8,567.0,0.51,19,South,1
36,Female,72134.46,780.0,0.49,12,West,1
59,Male,85946.89,693.0,0.69,36,South,1
28,Female,48135.39,473.0,0.83,5,West,0
54,Female,74134.04,636.0,0.63,34,South,1
54,Female,45443.46,643.0,0.85,30,South,0
67,Male,69240.86,595.0,0.81,45,South,1
64,Female,91397.65,630.0,0.36,41,South,1
41,Female,28851.47,655.0,0.51,18,West,0
73,Female,48332.85,671.0,0.54,45,West,1
64,Male,59568.6,588.0,0.39,44,West,1
45,Female,58368.15,802.0,0.6,25,South,1
54,Female,35653.46,636.0,0.41,31,South,1
50,Male,76314.87,533.0,0.6,30,North,1
43,Male,74880.27,690.0,0.8,21,West,1
33,Female,40923.74,572.0,0.3,12,South,1
59,Male,38072.42,660.0,0.51,39,East,1
61,Female,33974.96,551.0,0.45,41,East,1
41,Male,33087.73,489.0,0.81,20,East,0
52,Male,73553.4,579.0,0.32,30,North,1
39,Female,35701.9,699.0,0.88,15,East,0
43,Male,34293.31,655.0,0.7,19,South,0
30,Male,52243.98,685.0,0.65,9,South,0
74,Male,51076.93,666.0,0.34,45,East,1
58,Female,54476.3,770.0,0.87,36,South,1
50,Female,78502.07,624.0,0.35,28,East,1
68,Female,34035.19,658.0,0.42,45,East,1
73,Female,50991.13,588.0,0.58,45,West,1
74,Female,54076.67,547.0,0.57,45,East,1
41,Female,67721.11,582.0,0.63,21,East,1
62,Male,55915.4,594.0,0.34,42,South,1
54,Female,99718.56,550.0,0.35,34,North,1
38,Male,29861.65,689.0,0.36,18,South,1
62,Male,104663.5,702.0,0.87,39,South,1
29,Male,40484.1,488.0,0.7,5,South,0
49,Male,66384.5,563.0,0.54,27,South,1
67,Female,39377.67,583.0,0.86,43,East,0
38,Male,44384.59,617.0,0.44,14,South,1
66,Female,49873.52,658.0,0.37,45,South,1
49,Male,58559.75,666.0,0.44,25,East,1
32,Female,25000.0,624.0,0.69,11,East,0
64,Female,41672.65,677.0,0.81,41,South,1
62,Female,50534.08,611.0,0.6,40,West,1
51,Male,40386.87,663.0,0.56,27,South,1
73,Male,76795.94,580.0,0.69,45,North,1
44,Male,55992.44,512.0,0.55,21,West,1
71,Male,33232.81,664.0,0.38,45,South,1
32,Female,69592.51,520.0,0.76,11,South,0
69,Male,50435.17,649.0,0.45,45,South,1
65,Female,59679.19,570.0,0.78,44,East,1
74,Male,76528.25,804.0,0.85,45,South,1
41,Female,49645.38,766.0,0.73,20,South,1
68,Male,87261.41,715.0,0.51,45,South,1
45,Male,51424.51,647.0,0.32,21,East,1
39,Female,25000.0,602.0,0.33,16,South,1
39,Female,53303.43,530.0,0.38,15,South,1
48,Female,71618.14,514.0,0.88,26,South,0
50,Female,66896.82,651.0,0.33,29,West,1
69,Male,72541.97,679.0,0.4,45,West,1
31,Female,38249.29,610.0,0.82,9,West,0
48,Female,75189.83,543.0,0.61,28,West,1
55,Male,78260.23,628.0,0.84,33,South,1
33,Female,32535.28,626.0,0.87,12,North,0
47,Male,46371.91,535.0,0.69,27,South,0
31,Female,25000.0,573.0,0.45,8,North,0
40,Male,57860.98,741.0,0.85,17,South,0
37,Female,38181.43,596.0,0.58,14,South,0
43,Male,54251.78,466.0,0.53,19,South,0
63,Male,62655.63,545.0,0.32,41,South,1
62,Female,28371.03,668.0,0.62,39,West,1
40,Female,66738.42,487.0,0.47,20,West,1
73,Female,33140.77,718.0,0.87,45,South,1
41,Female,62473.06,628.0,0.77,19,West,0
39,Male,60391.54,642.0,0.66,19,East,1
72,Female,29826.53,756.0,0.69,45,South,1
31,Female,70135.56,596.0,0.81,7,South,0
29,Male,56173.33,671.0,0.89,7,South,0
31,Female,97997.37,631.0,0.77,9,East,1
38,Female,36487.83,677.0,0.4,15,East,1
55,Male,34393.97,535.0,0.56,32,South,0
69,Male,63088.27,687.0,0.67,45,West,1
49,Male,56517.73,662.0,0.69,26,East,1
39,Male,25000.0,715.0,0.69,19,East,0
58,Male,59634.82,536.0,0.5,34,East,1
30,Male,51995.82,613.0,0.53,6,West,0
57,Male,104631.67,611.0,0.88,37,East,1
67,Male,71837.39,497.0,0.89,45,West,1
64,Female,62777.12,579.0,0.55,41,South,1
29,Male,82189.44,528.0,0.38,7,North,1
59,Male,47505.7,760.0,0.32,36,South,1
58,Female,48813.15,617.0,0.64,34,South,1
68,Female,59788.78,627.0,0.86,45,West,1
28,Female,63324.19,683.0,0.61,8,West,1
29,Female,55316.48,543.0,0.65,8,North,0
73,Male,75268.03,573.0,0.68,45,South,1
34,Female,56802.94,798.0,0.5,10,West,1
37,Female,52679.24,746.0,0.45,16,West,1
39,Male,65786.13,693.0,0.74,16,East,1
31,Male,75115.22,562.0,0.84,8,South,0
40,Male,69522.04,666.0,0.62,18,South,1
55,Female,61877.06,850.0,0.6,31,East,1
34,Male,50739.07,608.0,0.47,12,South,1
37,Male,76039.89,597.0,0.52,15,North,1
30,Female,54223.58,544.0,0.73,8,South,0
72,Female,38706.33,493.0,0.57,45,South,1
73,Male,43984.52,696.0,0.75,45,South,1
30,Female,54620.59,479.0,0.54,6,East,0
53,Female,83479.54,638.0,0.75,33,West,1
42,Female,46125.76,715.0,0.33,20,South,1
47,Female,31281.56,662.0,0.83,27,West,0
55,Female,62701.44,569.0,0.6,32,South,1
58,Male,60490.03,676.0,0.79,38,South,1
61,Female,73099.87,731.0,0.51,38,South,1
55,Male,77214.62,701.0,0.83,31,South,1
64,Male,111675.26,542.0,0.32,44,South,1
48,Male,90487.12,633.0,0.63,25,East,1
57,Female,44734.68,606.0,0.5,35,South,1
29,Female,45650.14,503.0,0.86,8,South,0
43,Female,46189.03,700.0,0.88,20,South,0
58,Male,67411.87,526.0,0.69,37,South,1
51,Female,85670.44,674.0,0.83,28,South,1
63,Male,65607.12,547.0,0.5,39,South,1
40,Male,53540.92,672.0,0.66,18,South,1
30,Male,94515.94,684.0,0.43,6,South,1
30,Female,33451.88,507.0,0.7,7,South,0
29,Female,63049.97,589.0,0.5,7,North,1
61,Male,70845.32,671.0,0.72,38,South,1
50,Male,84647.4,642.0,0.7,29,West,1
63,Male,66548.34,623.0,0.47,42,East,1
52,Female,60811.96,645.0,0.88,32,East,0
33,Male,68671.65,629.0,0.76,12,West,0
66,Female,85323.78,747.0,0.79,42,South,1
73,Male,74247.66,725.0,0.59,45,East,1
63,Female,37651.8,588.0,0.71,41,South,1
29,Female,60701.75,558.0,0.67,6,West,0
58,Male,68182.76,588.0,0.38,38,South,1
64,Female,51513.82,724.0,0.57,42,South,1
33,Male,85380.4,642.0,0.87,11,South,0
38,Male,39385.39,585.0,0.89,17,North,0
68,Female,56661.03,685.0,0.71,45,West,1
59,Female,28626.48,524.0,0.55,37,North,1
65,Female,48813.99,784.0,0.73,42,South,1
31,Female,32053.95,701.0,0.69,9,South,0
37,Female,68785.07,535.0,0.44,13,South,1
34,Male,55410.43,635.0,0.58,12,East,1
59,Female,43018.57,699.0,0.52,38,South,1
38,Male,46391.63,677.0,0.52,18,East,1
28,Female,51589.93,705.0,0.52,4,South,1
37,Male,35233.22,709.0,0.42,17,South,1
57,Male,48525.03,606.0,0.38,33,West,1
70,Female,68360.77,644.0,0.64,45,East,1
35,Female,61646.47,516.0,0.66,11,North,0
63,Female,40276.98,844.0,0.46,42,South,1
44,Male,55997.88,738.0,0.9,22,South,0
68,Female,56167.44,716.0,0.81,45,North,1
59,Female,91039.01,446.0,0.38,38,South,1
62,Female,64607.02,766.0,0.44,42,North,1
28,Female,26576.78,731.0,0.63,4,West,0
65,Female,78330.35,533.0,0.8,42,West,1
39,Female,59101.52,695.0,0.47,17,East,1
69,Female,62813.48,588.0,0.61,45,East,1
35,Male,42513.46,722.0,0.9,15,East,0
61,Female,61752.67,613.0,0.8,38,North,1
29,Female,86009.16,597.0,0.82,9,South,0
49,Female,50251.48,670.0,0.36,29,East,1
72,Female,55796.44,688.0,0.5,45,West,1
49,Male,54683.03,552.0,0.6,25,South,1
55,Male,43456.87,705.0,0.38,33,South,1
61,Male,33259.93,685.0,0.75,39,West,1
74,Female,56360.68,653.0,0.42,45,South,1
37,Female,67215.3,573.0,0.65,15,East,1
35,Female,72480.02,707.0,0.43,15,West,1
60,Female,52386.78,476.0,0.43,39,South,1
71,Female,104732.78,704.0,0.71,45,East,1
50,Female,87190.25,458.0,0.7,26,East,1
33,Female,74476.37,645.0,0.86,10,East,0
51,Female,80006.5,607.0,0.4,31,South,1
65,Male,30975.33,667.0,0.57,45,South,1
40,Female,34907.52,458.0,0.76,20,West,0
52,Female,49289.62,565.0,0.69,30,East,0
46,Male,66010.47,640.0,0.89,26,East,0
63,Female,56391.62,621.0,0.3,40,East,1
40,Female,70848.91,649.0,0.34,20,South,1
60,Female,40233.47,700.0,0.47,39,North,1
60,Male,83016.55,641.0,0.7,37,East,1
51,Male,64380.1,634.0,0.52,29,North,1
68,Female,42612.96,722.0,0.52,45,West,1
61,Male,37072.28,758.0,0.65,37,South,1
45,Male,37833.64,749.0,0.31,22,South,1
56,Male,49988.62,545.0,0.58,34,South,1
56,Male,46267.74,688.0,0.62,36,East,1
35,Female,84293.99,617.0,0.78,14,West,1
32,Female,73835.86,550.0,0.9,12,South,0
63,Female,51717.88,604.0,0.89,42,South,0
67,Male,62147.34,606.0,0.65,44,South,1
66,Female,75565.04,742.0,0.69,43,South,1
46,Female,25000.0,612.0,0.33,23,South,1
46,Male,28740.74,636.0,0.81,26,West,0
61,Male,25000.0,651.0,0.68,39,South,1
37,Female,56007.35,585.0,0.31,17,East,1
29,Female,60369.53,594.0,0.3,5,East,1
35,Male,41936.91,641.0,0.34,14,East,1
57,Female,87534.76,642.0,0.43,37,West,1
30,Female,68948.27,705.0,0.7,10,South,1
35,Female,52322.03,657.0,0.54,12,North,1
43,Female,30320.38,625.0,0.48,22,North,1
46,Female,49742.62,575.0,0.42,23,West,1
48,Male,79949.62,746.0,0.87,27,South,1
39,Male,70059.42,842.0,0.49,17,East,1
44,Male,65160.05,636.0,0.37,21,West,1
51,Female,25000.0,386.0,0.45,30,South,0
68,Male,55505.42,598.0,0.64,45,South,1
67,Male,25000.0,609.0,0.43,44,South,1
59,Male,60260.83,700.0,0.81,35,North,1
67,Male,62751.99,654.0,0.4,43,West,1
59,Male,53954.22,713.0,0.88,36,South,1
28,Male,83456.65,767.0,0.3,6,South,1
66,Female,46073.96,672.0,0.7,42,East,1
66,Female,56812.84,581.0,0.49,45,North,1
39,Male,46982.61,600.0,0.63,16,West,0
39,Female,33177.31,639.0,0.64,19,South,0
63,Female,45314.15,625.0,0.45,42,South,1
38,Female,60328.66,555.0,0.89,15,North,0
52,Male,82747.1,518.0,0.49,29,East,1
52,Female,68165.23,687.0,0.88,29,South,1
71,Female,61842.64,679.0,0.78,45,South,1
33,Female,45847.13,692.0,0.82,12,South,0
72,Male,73684.55,683.0,0.82,45,East,1
38,Male,58946.14,609.0,0.6,18,North,1
50,Male,40996.84,667.0,0.46,28,East,1
57,Male,53547.51,665.0,0.53,36,East,1
50,Male,63739.28,561.0,0.32,28,East,1
71,Female,25000.0,668.0,0.34,45,South,1
53,Male,37669.66,599.0,0.32,29,East,1
36,Male,29055.83,518.0,0.4,16,East,0
57,Male,59439.16,613.0,0.7,34,South,1
51,Male,66870.72,680.0,0.36,30,South,1
29,Male,53626.1,499.0,0.72,9,North,0
31,Male,83824.42,716.0,0.7,10,West,1
66,Female,43260.77,627.0,0.31,45,East,1
48,Female,56162.37,635.0,0.89,27,West,0
65,Female,69515.66,553.0,0.76,43,East,1
54,Male,73350.37,720.0,0.79,30,South,1
45,Female,94521.91,635.0,0.69,21,East,1
33,Female,76003.85,665.0,0.8,10,East,0
73,Male,30480.86,688.0,0.82,45,West,1
57,Male,43886.14,727.0,0.39,36,South,1
30,Female,51738.19,532.0,0.81,7,East,0
67,Male,26628.4,559.0,0.4,45,East,1
60,Male,69053.28,461.0,0.63,38,South,1
63,Female,43121.96,677.0,0.53,43,South,1
48,Male,40105.87,525.0,0.67,24,East,0
41,Male,77656.39,559.0,0.78,20,South,1
28,Female,76536.82,651.0,0.69,5,South,1
37,Female,57173.52,754.0,0.57,17,South,1
43,Female,46665.59,735.0,0.35,19,South,1
65,Female,49329.35,621.0,0.74,41,South,1
32,Female,66803.17,674.0,0.39,9,South,1
60,Female,84827.7,628.0,0.43,37,East,1
67,Male,61010.12,643.0,0.59,45,South,1
42,Male,66510.6,821.0,0.61,18,North,1
49,Male,36056.2,551.0,0.31,27,South,1
47,Male,60835.37,567.0,0.58,25,East,1
55,Female,78017.78,636.0,0.59,32,South,1
65,Female,58090.06,630.0,0.64,42,South,1
60,Female,48887.03,694.0,0.33,39,South,1
67,Female,70089.88,608.0,0.84,43,South,1
74,Male,69369.37,559.0,0.57,45,South,1
68,Female,56814.4,685.0,0.35,45,South,1
72,Female,73629.8,470.0,0.54,45,South,1
42,Male,99464.97,613.0,0.56,20,East,1
31,Male,32842.06,670.0,0.38,9,East,1
56,Male,38830.86,652.0,0.45,33,South,1
43,Female,25000.0,544.0,0.34,21,West,1
42,Female,55047.2,675.0,0.57,19,South,1
72,Female,68694.64,648.0,0.79,45,South,1
39,Male,53086.6,741.0,0.61,17,East,1
66,Male,70509.22,665.0,0.73,43,South,1
72,Male,36747.53,770.0,0.65,45,East,1
35,Female,49538.35,653.0,0.44,13,South,1
49,Female,68280.13,621.0,0.81,27,East,1
65,Male,43532.3,621.0,0.8,43,South,1
36,Male,42026.0,667.0,0.32,12,South,1
41,Female,53534.05,810.0,0.89,17,South,0
45,Female,81936.98,662.0,0.42,22,North,1
72,Male,25000.0,623.0,0.57,45,West,1
53,Male,48061.0,666.0,0.57,32,West,1
73,Female,65663.37,750.0,0.53,45,South,1
74,Female,72958.41,547.0,0.89,45,South,1
28,Male,48634.37,496.0,0.51,4,South,0
33,Male,49888.08,727.0,0.32,10,West,1
35,Male,63105.77,721.0,0.56,11,South,1
41,Female,40476.59,660.0,0.61,18,North,0
41,Male,63906.34,691.0,0.74,17,South,1
38,Male,61225.03,648.0,0.74,16,West,0
33,Male,47135.04,727.0,0.55,11,North,1
73,Female,51770.94,727.0,0.45,45,East,1
65,Male,63982.35,646.0,0.84,44,South,1
45,Male,66921.53,707.0,0.58,22,South,1
70,Female,25000.0,542.0,0.5,45,South,1
48,Female,66061.62,772.0,0.6,24,South,1
37,Female,49487.98,599.0,0.52,15,South,1
37,Male,57609.32,545.0,0.41,14,South,1
34,Male,60140.21,744.0,0.63,12,East,1
34,Male,65075.19,567.0,0.43,12,South,1
68,Female,85262.75,636.0,0.4,45,East,1
48,Male,94759.26,442.0,0.62,27,East,1
39,Male,68920.08,563.0,0.43,16,West,1
68,Female,52103.06,609.0,0.67,45,South,1
59,Female,46733.75,740.0,0.42,37,East,1
41,Female,58567.75,709.0,0.76,19,East,1
54,Male,71035.74,706.0,0.82,32,South,1
59,Female,35014.65,655.0,0.71,35,West,1
70,Male,50240.93,640.0,0.65,45,South,1
48,Female,42428.95,598.0,0.74,24,South,0
42,Female,63002.72,545.0,0.81,22,West,0
64,Male,46893.57,677.0,0.68,44,West,1
63,Female,61006.71,551.0,0.43,42,East,1
50,Female,55483.7,615.0,0.62,26,East,1
60,Female,40946.31,643.0,0.84,38,West,0
44,Female,73823.55,610.0,0.72,21,South,1
48,Male,38497.87,685.0,0.58,26,South,1
33,Male,50519.2,615.0,0.75,9,East,0
44,Male,25000.0,541.0,0.39,21,South,0
51,Female,74965.76,706.0,0.37,31,South,1
49,Male,64915.74,631.0,0.45,26,South,1
43,Female,50335.0,701.0,0.68,19,East,1
35,Female,35266.94,708.0,0.57,11,South,0
50,Female,62580.2,664.0,0.58,29,West,1
61,Male,54456.95,718.0,0.6,39,West,1
51,Male,84138.66,690.0,0.39,31,South,1
64,Female,77858.79,577.0,0.84,40,West,1
55,Female,49662.78,704.0,0.86,34,South,1
41,Male,69836.12,737.0,0.76,20,South,1
45,Female,54001.58,671.0,0.41,22,North,1
29,Male,79083.49,836.0,0.49,7,South,1
55,Male,63601.3,586.0,0.62,32,North,1
74,Male,92933.48,622.0,0.59,45,East,1
35,Male,41293.31,728.0,0.57,15,South,1
46,Female,40946.02,714.0,0.39,26,East,1
28,Female,25000.0,599.0,0.63,6,South,0
53,Female,55081.16,533.0,0.56,33,South,1
53,Female,57461.25,652.0,0.67,29,South,1
51,Female,44649.84,571.0,0.41,30,South,1
28,Female,74942.77,648.0,0.35,8,South,1
56,Female,45363.22,668.0,0.87,34,North,0
70,Male,51631.7,453.0,0.68,45,East,1
45,Male,42423.86,611.0,0.79,24,West,0
71,Male,85634.08,635.0,0.59,45,East,1
56,Male,25000.0,750.0,0.74,34,North,0
51,Male,80100.79,709.0,0.54,30,South,1
49,Male,63003.72,508.0,0.69,26,North,0
31,Male,67212.09,723.0,0.74,7,East,0
47,Male,33916.44,543.0,0.45,27,West,1
40,Female,61059.41,683.0,0.76,16,West,0
42,Male,47998.04,617.0,0.6,18,West,0
65,Female,35640.6,513.0,0.35,43,South,1
67,Female,78129.18,621.0,0.6,45,South,1
30,Female,68589.22,580.0,0.47,9,South,1
73,Male,78647.01,622.0,0.42,45,West,1
62,Male,63059.88,792.0,0.38,38,North,1
44,Male,60723.94,668.0,0.76,24,East,1
34,Male,35680.67,575.0,0.66,13,West,0
72,Female,84749.82,469.0,0.34,45,West,1
54,Male,67884.6,545.0,0.66,31,East,1
56,Male,55782.22,716.0,0.74,35,East,1
38,Female,38520.53,579.0,0.84,15,East,0
60,Female,61495.93,660.0,0.53,36,South,1
61,Male,47030.28,660.0,0.74,41,North,1
28,Female,70165.01,729.0,0.34,4,South,1
62,Female,25000.0,570.0,0.79,40,South,0
54,Male,57178.44,547.0,0.53,31,West,1
70,Female,71837.04,737.0,0.59,45,North,1
44,Male,55211.72,510.0,0.58,21,South,0
67,Male,44223.17,596.0,0.32,43,West,1
66,Female,42334.68,737.0,0.82,45,North,1
50,Female,60725.51,601.0,0.59,30,South,1
40,Female,68604.53,709.0,0.5,19,West,1
38,Female,65816.92,752.0,0.37,15,East,1
52,Female,79167.73,741.0,0.53,28,South,1
28,Female,102604.94,618.0,0.46,5,South,1
41,Male,62467.46,699.0,0.55,19,East,1
42,Female,46253.85,598.0,0.79,22,South,0
62,Female,56792.18,653.0,0.7,40,East,1
38,Male,30644.35,627.0,0.85,15,North,0
67,Male,38407.86,600.0,0.66,45,West,1
43,Female,77699.93,710.0,0.42,20,East,1
48,Female,74873.09,734.0,0.66,25,East,1
32,Female,55383.33,608.0,0.42,8,West,1
29,Male,54071.7,762.0,0.45,7,West,1
63,Male,77958.84,525.0,0.75,39,West,1
42,Female,53585.81,811.0,0.53,19,East,1
60,Male,64025.13,656.0,0.34,37,South,1
36,Male,38070.54,656.0,0.74,12,South,0
48,Male,46716.0,735.0,0.63,25,West,1
44,Female,49631.6,734.0,0.73,21,South,1
32,Male,25000.0,683.0,0.57,8,South,0
49,Male,25000.0,537.0,0.52,28,West,0
28,Female,96422.82,582.0,0.72,4,North,1
71,Female,65855.29,792.0,0.63,45,North,1
58,Male,39221.0,611.0,0.7,38,South,1
60,Female,53887.3,456.0,0.8,37,South,0
73,Male,92394.27,693.0,0.5,45,East,1
71,Male,80257.86,599.0,0.85,45,South,1
68,Female,52623.84,650.0,0.36,45,East,1
65,Female,86029.29,686.0,0.56,41,South,1
58,Female,46282.29,631.0,0.87,38,East,0
69,Male,79236.85,610.0,0.44,45,South,1
52,Female,74131.36,511.0,0.58,32,West,1
44,Female,74981.43,614.0,0.31,21,South,1
53,Female,53651.69,569.0,0.66,31,South,1
54,Female,60403.75,474.0,0.83,32,North,0
62,Male,59798.67,626.0,0.42,40,South,1
37,Male,34118.6,710.0,0.82,16,South,0
40,Male,64776.62,606.0,0.4,18,West,1
68,Male,60886.56,524.0,0.84,45,South,1
28,Female,85587.87,723.0,0.59,6,South,1
52,Male,88180.32,668.0,0.33,29,South,1
37,Female,71880.46,677.0,0.47,13,North,1
74,Male,38361.49,683.0,0.62,45,South,1
66,Female,75708.21,662.0,0.75,45,North,1
51,Female,59919.61,489.0,0.58,27,West,1
42,Female,25000.0,628.0,0.85,22,South,0
71,Female,52991.93,799.0,0.84,45,South,1
28,Male,44281.99,538.0,0.82,7,South,0
32,Male,46525.44,690.0,0.79,12,South,0
50,Female,79880.05,764.0,0.43,28,North,1
74,Male,61956.96,503.0,0.53,45,South,1
31,Male,77809.57,642.0,0.69,11,South,1
36,Male,50279.73,705.0,0.79,13,West,0
43,Female,52651.61,545.0,0.32,21,East,1
40,Male,35539.71,718.0,0.53,20,East,1
61,Male,56253.52,676.0,0.42,37,South,1
39,Male,74186.45,694.0,0.43,17,East,1
65,Male,25000.0,469.0,0.36,43,West,1
56,Female,70040.6,654.0,0.45,32,South,1
48,Male,39788.04,616.0,0.33,26,South,1
41,Male,36028.15,575.0,0.34,20,West,1
49,Female,70131.92,576.0,0.72,29,South,1
38,Female,73091.79,550.0,0.56,18,West,1
31,Male,40741.33,741.0,0.44,7,South,1
55,Male,65092.48,617.0,0.85,34,West,1
64,Male,49255.95,521.0,0.87,43,East,0
49,Female,55024.84,505.0,0.42,29,South,1
61,Male,87509.23,715.0,0.56,37,South,1
41,Female,58842.76,811.0,0.56,19,South,1
72,Male,36927.67,511.0,0.67,45,East,1
48,Female,79225.77,589.0,0.83,26,South,1
74,Female,25000.0,567.0,0.35,45,South,1
51,Female,72359.13,712.0,0.41,29,East,1
36,Female,105605.64,695.0,0.8,15,East,1
49,Female,55924.01,587.0,0.52,28,West,1
60,Male,45399.11,685.0,0.52,39,West,1
37,Female,68732.91,657.0,0.65,15,South,1
52,Female,58714.04,634.0,0.32,31,North,1
38,Female,66122.52,615.0,0.53,17,South,1
37,Female,32564.57,686.0,0.33,14,West,1
42,Female,90148.02,593.0,0.59,22,West,1
73,Male,51602.51,611.0,0.88,45,South,1
30,Female,47611.49,679.0,0.47,10,South,1
55,Male,63827.61,593.0,0.51,33,South,1
31,Female,62423.87,593.0,0.49,11,South,1
51,Female,33927.54,747.0,0.5,29,East,1
65,Female,45741.57,641.0,0.5,45,South,1
53,Male,48366.98,626.0,0.47,33,East,1
37,Female,41428.94,688.0,0.62,17,South,0
28,Male,46721.89,632.0,0.53,6,South,0
50,Male,42803.18,600.0,0.71,28,South,0
32,Male,74664.61,559.0,0.33,10,South,1
37,Female,57481.53,648.0,0.37,13,South,1
46,Male,25000.0,518.0,0.54,26,West,0
41,Female,88044.25,495.0,0.7,20,South,1
53,Female,60165.96,763.0,0.75,33,South,1
45,Male,42745.27,569.0,0.52,24,East,1
59,Female,47429.2,603.0,0.33,35,South,1
39,Male,56822.34,628.0,0.64,19,South,1
30,Female,62611.97,798.0,0.47,7,East,1
61,Male,43395.87,584.0,0.39,41,West,1
66,Male,42829.72,591.0,0.81,44,West,1
29,Male,67712.74,610.0,0.58,7,South,1
37,Female,62601.83,640.0,0.7,17,South,1
67,Female,71356.17,606.0,0.32,45,West,1
68,Male,51699.17,554.0,0.4,44,North,1
31,Male,54090.26,731.0,0.32,9,South,1
39,Female,56955.38,606.0,0.73,18,East,0
42,Male,45227.38,693.0,0.8,22,North,0
63,Female,54516.62,628.0,0.72,42,South,1
49,Male,63024.5,787.0,0.62,29,West,1
64,Male,53037.27,656.0,0.42,44,South,1
72,Male,90486.26,793.0,0.52,45,West,1
58,Female,57434.52,510.0,0.36,36,South,1
60,Female,59624.03,687.0,0.79,38,West,1
45,Female,45011.35,557.0,0.31,23,South,1
41,Female,35065.93,697.0,0.8,20,North,0
41,Female,50140.52,618.0,0.4,20,West,1
30,Male,49666.1,600.0,0.38,8,East,1
60,Female,76743.46,629.0,0.82,40,North,1
32,Female,65332.03,557.0,0.83,10,North,0
50,Male,73968.36,608.0,0.8,26,West,1
39,Female,86787.89,663.0,0.53,15,East,1
60,Male,38124.9,734.0,0.79,38,North,1
72,Male,33904.84,632.0,0.89,45,West,0
49,Female,38381.61,594.0,0.8,28,South,0
72,Female,81989.97,494.0,0.75,45,South,1
63,Female,61385.74,506.0,0.54,39,West,1
43,Female,68593.6,708.0,0.42,22,East,1
35,Female,56188.59,709.0,0.34,15,North,1
40,Female,58431.18,702.0,0.59,18,South,1
35,Female,65590.84,750.0,0.49,13,South,1
45,Female,73565.8,642.0,0.81,24,South,1
33,Male,53369.58,766.0,0.56,12,East,1
42,Male,61621.26,628.0,0.84,22,North,0
72,Female,44939.28,621.0,0.7,45,West,1
53,Female,55309.24,713.0,0.79,29,East,1
38,Female,63686.92,724.0,0.42,18,North,1
57,Female,25000.0,617.0,0.64,34,West,0
60,Male,61871.08,563.0,0.56,36,North,1
63,Female,60439.07,489.0,0.64,40,South,1
48,Female,58760.84,691.0,0.52,25,South,1
40,Male,54350.1,534.0,0.62,19,North,0
72,Female,28152.83,680.0,0.67,45,South,1
37,Female,76108.8,641.0,0.48,17,East,1
45,Male,68519.37,679.0,0.74,25,South,1
37,Male,25000.0,534.0,0.84,15,West,0
46,Female,50824.12,578.0,0.8,26,West,0
57,Female,38069.13,655.0,0.34,37,North,1
47,Female,76380.87,577.0,0.44,25,South,1
52,Female,64691.11,657.0,0.43,28,North,1
74,Female,55090.98,604.0,0.54,45,South,1
46,Male,47747.94,685.0,0.72,22,South,0
41,Male,43072.67,605.0,0.85,20,South,0
58,Male,32945.91,625.0,0.6,37,East,1
49,Female,49006.87,550.0,0.87,27,North,0
41,Male,44436.94,695.0,0.76,21,West,0
47,Female,51418.22,563.0,0.84,25,West,0
38,Male,55633.57,767.0,0.58,17,East,1
41,Male,60029.58,563.0,0.8,19,North,0
45,Female,55436.19,635.0,0.88,25,South,0
64,Female,93665.07,682.0,0.47,40,South,1
35,Female,52913.39,547.0,0.7,11,West,0
37,Female,90440.42,686.0,0.58,16,East,1
56,Female,72571.86,605.0,0.67,32,South,1
43,Female,68236.63,476.0,0.87,23,North,0
52,Male,34461.0,756.0,0.41,29,West,1
28,Female,39275.55,749.0,0.62,6,South,0
65,Female,49497.61,652.0,0.67,44,East,1
69,Male,25000.0,552.0,0.85,45,East,0
52,Male,45580.15,632.0,0.59,30,West,1
30,Male,44190.73,532.0,0.42,9,South,0
30,Male,47213.28,430.0,0.78,9,West,0
37,Male,43329.31,652.0,0.49,14,East,1
58,Male,62097.56,613.0,0.53,38,South,1
40,Male,58122.74,661.0,0.61,19,South,1
29,Male,61425.18,593.0,0.58,5,East,0
41,Female,87201.52,628.0,0.49,20,East,1
67,Male,49370.87,672.0,0.49,45,East,1
73,Male,76194.94,629.0,0.72,45,South,1
49,Female,37059.86,617.0,0.72,29,South,0
53,Female,75152.94,534.0,0.62,31,South,1
43,Female,51722.93,643.0,0.46,19,South,1
54,Male,69187.03,561.0,0.49,30,North,1
54,Female,84596.34,521.0,0.88,32,East,1
34,Female,69665.72,643.0,0.64,12,South,1
59,Male,30936.42,603.0,0.57,38,South,1
54,Male,56458.46,582.0,0.41,33,West,1
46,Male,81496.52,679.0,0.65,23,South,1
38,Female,89391.56,763.0,0.36,14,South,1
32,Male,65700.76,700.0,0.47,12,South,1
38,Male,56559.55,625.0,0.4,16,East,1
67,Male,35265.99,654.0,0.37,44,East,1
61,Male,59807.0,615.0,0.4,38,East,1
41,Male,93021.68,643.0,0.53,20,South,1
47,Male,56191.79,608.0,0.89,23,South,0
61,Female,43811.27,638.0,0.65,38,South,1
65,Female,59267.07,664.0,0.7,45,South,1
67,Female,65980.07,760.0,0.53,43,South,1
61,Female,68958.17,594.0,0.55,38,South,1
29,Male,72024.54,601.0,0.37,6,South,1
31,Female,48958.61,751.0,0.36,9,South,1
70,Male,34467.96,575.0,0.46,45,South,1
58,Male,56142.04,567.0,0.39,38,South,1
61,Male,32356.63,545.0,0.66,38,East,0
52,Female,65583.04,675.0,0.51,30,East,1
59,Female,35043.99,717.0,0.69,39,East,1
34,Female,70512.21,725.0,0.31,12,South,1
48,Male,82650.93,610.0,0.3,24,South,1
44,Female,65034.28,591.0,0.44,20,South,1
63,Female,70370.74,807.0,0.44,43,South,1
30,Male,49121.1,650.0,0.9,9,South,0
36,Female,37928.58,481.0,0.86,16,South,0
43,Male,25000.0,589.0,0.66,19,East,0
73,Female,39155.61,658.0,0.73,45,North,1
42,Male,39636.16,532.0,0.55,19,South,0
55,Male,25000.0,595.0,0.33,35,South,1
48,Male,63943.21,625.0,0.37,26,East,1
47,Male,66376.34,693.0,0.72,24,South,1
62,Male,45545.01,613.0,0.46,39,West,1
45,Female,40166.81,722.0,0.76,22,South,0
62,Male,59876.67,640.0,0.38,39,South,1
74,Female,30856.97,533.0,0.71,45,South,0
35,Female,68856.81,592.0,0.42,15,North,1
37,Male,55949.12,704.0,0.61,13,South,1
38,Female,51511.93,653.0,0.39,14,South,1
37,Female,56420.56,589.0,0.39,17,West,1
66,Female,38013.98,617.0,0.38,44,West,1
53,Male,65362.39,682.0,0.49,31,West,1
50,Male,36993.01,715.0,0.61,29,North,1
57,Female,48760.61,669.0,0.79,36,South,1
32,Female,54572.25,699.0,0.6,12,West,1
55,Female,50542.0,651.0,0.44,33,South,1
36,Male,34069.09,616.0,0.79,15,South,0
29,Female,46753.99,761.0,0.3,8,South,1
64,Female,43269.91,489.0,0.8,40,South,0
32,Female,67547.36,597.0,0.42,12,South,1
65,Female,49322.7,681.0,0.57,44,East,1
44,Female,31516.99,795.0,0.76,24,South,0
49,Male,28631.87,724.0,0.35,26,South,1
44,Male,55356.87,718.0,0.79,20,East,0
45,Female,39881.43,608.0,0.61,24,East,0
59,Female,80035.65,771.0,0.51,35,West,1
66,Male,45877.34,636.0,0.55,42,East,1
63,Male,53126.01,633.0,0.42,42,North,1
50,Male,38137.21,594.0,0.85,26,West,0
50,Female,100678.12,729.0,0.87,27,West,1
29,Female,42931.79,709.0,0.79,7,South,0
41,Female,78291.93,733.0,0.48,21,South,1
73,Male,44178.6,702.0,0.88,45,South,1
40,Male,81070.28,504.0,0.79,16,East,0
49,Female,45728.37,579.0,0.57,29,South,1
72,Male,93931.45,646.0,0.5,45,South,1
65,Male,25000.0,700.0,0.4,42,South,1
45,Female,61444.72,725.0,0.7,24,South,1
34,Male,60877.64,627.0,0.37,12,South,1
71,Female,70682.07,643.0,0.63,45,South,1
32,Male,65319.33,785.0,0.32,12,East,1
44,Female,39811.85,638.0,0.79,22,South,0
59,Female,30089.73,634.0,0.84,35,South,0
43,Female,31537.59,670.0,0.37,22,North,1
36,Female,51040.59,615.0,0.31,16,West,1
54,Female,44781.21,545.0,0.49,32,East,1
30,Female,56889.38,562.0,0.74,10,South,0
40,Female,49115.07,646.0,0.52,17,North,1
33,Female,79783.61,690.0,0.35,10,South,1
57,Male,37261.58,698.0,0.74,36,West,1
70,Female,57995.83,587.0,0.79,45,South,1
47,Female,76639.42,608.0,0.69,25,West,1
67,Female,34973.93,612.0,0.36,45,West,1
70,Male,70082.73,683.0,0.35,45,South,1
47,Male,59142.11,670.0,0.8,25,South,1
49,Male,51133.12,832.0,0.55,28,North,1
39,Male,63347.91,642.0,0.82,18,South,0
71,Female,32884.92,597.0,0.73,45,East,1
74,Male,58159.07,464.0,0.49,45,East,1
48,Female,80158.02,505.0,0.87,26,West,0
39,Female,52889.54,638.0,0.49,16,South,1
43,Male,57885.49,573.0,0.8,19,South,0
72,Male,88843.06,713.0,0.32,45,South,1
41,Male,29243.72,700.0,0.66,18,South,0
60,Female,52405.04,578.0,0.73,37,East,1
69,Female,62072.29,635.0,0.7,45,South,1
28,Female,44856.12,608.0,0.71,7,East,0
39,Female,60838.91,566.0,0.8,17,South,0
65,Male,76023.71,572.0,0.66,42,East,1
42,Female,60730.78,676.0,0.44,21,West,1
52,Female,51570.81,587.0,0.63,31,South,1
62,Female,51806.81,718.0,0.61,42,West,1
48,Female,79964.61,637.0,0.66,28,West,1
46,Female,43875.1,633.0,0.78,25,South,0
42,Male,64406.08,528.0,0.33,19,South,1
49,Female,45049.14,664.0,0.67,25,South,1
65,Male,51692.26,770.0,0.33,43,South,1
33,Male,73893.13,653.0,0.54,10,South,1
49,Female,42995.84,619.0,0.63,26,East,1
45,Female,77503.5,702.0,0.85,21,East,1
33,Female,42327.07,677.0,0.41,10,West,1
74,Male,50778.5,606.0,0.48,45,South,1
41,Female,54910.37,518.0,0.61,21,West,0
66,Female,46627.82,626.0,0.89,43,South,0
50,Male,79379.6,552.0,0.84,28,South,1
55,Male,50934.33,571.0,0.64,34,South,1
54,Female,45225.2,635.0,0.39,30,East,1
56,Male,70972.94,650.0,0.67,34,South,1
57,Male,50052.13,583.0,0.39,33,South,1
64,Male,25000.0,609.0,0.81,43,South,0
30,Male,58723.75,683.0,0.71,9,East,0
50,Male,35468.3,577.0,0.57,29,South,1
41,Female,68391.07,724.0,0.49,21,South,1
55,Female,63651.22,625.0,0.86,32,South,1
44,Female,53784.42,641.0,0.42,20,South,1
66,Female,43258.89,635.0,0.33,44,South,1
34,Female,57261.12,685.0,0.64,11,South,1
43,Female,30849.58,553.0,0.73,22,West,0
39,Male,47816.26,677.0,0.31,15,North,1
47,Male,37803.6,703.0,0.58,25,East,1
63,Male,52652.04,658.0,0.82,40,South,1
32,Male,60365.12,700.0,0.78,8,South,0
33,Male,38759.67,708.0,0.89,12,East,0
67,Female,27952.31,600.0,0.56,43,West,1
70,Female,51071.57,629.0,0.67,45,South,1
37,Male,59513.0,586.0,0.74,15,North,0
74,Male,50814.67,624.0,0.55,45,East,1
37,Male,46671.06,678.0,0.67,13,South,0
36,Female,56612.49,605.0,0.6,12,North,0
36,Female,96748.21,610.0,0.34,13,East,1
52,Female,86366.78,659.0,0.47,28,East,1
32,Female,72037.42,508.0,0.66,8,South,0
68,Male,88752.75,620.0,0.55,45,South,1
62,Male,68154.18,824.0,0.8,38,West,1
58,Male,56737.9,601.0,0.68,34,South,1
46,Male,90527.22,511.0,0.56,24,West,1
50,Female,47085.36,616.0,0.86,28,South,0
67,Female,80448.04,663.0,0.89,45,South,1
53,Female,36085.17,520.0,0.53,29,East,0
39,Female,47550.61,611.0,0.3,16,South,1
44,Male,69002.92,441.0,0.36,21,South,1
41,Female,43953.72,694.0,0.36,17,West,1
33,Female,76416.83,712.0,0.38,13,South,1
28,Female,33269.08,544.0,0.81,8,West,0
52,Female,49079.45,446.0,0.54,32,East,1
51,Female,29860.31,628.0,0.33,28,East,1
59,Female,51290.0,517.0,0.33,38,East,1
66,Male,76854.72,647.0,0.9,45,East,1
58,Female,33489.1,681.0,0.57,36,West,1
32,Male,53558.76,709.0,0.89,12,South,0
73,Female,70881.99,670.0,0.47,45,South,1
51,Male,49980.61,630.0,0.77,31,East,0
68,Male,53659.95,611.0,0.48,45,South,1
39,Female,63696.97,811.0,0.85,18,North,1
30,Male,75332.58,532.0,0.68,8,South,0
66,Female,49189.94,795.0,0.81,44,East,1
48,Male,51223.48,675.0,0.66,24,West,1
38,Male,66449.73,690.0,0.41,14,West,1
44,Female,47829.28,733.0,0.33,24,South,1
66,Male,70528.89,563.0,0.61,42,South,1
45,Female,68555.6,515.0,0.57,23,South,1
48,Male,60756.59,570.0,0.53,26,East,1
34,Male,46529.36,711.0,0.63,13,South,0
60,Male,53676.43,533.0,0.39,38,North,1
63,Female,55403.47,627.0,0.63,40,South,1
66,Female,67756.4,613.0,0.51,45,South,1
40,Male,34088.03,818.0,0.56,18,West,1
59,Male,26198.03,551.0,0.4,35,South,1
74,Female,56133.97,703.0,0.5,45,South,1
43,Male,55030.31,646.0,0.42,22,West,1
41,Female,86896.29,541.0,0.46,17,South,1
41,Male,62004.24,661.0,0.53,21,West,1
44,Female,78129.61,643.0,0.6,23,North,1
46,Female,47802.42,641.0,0.54,22,South,1
43,Male,55157.31,619.0,0.62,19,East,1
48,Female,68105.9,760.0,0.64,27,South,1
62,Male,54360.21,602.0,0.7,42,West,1
32,Male,53404.08,670.0,0.69,10,East,0
66,Female,36566.93,719.0,0.46,45,West,1
57,Male,64824.28,562.0,0.41,34,East,1
44,Male,65495.55,573.0,0.62,24,East,1
44,Female,28028.53,639.0,0.33,22,South,1
55,Male,65138.63,659.0,0.3,32,South,1
30,Female,69496.61,701.0,0.63,9,North,1
49,Male,67686.02,669.0,0.77,25,East,1
49,Male,43015.56,505.0,0.9,25,South,0
33,Female,76262.63,667.0,0.76,12,South,1
58,Male,51995.17,769.0,0.59,37,South,1
60,Male,72830.77,636.0,0.33,36,South,1
50,Female,37368.45,720.0,0.37,27,South,1
45,Male,30987.6,593.0,0.79,21,South,0
43,Female,73332.77,560.0,0.82,20,South,0
38,Female,58688.17,702.0,0.35,17,South,1
73,Male,25000.0,686.0,0.53,45,West,1
28,Male,37081.53,705.0,0.73,7,East,0
52,Female,45095.35,641.0,0.5,30,West,1
28,Female,60253.59,520.0,0.89,5,West,0
49,Male,55799.87,519.0,0.41,27,West,1
41,Male,29333.12,597.0,0.34,21,South,1
74,Female,77037.72,546.0,0.46,45,North,1
58,Female,41582.78,570.0,0.4,34,South,1
56,Female,27487.01,632.0,0.69,33,South,0
56,Male,50412.66,585.0,0.69,33,South,1
49,Male,54500.19,570.0,0.7,26,West,0
61,Male,65103.36,663.0,0.36,41,South,1
66,Female,25000.0,583.0,0.56,45,South,1
58,Female,58631.84,487.0,0.57,36,West,1
54,Female,75242.03,600.0,0.53,33,South,1
36,Female,51455.58,706.0,0.51,12,South,1
62,Female,45449.83,544.0,0.41,40,East,1
63,Female,58519.08,700.0,0.52,39,West,1
39,Male,57311.51,638.0,0.5,16,North,1
62,Male,58628.8,439.0,0.36,38,South,1
37,Male,44879.22,744.0,0.79,14,North,0
32,Male,88228.66,533.0,0.83,10,South,0
46,Female,60307.85,566.0,0.78,22,East,0
38,Male,66920.2,680.0,0.75,14,South,1
36,Female,56899.56,692.0,0.45,13,East,1
45,Female,101413.0,643.0,0.6,24,East,1
42,Male,59373.66,771.0,0.53,21,South,1
42,Male,25000.0,509.0,0.79,21,West,0
54,Female,70807.61,583.0,0.71,32,South,1
32,Male,62841.67,661.0,0.45,10,South,1
59,Male,46677.28,639.0,0.43,35,South,1
34,Male,70977.03,534.0,0.76,13,South,0
74,Male,25000.0,549.0,0.59,45,South,1
32,Female,52279.86,535.0,0.36,8,South,1
64,Female,69727.69,768.0,0.62,44,East,1
62,Female,49935.71,655.0,0.35,42,South,1
50,Female,26418.28,850.0,0.67,26,South,1
58,Female,72394.34,644.0,0.86,37,South,1
59,Male,54353.57,648.0,0.83,37,East,1
43,Male,62410.6,589.0,0.87,21,West,0
57,Female,52546.64,704.0,0.75,33,West,1
55,Male,75020.56,651.0,0.48,35,South,1
34,Male,39676.99,639.0,0.33,14,North,1
36,Female,54251.24,791.0,0.8,16,South,0
46,Female,55300.31,573.0,0.85,26,North,0
66,Female,64831.13,640.0,0.61,45,West,1
71,Male,69915.87,684.0,0.55,45,West,1
46,Male,63836.21,583.0,0.4,26,South,1
68,Female,44954.39,692.0,0.33,45,East,1
38,Male,25000.0,466.0,0.64,17,West,0
50,Male,44246.88,705.0,0.85,29,West,0
29,Female,25000.0,665.0,0.46,8,South,0
33,Male,56482.5,555.0,0.86,12,East,0
64,Male,53857.47,709.0,0.79,42,South,1
44,Female,25405.48,583.0,0.35,24,West,1
28,Male,78630.88,808.0,0.51,7,West,1
35,Male,64690.96,613.0,0.72,14,South,0
52,Female,65566.47,688.0,0.44,29,South,1
51,Male,64238.63,616.0,0.67,29,East,1
61,Female,58811.1,651.0,0.8,37,South,1
60,Male,62745.36,695.0,0.74,38,South,1
57,Female,66895.96,528.0,0.85,35,West,0
33,Male,36718.94,692.0,0.48,10,North,1
57,Female,70658.66,620.0,0.46,33,East,1
70,Female,57583.14,640.0,0.41,45,South,1
33,Male,47356.29,665.0,0.55,13,East,1
53,Female,25000.0,571.0,0.79,31,South,0
66,Female,63250.85,585.0,0.67,43,South,1
33,Male,33396.92,586.0,0.73,11,South,0
57,Female,57904.38,784.0,0.69,36,South,1
72,Female,77120.29,662.0,0.84,45,South,1
66,Female,49011.26,719.0,0.67,45,West,1
66,Male,50264.77,555.0,0.59,45,South,1
34,Female,46835.96,597.0,0.71,14,East,0
57,Male,25092.06,655.0,0.31,33,South,1
57,Female,33533.34,660.0,0.73,35,West,0
40,Female,75319.88,615.0,0.86,16,West,0
69,Male,50665.93,672.0,0.54,45,East,1
62,Male,50629.91,506.0,0.79,42,West,0
31,Female,37920.77,733.0,0.34,8,North,1
50,Female,44271.26,716.0,0.39,26,East,1
40,Female,43805.43,745.0,0.48,18,West,1
73,Female,27275.57,748.0,0.47,45,East,1
45,Female,58695.81,596.0,0.63,21,West,1
69,Female,61312.69,679.0,0.47,45,West,1
64,Male,93600.36,604.0,0.83,42,South,1
60,Female,66614.68,611.0,0.46,37,South,1
32,Male,40376.83,784.0,0.52,10,South,1
66,Male,25000.0,686.0,0.42,45,South,1
45,Female,91528.08,579.0,0.69,23,East,1
69,Female,73510.12,651.0,0.79,45,East,1
35,Male,76396.58,660.0,0.39,14,West,1
66,Male,47852.25,669.0,0.79,42,East,1
67,Male,47545.19,476.0,0.87,45,South,0
53,Male,72717.38,727.0,0.4,33,South,1
70,Female,46535.51,590.0,0.79,45,South,1
74,Male,54399.9,554.0,0.88,45,South,0
51,Male,63304.66,586.0,0.71,29,North,1
64,Female,84365.03,602.0,0.46,40,South,1
45,Male,60966.4,575.0,0.44,25,East,1
60,Male,25000.0,571.0,0.41,40,East,1
71,Female,77686.12,694.0,0.9,45,South,1
48,Female,83331.9,560.0,0.38,26,North,1
49,Male,54749.38,523.0,0.87,29,West,0
69,Female,32217.53,585.0,0.73,45,South,1
51,Male,35460.23,706.0,0.42,28,North,1
74,Female,53659.13,607.0,0.86,45,West,1
58,Male,78009.66,794.0,0.39,35,West,1
65,Male,64818.59,591.0,0.37,41,East,1
58,Male,42351.17,700.0,0.55,35,South,1
60,Female,56512.57,596.0,0.55,40,West,1
35,Male,45805.96,624.0,0.87,13,East,0
60,Female,66291.25,688.0,0.83,37,East,1
63,Male,52553.46,632.0,0.4,42,South,1
63,Male,25000.0,600.0,0.53,40,South,1
39,Female,64978.91,541.0,0.58,16,East,1
34,Male,42942.24,639.0,0.59,13,East,0
58,Female,59347.82,567.0,0.89,35,South,0
47,Male,83304.49,595.0,0.73,23,West,1
48,Male,77962.51,642.0,0.89,27,West,1
46,Male,44300.58,618.0,0.67,24,South,0
66,Female,53551.68,610.0,0.56,43,South,1
66,Male,55115.68,713.0,0.57,43,East,1
36,Male,25000.0,637.0,0.49,16,South,0
42,Male,57609.51,641.0,0.79,18,South,0
38,Male,30848.78,691.0,0.67,16,South,0
33,Female,70481.75,720.0,0.85,11,South,0
36,Female,25000.0,544.0,0.35,16,South,0
40,Male,44691.04,661.0,0.61,19,South,1
28,Male,35450.79,681.0,0.52,5,South,0
36,Male,42817.8,670.0,0.55,12,South,0
29,Male,52350.74,628.0,0.73,5,North,0
43,Female,64677.95,632.0,0.7,22,South,1
42,Male,45580.96,601.0,0.48,21,North,1
56,Female,71164.09,752.0,0.43,34,South,1
43,Female,77955.14,631.0,0.72,19,East,1
29,Female,34926.33,602.0,0.52,5,East,0
49,Male,36645.77,694.0,0.67,27,North,1
48,Male,64037.48,753.0,0.9,25,South,1
72,Female,40202.34,573.0,0.42,45,West,1
61,Female,83826.26,674.0,0.56,39,West,1
69,Male,51739.73,519.0,0.87,45,South,0
30,Male,37921.82,583.0,0.58,6,North,0
40,Male,56247.25,683.0,0.84,17,South,0
62,Female,41287.67,467.0,0.47,40,East,1
50,Female,82336.51,600.0,0.36,30,North,1
74,Male,30683.35,605.0,0.5,45,South,1
45,Female,56757.82,640.0,0.38,21,East,1
31,Female,56954.96,625.0,0.38,11,East,1
52,Female,87582.67,458.0,0.6,32,South,1
71,Male,90734.88,788.0,0.45,45,East,1
57,Male,49171.56,534.0,0.65,37,South,1
66,Female,43472.82,621.0,0.4,43,South,1
44,Female,49837.82,626.0,0.8,23,West,0
69,Male,85827.8,649.0,0.71,45,South,1
51,Male,84738.06,596.0,0.9,31,West,1
56,Male,47491.58,502.0,0.47,32,West,1
44,Female,64067.37,659.0,0.36,20,East,1
58,Male,51424.55,629.0,0.31,34,South,1
