age,gender,income,credit_score,debt_ratio,employment_years,region,approved
60,Female,54959.31,719.0,0.43,40,East,1
46,Female,69396.26,675.0,0.8,23,North,0
54,Female,68898.53,684.0,0.54,34,West,1
25,Female,52237.08,634.0,0.21,3,North,0
23,Female,99678.15,788.0,0.8,0,West,0
49,Male,76465.86,720.0,0.63,29,South,1
43,Male,75530.33,665.0,0.19,21,West,1
38,Female,61391.8,652.0,0.34,15,South,0
26,Female,67955.69,599.0,0.35,5,East,0
47,Male,113551.41,644.0,0.33,24,North,1
62,Female,51892.49,688.0,0.49,40,East,1
55,Male,93762.04,750.0,0.21,34,West,1
59,Female,78755.46,576.0,0.22,39,West,1
40,Male,112398.1,709.0,0.39,16,West,1
47,Female,78890.63,715.0,0.69,23,North,0
41,Female,66250.24,753.0,0.75,17,East,0
63,Male,65630.97,650.0,0.29,42,West,1
45,Female,100699.98,681.0,0.26,23,East,1
64,Female,87333.79,680.0,0.31,40,South,1
55,Female,72530.36,681.0,0.67,35,South,0
26,Female,110302.97,585.0,0.35,6,West,1
31,Female,36550.84,675.0,0.57,10,East,0
31,Male,62846.39,626.0,0.11,11,West,1
68,Female,55487.72,727.0,0.21,44,North,1
63,Female,69705.66,629.0,0.4,42,North,1
52,Male,64124.05,710.0,0.2,28,West,1
29,Female,86031.98,729.0,0.32,9,West,1
35,Male,75628.03,626.0,0.74,12,North,0
53,Male,40500.74,594.0,0.22,30,North,1
60,Male,42995.19,602.0,0.15,39,North,1
38,Female,77603.83,688.0,0.28,15,South,1
65,Female,96469.85,719.0,0.71,42,South,1
26,Female,60841.38,603.0,0.14,2,North,0
68,Male,49612.92,575.0,0.46,45,West,1
69,Male,58144.62,663.0,0.77,45,South,1
62,Female,83237.18,610.0,0.65,38,North,0
57,Male,84938.09,712.0,0.42,36,North,1
60,Male,38706.67,745.0,0.8,40,South,0
51,Male,76217.02,702.0,0.55,31,East,1
47,Male,92523.52,607.0,0.3,27,North,1
53,Female,45274.08,787.0,0.31,29,West,1
56,Female,84132.51,612.0,0.43,32,West,1
55,Male,63933.74,751.0,0.6,35,West,1
66,Male,72377.85,684.0,0.53,45,West,1
22,Male,79362.92,742.0,0.48,2,West,1
24,Male,80809.33,740.0,0.25,3,South,1
69,Female,67732.33,581.0,0.79,45,North,0
49,Male,110995.56,669.0,0.21,28,South,1
28,Male,63215.74,651.0,0.59,7,South,0
39,Male,77050.85,727.0,0.45,17,North,1
51,Male,69307.37,715.0,0.25,29,North,1
48,Male,109338.63,527.0,0.47,25,East,1
51,Female,84344.83,718.0,0.79,28,North,0
34,Female,34566.86,753.0,0.69,10,South,0
30,Female,91520.92,651.0,0.73,7,East,0
22,Male,104575.72,698.0,0.64,1,South,1
54,Male,39723.82,797.0,0.77,32,South,0
48,Female,48772.28,750.0,0.71,24,North,0
22,Male,71232.19,735.0,0.72,1,West,0
39,Female,78493.37,652.0,0.43,19,East,1
44,Female,109657.86,612.0,0.55,21,North,1
30,Female,39471.28,465.0,0.64,10,West,0
40,Male,51375.06,709.0,0.48,20,East,1
67,Male,46194.55,694.0,0.74,43,West,1
38,Male,56134.96,505.0,0.28,18,West,1
48,Male,81136.24,740.0,0.62,24,South,1
65,Female,67453.37,647.0,0.35,45,North,1
47,Female,96527.38,569.0,0.43,25,South,1
23,Female,39087.64,616.0,0.67,3,East,0
46,Male,72416.44,660.0,0.61,23,North,1
69,Female,58353.46,593.0,0.51,45,East,1
67,Male,25000.0,628.0,0.19,45,West,1
33,Female,80464.59,660.0,0.61,12,West,0
25,Male,56138.47,635.0,0.36,5,South,0
46,Female,25000.0,702.0,0.77,24,South,0
42,Male,50003.2,672.0,0.73,20,South,0
63,Male,54256.01,692.0,0.35,39,East,1
51,Female,82794.2,676.0,0.36,30,West,1
50,Male,64117.68,598.0,0.49,29,East,1
25,Male,69450.96,648.0,0.52,2,West,0
36,Male,78936.1,642.0,0.73,14,West,0
38,Female,76476.44,718.0,0.63,14,South,0
40,Female,62725.63,689.0,0.57,17,North,0
24,Male,52794.94,762.0,0.22,1,South,1
69,Male,54173.4,752.0,0.13,45,North,1
57,Male,36903.14,707.0,0.53,35,South,1
44,Female,41878.77,624.0,0.27,24,East,0
47,Male,41830.48,646.0,0.27,23,East,1
38,Male,91802.69,656.0,0.4,18,West,1
57,Male,71200.02,590.0,0.35,33,North,1
37,Female,42835.35,636.0,0.6,17,East,0
33,Female,65042.61,686.0,0.69,10,East,0
35,Female,59973.88,706.0,0.6,14,South,0
46,Female,67516.97,649.0,0.68,25,East,0
53,Male,102582.03,772.0,0.7,30,North,1
50,Male,89377.14,648.0,0.61,27,East,1
55,Female,43823.08,689.0,0.51,31,North,0
55,Female,46897.62,524.0,0.47,31,South,0
54,Male,36530.92,670.0,0.48,34,West,1
40,Female,79152.57,699.0,0.2,19,South,1
54,Male,70437.77,650.0,0.38,34,East,1
41,Male,33696.47,698.0,0.43,17,West,0
59,Male,88020.45,755.0,0.34,38,North,1
64,Female,87859.93,771.0,0.33,40,West,1
64,Female,35308.92,641.0,0.27,42,West,1
41,Male,58277.11,772.0,0.51,20,South,1
33,Female,87476.14,696.0,0.51,9,West,0
67,Female,55763.47,665.0,0.21,43,East,1
63,Male,70357.08,642.0,0.61,39,North,1
45,Male,72797.44,582.0,0.12,23,North,1
54,Female,85659.11,724.0,0.26,34,North,1
62,Male,74070.62,574.0,0.57,42,West,1
35,Female,80748.29,665.0,0.28,13,East,1
66,Male,75301.99,707.0,0.16,45,East,1
58,Female,49743.24,651.0,0.14,36,North,1
52,Female,65101.54,849.0,0.54,31,East,1
56,Male,74074.64,633.0,0.72,34,North,1
25,Male,76367.8,707.0,0.46,4,East,1
29,Female,66321.23,607.0,0.34,6,North,0
39,Female,80613.91,574.0,0.15,19,North,1
31,Female,50849.32,561.0,0.32,11,South,0
51,Female,25000.0,570.0,0.19,31,East,0
58,Male,69350.5,622.0,0.63,37,East,1
22,Female,64113.03,671.0,0.61,2,East,0
59,Male,57364.61,726.0,0.39,35,West,1
24,Male,57812.77,682.0,0.7,4,West,0
30,Male,66265.12,621.0,0.63,10,East,0
41,Male,61401.33,498.0,0.32,18,North,1
67,Male,73706.58,748.0,0.19,45,North,1
40,Female,26532.61,670.0,0.17,20,South,0
30,Female,55254.33,638.0,0.57,10,West,0
59,Female,55789.89,564.0,0.17,36,North,1
29,Female,60831.86,840.0,0.66,8,South,0
68,Female,50951.63,573.0,0.19,45,North,1
58,Male,77078.42,613.0,0.24,36,West,1
36,Female,64637.13,695.0,0.33,12,East,0
46,Male,69102.59,651.0,0.7,25,East,0
28,Female,70419.04,712.0,0.49,5,East,0
60,Female,72748.25,679.0,0.23,39,East,1
55,Female,88010.13,649.0,0.23,35,North,1
50,Female,51444.37,848.0,0.58,30,East,0
25,Female,85846.63,778.0,0.75,1,East,0
39,Female,68797.79,629.0,0.41,18,East,0
46,Female,55141.6,564.0,0.8,25,East,0
59,Male,57417.27,801.0,0.57,36,East,1
32,Male,25000.0,705.0,0.51,9,East,0
30,Male,57781.66,654.0,0.55,7,West,0
22,Male,76226.27,763.0,0.12,1,East,1
34,Female,49263.35,563.0,0.53,13,East,0
63,Female,46837.76,694.0,0.4,41,North,1
40,Male,82420.49,671.0,0.56,17,South,1
38,Female,74949.25,641.0,0.11,18,South,1
62,Male,73706.41,629.0,0.61,39,East,1
29,Male,93186.65,790.0,0.12,8,East,1
43,Male,71834.85,658.0,0.37,21,West,1
62,Female,89512.46,671.0,0.57,40,West,1
25,Male,112525.12,747.0,0.6,5,South,1
44,Male,79000.13,639.0,0.67,24,East,1
64,Female,30388.83,642.0,0.23,42,North,1
56,Male,82555.03,680.0,0.13,34,East,1
23,Male,71641.9,850.0,0.47,1,North,1
33,Male,55579.13,718.0,0.58,10,West,0
24,Male,63187.66,808.0,0.29,4,East,1
49,Female,77730.49,804.0,0.62,29,North,1
41,Female,77438.61,721.0,0.55,20,East,0
38,Male,86992.43,586.0,0.16,16,West,1
57,Male,81746.13,701.0,0.67,35,North,1
63,Female,78614.73,538.0,0.41,40,South,1
61,Female,76668.32,649.0,0.12,39,East,1
42,Female,84899.11,752.0,0.73,20,North,0
51,Male,72680.09,790.0,0.16,30,South,1
28,Male,98195.74,593.0,0.3,7,East,1
52,Female,55903.41,627.0,0.63,29,East,0
46,Male,62618.07,688.0,0.24,24,East,1
28,Male,71383.81,700.0,0.66,4,West,0
58,Female,74156.84,523.0,0.7,36,East,0
31,Female,45992.77,664.0,0.45,9,East,0
33,Female,79533.23,792.0,0.39,12,North,1
69,Male,68291.26,598.0,0.39,45,East,1
29,Male,85257.99,700.0,0.72,9,North,0
51,Female,73294.26,717.0,0.34,30,North,1
52,Female,35902.69,791.0,0.18,31,West,1
55,Female,25000.0,617.0,0.53,34,North,0
26,Female,60555.01,667.0,0.36,6,South,0
57,Female,52388.89,678.0,0.44,37,South,1
42,Male,39450.44,659.0,0.42,21,East,0
65,Female,44739.52,678.0,0.39,42,West,1
46,Male,109658.29,639.0,0.47,24,East,1
30,Female,53627.51,618.0,0.45,7,South,0
51,Male,62488.89,625.0,0.45,28,West,1
46,Female,28059.09,663.0,0.27,25,West,0
51,Female,90417.81,834.0,0.63,27,West,1
46,Male,63600.83,675.0,0.45,23,South,1
49,Female,84764.91,752.0,0.64,25,South,1
49,Male,72825.99,675.0,0.63,29,East,1
69,Male,80304.17,672.0,0.36,45,East,1
24,Male,73012.93,680.0,0.19,4,East,1
69,Male,73944.02,722.0,0.46,45,East,1
44,Male,79884.13,744.0,0.66,23,South,1
46,Female,49659.29,734.0,0.28,23,East,1
66,Male,99181.5,664.0,0.54,45,East,1
30,Female,95690.5,645.0,0.16,6,South,1
60,Male,73564.7,775.0,0.37,36,North,1
41,Male,59121.7,664.0,0.62,18,North,0
39,Male,47560.42,777.0,0.52,15,South,1
25,Female,38204.93,451.0,0.79,2,West,0
38,Male,86077.74,656.0,0.22,15,West,1
37,Male,63689.83,604.0,0.56,17,North,0
22,Female,93893.24,775.0,0.42,0,North,1
50,Male,42201.37,648.0,0.63,30,West,0
23,Male,75496.63,796.0,0.67,0,South,0
47,Male,67395.65,621.0,0.2,27,West,1
49,Female,80756.05,666.0,0.66,27,South,0
56,Male,57954.04,752.0,0.77,35,South,1
27,Male,78331.02,739.0,0.48,6,North,1
54,Male,57787.94,670.0,0.17,31,West,1
61,Female,75092.17,617.0,0.68,37,East,0
27,Male,64174.63,712.0,0.26,7,West,1
59,Male,25000.0,731.0,0.43,38,North,1
69,Female,48192.13,684.0,0.41,45,North,1
47,Male,73329.95,640.0,0.64,23,West,1
22,Female,69209.58,604.0,0.48,0,East,0
42,Female,45185.48,762.0,0.3,19,West,0
30,Female,79942.94,731.0,0.15,8,West,1
28,Female,48077.43,626.0,0.78,8,West,0
53,Female,58979.11,619.0,0.1,32,East,1
37,Female,50071.56,537.0,0.23,15,East,0
62,Male,31132.5,631.0,0.5,41,South,1
59,Female,103893.34,736.0,0.72,36,East,1
68,Female,68648.7,617.0,0.37,45,South,1
56,Male,63346.43,620.0,0.31,34,South,1
31,Male,38844.97,598.0,0.1,10,West,1
35,Female,56047.53,538.0,0.45,14,North,0
54,Male,62965.65,681.0,0.8,34,East,0
22,Female,68167.2,699.0,0.76,1,North,0
66,Male,69983.05,668.0,0.16,42,West,1
26,Male,42099.94,729.0,0.33,2,East,0
67,Female,50617.24,715.0,0.32,43,North,1
32,Male,123593.55,713.0,0.78,11,South,1
44,Female,63619.18,674.0,0.43,20,South,0
60,Male,89770.93,755.0,0.29,39,East,1
50,Male,60252.97,724.0,0.76,28,North,0
32,Female,77255.9,850.0,0.26,8,North,1
66,Male,79076.1,703.0,0.75,45,North,1
51,Male,41491.49,667.0,0.23,30,North,1
63,Female,98324.37,616.0,0.14,39,North,1
44,Male,61407.92,670.0,0.65,22,South,0
66,Male,43618.94,825.0,0.11,45,North,1
31,Male,93656.98,581.0,0.41,10,West,1
61,Male,27136.27,649.0,0.27,39,South,1
64,Male,55949.73,737.0,0.39,40,East,1
62,Female,54824.74,592.0,0.45,39,North,0
28,Male,91687.11,771.0,0.68,7,West,1
30,Male,55858.94,633.0,0.57,8,North,0
42,Female,56235.67,685.0,0.71,21,South,0
43,Female,75804.23,631.0,0.27,23,South,1
45,Male,57038.07,761.0,0.17,22,West,1
40,Female,72480.96,664.0,0.7,20,North,0
26,Male,87656.74,686.0,0.69,4,East,0
53,Female,66665.48,700.0,0.47,33,West,1
23,Female,62540.23,688.0,0.45,3,East,0
45,Male,42623.62,694.0,0.34,21,South,1
54,Female,39296.55,694.0,0.5,34,North,0
48,Female,50420.45,727.0,0.76,24,South,0
53,Female,85922.21,574.0,0.38,31,South,1
61,Female,98407.89,597.0,0.77,38,South,0
53,Male,73150.59,635.0,0.51,32,South,1
65,Male,60802.17,582.0,0.27,42,West,1
37,Male,42947.02,628.0,0.67,16,East,0
27,Female,66118.8,585.0,0.42,4,West,0
63,Female,49119.91,622.0,0.24,41,South,1
35,Male,79234.82,846.0,0.16,11,South,1
38,Female,39570.94,693.0,0.52,16,South,0
64,Female,56776.67,749.0,0.36,44,South,1
25,Female,57560.37,665.0,0.11,2,North,0
27,Female,69521.96,730.0,0.69,5,South,0
56,Male,73462.53,586.0,0.49,33,West,1
55,Male,56173.2,621.0,0.25,31,East,1
61,Male,68081.76,682.0,0.63,37,South,1
27,Male,63978.1,662.0,0.51,3,North,0
27,Female,36503.6,631.0,0.3,4,South,0
41,Female,82742.52,639.0,0.79,18,North,0
59,Male,43053.68,784.0,0.34,39,East,1
66,Male,49386.59,734.0,0.33,45,East,1
43,Male,72373.21,605.0,0.79,20,North,0
62,Male,75891.88,645.0,0.23,38,West,1
22,Male,57239.15,777.0,0.36,2,West,1
68,Female,57207.42,684.0,0.28,45,East,1
48,Male,42698.89,640.0,0.24,27,West,1
46,Female,66133.47,756.0,0.16,23,South,1
61,Male,67151.3,756.0,0.41,37,North,1
25,Male,122205.95,618.0,0.71,2,South,1
66,Male,76916.75,624.0,0.72,45,West,1
54,Male,40722.3,666.0,0.75,30,North,0
69,Female,61804.15,779.0,0.17,45,East,1
32,Female,63649.38,700.0,0.57,11,North,0
33,Male,70896.69,739.0,0.57,10,North,1
27,Male,58217.07,666.0,0.38,5,East,1
47,Male,46876.49,574.0,0.55,24,West,0
49,Male,42110.12,733.0,0.54,29,North,1
69,Female,53237.9,777.0,0.33,45,North,1
44,Male,44949.49,749.0,0.58,20,West,0
62,Female,52585.72,733.0,0.64,39,South,0
47,Female,68981.01,731.0,0.12,27,East,1
39,Female,33571.01,704.0,0.12,18,West,1
67,Male,59304.09,612.0,0.56,45,North,1
51,Female,67416.55,629.0,0.4,30,South,1
65,Male,39155.62,591.0,0.22,44,West,1
35,Female,54197.84,709.0,0.12,14,South,1
43,Male,80042.13,704.0,0.31,20,North,1
54,Female,78893.54,666.0,0.16,33,South,1
29,Female,40587.57,655.0,0.4,7,East,0
48,Female,70290.44,688.0,0.23,27,West,1
34,Female,29338.0,719.0,0.77,13,North,0
30,Female,51215.14,512.0,0.2,6,East,0
28,Female,76033.93,519.0,0.37,4,North,0
24,Male,68637.28,683.0,0.16,2,East,1
63,Female,69702.4,594.0,0.52,39,North,1
69,Female,61790.26,850.0,0.45,45,West,1
37,Male,61794.54,684.0,0.24,13,South,1
46,Male,105818.94,616.0,0.64,23,North,1
55,Male,79983.01,714.0,0.19,32,South,1
64,Male,76743.08,750.0,0.38,43,North,1
31,Female,58057.76,594.0,0.11,11,South,1
68,Female,35812.09,577.0,0.78,45,East,0
22,Female,83621.1,793.0,0.63,2,North,0
48,Female,54794.0,759.0,0.37,27,East,1
24,Male,64369.68,654.0,0.59,1,South,0
69,Female,67740.65,686.0,0.14,45,East,1
63,Female,52444.09,696.0,0.13,40,South,1
60,Male,50977.56,746.0,0.19,40,East,1
29,Male,65169.36,646.0,0.55,7,South,0
26,Male,56941.66,496.0,0.75,2,North,0
34,Female,48332.2,784.0,0.67,10,South,0
27,Male,85523.55,672.0,0.26,3,South,1
44,Female,66227.47,658.0,0.6,24,West,0
53,Male,50296.62,698.0,0.26,30,North,1
31,Male,85518.68,657.0,0.63,10,North,1
54,Male,49543.48,623.0,0.79,31,North,0
36,Male,71940.42,670.0,0.37,15,South,1
31,Male,58139.05,611.0,0.58,11,West,0
41,Male,76347.58,766.0,0.24,19,South,1
69,Female,92416.03,579.0,0.33,45,South,1
23,Male,40293.84,819.0,0.16,1,West,1
40,Female,79433.01,732.0,0.23,18,South,1
35,Female,89645.14,758.0,0.58,12,North,0
64,Male,46602.93,669.0,0.28,42,East,1
64,Male,49508.26,826.0,0.68,43,South,1
33,Female,70514.99,699.0,0.43,12,South,0
35,Male,77644.41,734.0,0.59,15,North,1
65,Female,86647.78,664.0,0.15,41,West,1
64,Male,79164.75,558.0,0.66,40,North,1
32,Female,65725.51,673.0,0.18,10,East,1
37,Female,57424.57,653.0,0.22,13,West,0
44,Male,40244.09,697.0,0.2,22,East,1
30,Male,59903.32,566.0,0.21,6,South,1
38,Female,62652.07,806.0,0.46,15,North,0
29,Male,78148.07,689.0,0.72,9,West,0
61,Female,55224.94,767.0,0.32,40,North,1
46,Male,66896.89,562.0,0.32,22,West,1
22,Male,56532.56,726.0,0.71,2,West,0
49,Female,67893.74,684.0,0.54,27,South,0
64,Female,105143.72,586.0,0.75,41,North,1
48,Female,101818.39,732.0,0.25,24,West,1
47,Male,78999.26,714.0,0.62,23,East,1
60,Female,96022.58,677.0,0.11,40,West,1
39,Male,50820.1,692.0,0.54,18,West,0
34,Male,66039.78,696.0,0.7,12,East,0
25,Female,44072.53,791.0,0.67,3,West,0
38,Male,52346.43,650.0,0.27,18,West,1
38,Male,78408.6,572.0,0.76,16,North,0
67,Male,48493.04,754.0,0.34,45,North,1
38,Female,75663.22,654.0,0.71,15,East,0
68,Male,53050.84,655.0,0.45,45,North,1
60,Female,68768.18,715.0,0.11,36,South,1
50,Male,61365.96,623.0,0.15,26,East,1
54,Male,33445.34,755.0,0.23,33,North,1
25,Male,59989.19,688.0,0.75,5,East,0
58,Male,77591.33,656.0,0.4,37,West,1
23,Male,44156.81,683.0,0.49,0,East,0
22,Male,53630.0,786.0,0.79,2,East,0
32,Female,63234.66,765.0,0.6,10,East,0
28,Male,51850.86,515.0,0.39,6,East,0
46,Male,69774.57,743.0,0.75,26,North,1
39,Male,67992.22,720.0,0.61,19,North,1
58,Female,89244.7,656.0,0.15,37,West,1
34,Male,71502.57,604.0,0.49,11,East,1
42,Female,51823.28,729.0,0.55,21,West,0
40,Male,60098.75,722.0,0.65,16,South,0
54,Female,77765.49,608.0,0.78,30,South,0
26,Female,73093.46,615.0,0.39,3,South,0
22,Male,75651.51,744.0,0.13,0,East,1
45,Male,79001.1,772.0,0.65,21,East,1
68,Female,25000.0,612.0,0.68,45,East,0
52,Female,63209.05,637.0,0.59,28,North,0
64,Male,83174.84,675.0,0.54,40,West,1
33,Female,55914.56,745.0,0.42,12,North,0
27,Female,82282.97,722.0,0.37,7,South,1
22,Male,76047.31,721.0,0.45,1,South,1
32,Female,74733.84,704.0,0.26,12,South,1
62,Male,44948.34,652.0,0.5,39,West,1
44,Male,107400.6,767.0,0.8,22,South,1
39,Male,36279.39,685.0,0.44,18,East,0
24,Female,78600.02,724.0,0.32,0,East,0
34,Male,84073.08,606.0,0.18,14,North,1
32,Female,54636.73,757.0,0.28,11,West,0
32,Female,56405.71,567.0,0.13,12,East,0
42,Female,53108.27,722.0,0.24,19,East,1
35,Male,25000.0,734.0,0.69,11,East,0
25,Male,77852.4,712.0,0.17,1,East,1
36,Male,50844.53,732.0,0.78,13,East,0
42,Female,55002.61,721.0,0.24,21,West,1
64,Male,94403.53,669.0,0.21,41,North,1
60,Female,34433.14,674.0,0.13,38,South,1
64,Female,62910.57,738.0,0.79,43,East,0
46,Male,52403.35,785.0,0.18,24,North,1
36,Female,45243.37,760.0,0.32,13,East,0
45,Male,64151.03,687.0,0.15,24,North,1
48,Male,60977.32,805.0,0.36,26,South,1
61,Male,99077.25,703.0,0.12,37,North,1
32,Female,58054.35,542.0,0.18,8,South,0
65,Female,44303.64,699.0,0.56,44,North,0
66,Female,35358.27,682.0,0.32,44,South,1
38,Male,66678.82,646.0,0.7,17,South,0
46,Female,62848.35,565.0,0.47,26,East,0
57,Male,81932.57,677.0,0.55,33,West,1
68,Male,64994.06,628.0,0.25,45,South,1
47,Male,69189.32,581.0,0.48,25,North,1
47,Female,96247.09,599.0,0.5,26,North,1
24,Female,74736.19,714.0,0.54,4,North,0
49,Male,71195.25,671.0,0.54,28,South,1
68,Female,48670.08,705.0,0.79,45,South,0
66,Female,46342.83,656.0,0.59,45,East,0
62,Female,68264.81,628.0,0.32,38,South,1
44,Male,61410.47,683.0,0.4,21,North,1
48,Female,47597.17,670.0,0.53,26,East,0
33,Male,81126.5,797.0,0.55,12,East,1
27,Male,71762.65,670.0,0.27,3,North,1
59,Male,85813.79,790.0,0.35,39,West,1
49,Female,37299.79,730.0,0.44,25,South,0
56,Male,75910.06,767.0,0.62,32,West,1
22,Male,86120.6,705.0,0.16,2,East,1
32,Female,74982.06,724.0,0.35,8,North,1
49,Male,50992.15,786.0,0.41,29,South,1
64,Female,92575.33,675.0,0.52,41,South,1
45,Male,84360.38,788.0,0.77,25,South,1
53,Male,54682.38,598.0,0.12,29,West,1
40,Female,25000.0,707.0,0.55,17,South,0
38,Male,45827.4,708.0,0.34,15,South,1
59,Male,65808.96,794.0,0.7,36,North,1
54,Male,59754.05,601.0,0.26,34,North,1
69,Female,71471.67,615.0,0.77,45,West,0
54,Male,60614.07,726.0,0.2,33,North,1
59,Female,48293.31,669.0,0.59,35,West,0
39,Female,57101.9,636.0,0.27,15,East,0
56,Female,91401.19,733.0,0.15,34,East,1
23,Male,25000.0,647.0,0.14,3,West,0
30,Male,83468.28,687.0,0.19,10,South,1
27,Female,43254.03,654.0,0.6,6,East,0
31,Male,82531.08,798.0,0.57,8,North,1
53,Female,104866.85,686.0,0.46,30,North,1
57,Male,61618.72,668.0,0.57,35,North,1
44,Male,25000.0,614.0,0.37,20,North,0
54,Female,32158.4,720.0,0.63,33,East,0
26,Female,45856.1,501.0,0.26,6,North,0
53,Female,68172.36,676.0,0.32,30,North,1
69,Male,55319.95,812.0,0.66,45,East,1
32,Female,67802.76,710.0,0.16,11,East,1
68,Female,32619.26,819.0,0.73,45,East,0
23,Female,85117.44,808.0,0.5,3,South,0
67,Female,71121.71,729.0,0.25,45,East,1
33,Male,49493.41,748.0,0.26,10,West,1
37,Female,68856.82,702.0,0.26,16,East,1
54,Male,48820.89,643.0,0.44,31,South,1
44,Male,49111.62,671.0,0.5,22,East,1
42,Male,60368.03,736.0,0.72,19,West,0
68,Male,61315.67,733.0,0.34,45,West,1
38,Male,63370.06,681.0,0.77,18,South,0
49,Female,66734.46,663.0,0.65,29,North,0
54,Female,81989.25,813.0,0.73,34,South,1
57,Female,92443.37,696.0,0.79,34,North,0
66,Female,57263.66,706.0,0.54,43,West,1
27,Female,25206.34,724.0,0.21,5,North,0
26,Female,92667.92,713.0,0.26,5,North,1
60,Female,51921.69,563.0,0.72,36,East,0
66,Female,91919.99,688.0,0.24,45,North,1
41,Female,91341.38,798.0,0.22,21,East,1
47,Male,99552.65,630.0,0.31,27,East,1
35,Female,60094.16,684.0,0.22,14,South,1
29,Male,76686.77,648.0,0.68,9,West,0
37,Male,58642.39,639.0,0.25,14,North,1
64,Female,72234.85,675.0,0.67,42,West,0
29,Male,84467.49,668.0,0.22,8,South,1
48,Female,116368.36,603.0,0.32,27,North,1
33,Male,37636.87,728.0,0.63,10,North,0
26,Male,86012.32,764.0,0.59,3,North,1
59,Male,54399.64,738.0,0.2,37,North,1
47,Female,64761.65,735.0,0.67,24,West,0
48,Male,41922.18,788.0,0.8,24,North,0
59,Female,97702.32,731.0,0.67,39,East,1
43,Female,90382.32,555.0,0.16,20,South,1
39,Female,66596.88,607.0,0.53,18,West,0
40,Male,72425.84,574.0,0.18,16,North,1
42,Female,56700.35,702.0,0.34,18,South,0
54,Female,91472.6,684.0,0.32,30,West,1
25,Male,83757.22,706.0,0.47,1,East,1
35,Female,86022.29,719.0,0.43,14,South,1
52,Female,92929.14,700.0,0.21,31,East,1
67,Female,65146.26,662.0,0.43,45,North,1
31,Female,50337.36,760.0,0.29,7,East,0
43,Male,49461.39,594.0,0.6,23,West,0
23,Male,46639.31,761.0,0.39,2,South,0
50,Male,65921.12,644.0,0.24,30,North,1
25,Female,83413.43,850.0,0.11,5,North,1
34,Male,90830.69,656.0,0.56,10,East,1
61,Male,80270.02,727.0,0.68,40,West,1
45,Male,58405.22,756.0,0.45,22,South,1
67,Male,58069.1,777.0,0.57,45,North,1
58,Male,69951.19,760.0,0.12,38,North,1
23,Male,82550.36,701.0,0.57,2,South,1
53,Female,111743.2,537.0,0.19,31,East,1
42,Female,52642.52,685.0,0.6,22,West,0
61,Female,47044.55,659.0,0.69,37,West,0
54,Female,81435.54,695.0,0.76,30,North,0
39,Female,60382.59,778.0,0.4,17,North,1
40,Female,34876.47,752.0,0.26,16,North,0
32,Female,86212.06,693.0,0.61,10,South,0
46,Male,69280.76,620.0,0.28,26,West,1
24,Female,55637.52,627.0,0.53,0,North,0
23,Male,48884.41,788.0,0.32,3,East,1
68,Female,37152.19,721.0,0.15,45,South,1
55,Female,78027.2,668.0,0.17,31,East,1
40,Male,44517.06,703.0,0.75,16,East,0
38,Male,71658.22,561.0,0.19,17,East,1
69,Female,72858.16,741.0,0.64,45,North,1
23,Male,70824.52,616.0,0.51,2,East,0
43,Female,25000.0,633.0,0.24,19,North,0
26,Male,54238.94,749.0,0.43,5,West,1
38,Female,44267.37,675.0,0.63,15,North,0
31,Female,29129.82,776.0,0.76,8,North,0
67,Male,50966.73,659.0,0.16,44,South,1
29,Male,71081.89,692.0,0.78,5,South,0
67,Female,87961.56,813.0,0.66,45,South,1
49,Female,92715.95,694.0,0.21,26,West,1
56,Male,67032.94,708.0,0.59,34,North,1
35,Female,68032.16,607.0,0.37,13,West,0
46,Female,97711.72,755.0,0.38,26,North,1
49,Female,42483.15,675.0,0.14,26,North,1
62,Male,52350.77,639.0,0.23,41,West,1
57,Male,78029.82,747.0,0.25,37,West,1
58,Female,40119.77,682.0,0.28,38,North,1
42,Male,27568.94,698.0,0.59,20,West,0
68,Male,44596.61,598.0,0.22,45,East,1
47,Male,80616.15,655.0,0.41,26,North,1
44,Female,50258.16,688.0,0.23,24,West,1
68,Female,76765.35,705.0,0.22,45,North,1
66,Female,94540.31,675.0,0.55,44,West,1
48,Male,88706.99,705.0,0.17,26,East,1
47,Male,94544.67,705.0,0.34,27,West,1
60,Male,55298.09,850.0,0.44,40,North,1
51,Female,75984.33,764.0,0.37,29,East,1
34,Female,48375.52,642.0,0.34,12,West,0
50,Male,75892.1,740.0,0.53,29,South,1
60,Female,76349.14,776.0,0.24,40,North,1
56,Male,85954.38,806.0,0.57,35,South,1
64,Female,63909.22,575.0,0.31,41,West,1
33,Male,75675.16,738.0,0.45,11,North,1
44,Male,91362.31,781.0,0.57,23,West,1
53,Male,94862.24,723.0,0.22,30,West,1
42,Female,68172.44,683.0,0.39,20,North,1
61,Male,52116.85,504.0,0.65,37,East,0
29,Male,45846.21,646.0,0.51,5,East,0
57,Male,85507.64,607.0,0.28,34,East,1
35,Male,43179.93,722.0,0.8,11,North,0
24,Male,80996.03,725.0,0.76,3,South,0
31,Male,64500.76,752.0,0.7,9,East,0
43,Male,36956.55,672.0,0.16,22,South,1
36,Male,62519.47,577.0,0.13,12,South,1
50,Female,64167.54,780.0,0.56,27,West,0
30,Female,82052.64,799.0,0.29,9,North,1
40,Male,71802.41,692.0,0.7,19,North,0
38,Female,60727.2,775.0,0.32,17,East,1
40,Female,76425.88,670.0,0.43,18,North,0
53,Male,62392.93,813.0,0.41,29,North,1
30,Male,76423.61,729.0,0.74,9,West,0
46,Female,25959.46,745.0,0.68,26,South,0
35,Male,77812.79,710.0,0.51,12,East,1
40,Male,79485.27,659.0,0.18,17,North,1
48,Male,50124.04,745.0,0.24,24,South,1
69,Female,85517.3,690.0,0.7,45,South,1
58,Male,81772.06,741.0,0.27,37,West,1
25,Male,72226.87,614.0,0.49,5,West,0
28,Male,28959.66,718.0,0.25,5,East,0
54,Male,28663.59,612.0,0.5,34,South,0
63,Female,85874.44,698.0,0.7,40,North,1
28,Female,56588.12,740.0,0.7,8,East,0
38,Male,62686.93,674.0,0.35,18,East,1
54,Female,73028.13,764.0,0.51,34,East,1
57,Female,70701.7,698.0,0.53,35,East,1
40,Female,76291.16,786.0,0.36,16,West,1
26,Male,96367.54,769.0,0.41,6,South,1
57,Male,93142.28,590.0,0.6,36,South,1
45,Female,74533.52,743.0,0.55,21,West,0
64,Male,103376.85,604.0,0.37,41,North,1
39,Female,107288.24,655.0,0.49,19,South,1
61,Male,64328.95,723.0,0.48,38,East,1
54,Male,26264.25,619.0,0.45,33,North,0
27,Female,74900.11,738.0,0.65,4,South,0
59,Male,77824.78,696.0,0.59,35,East,1
32,Male,78800.47,776.0,0.67,10,South,1
30,Female,117992.04,728.0,0.5,6,West,1
61,Male,40199.88,766.0,0.32,39,East,1
67,Female,50752.71,654.0,0.16,45,North,1
56,Male,67589.4,698.0,0.57,34,West,1
26,Female,25000.0,712.0,0.14,6,North,0
54,Male,46428.62,661.0,0.23,33,North,1
65,Male,34678.03,759.0,0.27,43,West,1
49,Female,25000.0,655.0,0.67,25,East,0
28,Male,65044.76,644.0,0.27,5,North,1
26,Male,66103.28,630.0,0.29,5,South,1
54,Male,65480.69,695.0,0.34,33,North,1
56,Male,94326.9,564.0,0.73,36,West,1
48,Male,66599.59,594.0,0.26,27,South,1
26,Female,53597.95,780.0,0.3,4,East,0
41,Male,72324.09,554.0,0.22,20,North,1
65,Female,95666.33,672.0,0.42,45,West,1
58,Male,72299.35,765.0,0.61,34,South,1
50,Female,72524.61,660.0,0.31,26,West,1
24,Male,73308.98,665.0,0.76,0,West,0
30,Male,71595.79,803.0,0.52,6,South,1
41,Female,90157.19,570.0,0.34,17,South,1
52,Male,68842.2,760.0,0.2,28,West,1
55,Male,78752.77,776.0,0.24,31,West,1
69,Female,82787.44,663.0,0.57,45,South,1
31,Male,52240.71,719.0,0.38,8,West,1
23,Female,61638.83,649.0,0.17,3,East,0
35,Male,62260.33,615.0,0.33,12,South,1
55,Female,55605.5,717.0,0.75,31,South,0
25,Female,83592.7,501.0,0.61,2,West,0
55,Male,41627.43,623.0,0.7,33,North,0
43,Male,63003.48,668.0,0.37,22,North,1
47,Female,48978.93,596.0,0.27,23,North,0
27,Female,76988.89,723.0,0.4,4,West,0
46,Female,57614.61,699.0,0.34,26,South,1
22,Male,35521.76,617.0,0.43,2,East,0
56,Male,86336.74,757.0,0.73,34,West,1
27,Female,83699.41,646.0,0.68,7,West,0
42,Female,66680.1,564.0,0.48,22,North,0
62,Female,62912.57,726.0,0.25,38,North,1
69,Male,42890.84,754.0,0.46,45,West,1
60,Male,35533.68,706.0,0.65,37,East,0
56,Male,65883.61,733.0,0.54,33,South,1
68,Male,51313.7,709.0,0.69,45,West,1
60,Female,57582.81,734.0,0.71,37,South,0
29,Female,62553.2,545.0,0.18,9,South,0
25,Female,49046.26,627.0,0.8,4,West,0
33,Female,78606.32,625.0,0.14,9,South,1
49,Male,64733.92,662.0,0.49,28,North,1
54,Male,79017.55,640.0,0.71,31,South,1
24,Male,87872.57,825.0,0.65,3,South,1
54,Female,25000.0,684.0,0.21,31,North,0
46,Female,95100.95,455.0,0.25,22,South,1
44,Male,87591.08,671.0,0.36,23,North,1
38,Female,101354.05,580.0,0.73,15,North,0
41,Male,48151.57,716.0,0.49,19,North,1
45,Female,41698.39,721.0,0.31,23,West,0
65,Female,99347.89,608.0,0.55,44,East,1
46,Male,54688.38,681.0,0.49,23,South,1
34,Female,48769.36,642.0,0.14,14,West,0
61,Female,42941.51,541.0,0.73,38,West,0
34,Male,58039.95,850.0,0.18,12,South,1
58,Female,31956.66,695.0,0.6,36,West,0
42,Male,74695.4,524.0,0.74,20,North,0
44,Male,55496.34,664.0,0.57,23,North,0
47,Female,88363.69,626.0,0.48,25,West,1
23,Female,48432.42,657.0,0.14,2,North,0
48,Male,37405.23,734.0,0.54,25,East,0
27,Female,65360.18,687.0,0.74,6,South,0
26,Male,55169.04,615.0,0.51,5,North,0
41,Female,94925.4,766.0,0.76,17,West,0
31,Female,57898.54,578.0,0.72,9,North,0
30,Male,49251.7,703.0,0.27,8,North,1
64,Male,42410.24,663.0,0.58,42,South,1
23,Male,46300.67,618.0,0.17,1,North,1
46,Male,47475.16,682.0,0.34,26,South,1
41,Female,82492.86,585.0,0.19,19,South,1
26,Female,71328.43,576.0,0.39,2,North,0
24,Male,45292.65,679.0,0.63,3,East,0
30,Male,25000.0,741.0,0.27,9,North,0
26,Male,51089.37,688.0,0.19,5,South,1
26,Male,56939.05,678.0,0.7,3,East,0
59,Female,68371.72,610.0,0.72,36,North,0
53,Female,76636.38,779.0,0.56,31,West,1
59,Female,71000.32,711.0,0.11,36,South,1
36,Male,63741.96,679.0,0.21,12,East,1
40,Female,43545.52,650.0,0.43,20,East,0
52,Male,73989.33,741.0,0.3,32,North,1
55,Female,73394.19,738.0,0.75,32,South,0
31,Female,37724.98,569.0,0.68,9,West,0
57,Male,64402.67,584.0,0.61,35,West,1
41,Female,62186.11,628.0,0.15,20,West,1
28,Female,90916.16,749.0,0.43,4,East,1
23,Female,65900.53,627.0,0.77,0,West,0
27,Male,56647.76,702.0,0.51,3,East,0
59,Male,69179.73,628.0,0.29,39,South,1
65,Female,80150.33,646.0,0.37,42,South,1
30,Male,81274.47,647.0,0.79,9,East,0
58,Male,77224.18,674.0,0.3,34,North,1
41,Female,49409.36,700.0,0.43,19,West,0
38,Female,50171.76,751.0,0.16,16,West,1
67,Male,67305.8,710.0,0.3,45,West,1
53,Female,42471.87,598.0,0.62,32,East,0
47,Male,63142.11,682.0,0.2,27,East,1
39,Male,91655.52,692.0,0.26,16,West,1
60,Female,39109.95,833.0,0.18,39,North,1
58,Female,62363.32,541.0,0.78,36,North,0
22,Female,100757.41,666.0,0.75,0,North,0
46,Male,52989.55,620.0,0.34,25,East,1
53,Male,47972.85,666.0,0.67,31,West,0
63,Male,38129.73,765.0,0.73,39,South,0
48,Female,60496.28,661.0,0.38,25,West,0
29,Male,49579.81,663.0,0.42,6,South,0
67,Male,79773.91,600.0,0.43,43,West,1
60,Male,63779.49,569.0,0.41,40,North,1
50,Female,63944.68,731.0,0.15,27,West,1
33,Male,96285.63,672.0,0.68,12,East,1
23,Female,88663.89,739.0,0.61,0,North,0
43,Female,78779.92,738.0,0.31,23,North,1
50,Male,73792.15,649.0,0.38,30,West,1
62,Female,60208.92,850.0,0.28,42,East,1
69,Female,83915.93,651.0,0.28,45,North,1
58,Male,91598.83,749.0,0.19,38,North,1
59,Male,69361.57,611.0,0.14,39,East,1
50,Female,62940.33,603.0,0.49,28,East,0
25,Male,48790.31,676.0,0.41,5,North,0
40,Male,93097.6,699.0,0.43,16,East,1
54,Male,55286.07,636.0,0.61,34,East,1
22,Female,72837.61,688.0,0.18,0,East,1
62,Female,98720.12,688.0,0.78,41,East,1
22,Female,116051.06,804.0,0.35,2,West,1
44,Male,61293.53,629.0,0.38,24,West,1
33,Male,79996.68,662.0,0.79,10,East,0
52,Male,54708.22,700.0,0.66,31,East,1
57,Female,55276.54,569.0,0.52,33,South,0
29,Female,47888.65,682.0,0.15,7,North,0
67,Male,45908.08,616.0,0.6,45,West,1
69,Male,48201.76,760.0,0.26,45,East,1
46,Male,72339.39,692.0,0.31,22,North,1
34,Female,37986.48,667.0,0.79,10,South,0
35,Male,93835.68,769.0,0.47,13,West,1
56,Male,106780.19,705.0,0.24,36,West,1
45,Male,59308.54,552.0,0.52,21,North,0
64,Male,64402.37,764.0,0.55,44,South,1
50,Male,54272.86,662.0,0.24,30,East,1
23,Male,46153.2,605.0,0.57,3,West,0
51,Female,64370.47,708.0,0.18,30,North,1
22,Male,34918.69,625.0,0.69,0,North,0
44,Female,30716.03,659.0,0.72,23,West,0
52,Female,82206.79,585.0,0.58,31,South,0
49,Female,76937.87,534.0,0.12,28,West,1
25,Female,91529.77,755.0,0.64,2,West,0
24,Female,64540.41,523.0,0.77,2,South,0
42,Female,51878.04,709.0,0.64,20,North,0
62,Male,55165.24,712.0,0.75,40,West,1
29,Female,52307.18,688.0,0.18,5,North,0
65,Female,71139.45,644.0,0.32,43,North,1
29,Male,56316.4,776.0,0.13,9,West,1
50,Male,60094.51,659.0,0.34,30,South,1
23,Female,61829.93,768.0,0.61,0,South,0
28,Female,76221.28,603.0,0.68,4,East,0
52,Male,64870.23,709.0,0.24,28,East,1
36,Female,69532.25,626.0,0.33,12,West,0
26,Male,58911.25,699.0,0.18,5,West,1
22,Female,53483.72,604.0,0.31,0,West,0
44,Female,65311.57,654.0,0.75,23,East,0
52,Female,65621.25,707.0,0.42,32,South,1
58,Male,98962.44,694.0,0.15,37,East,1
45,Female,62173.3,754.0,0.64,25,South,0
43,Female,93995.98,662.0,0.78,21,North,0
64,Female,48896.65,683.0,0.63,44,West,0
62,Male,53594.8,609.0,0.75,42,South,0
54,Female,79472.1,749.0,0.23,34,North,1
25,Male,65978.44,659.0,0.59,5,East,0
38,Female,56510.13,605.0,0.44,16,West,0
66,Male,69930.88,517.0,0.22,45,North,1
45,Male,94695.11,724.0,0.42,21,North,1
23,Female,70456.97,595.0,0.61,0,East,0
51,Male,81812.03,673.0,0.26,27,East,1
35,Female,53808.73,719.0,0.29,15,South,0
60,Male,94884.58,825.0,0.55,37,South,1
38,Female,69494.37,606.0,0.57,15,West,0
26,Female,74698.88,725.0,0.15,5,East,1
33,Female,36922.27,710.0,0.76,13,North,0
24,Female,61430.76,740.0,0.53,1,North,0
48,Male,106055.97,664.0,0.29,28,South,1
40,Female,73765.71,542.0,0.7,20,West,0
53,Female,44372.64,668.0,0.21,31,West,1
59,Male,39427.75,743.0,0.12,36,North,1
22,Female,49388.26,717.0,0.78,0,East,0
55,Female,42896.98,690.0,0.57,31,South,0
43,Male,68253.01,722.0,0.19,19,West,1
59,Female,93113.53,656.0,0.65,35,South,1
67,Female,48263.35,691.0,0.41,43,East,1
30,Female,63515.9,668.0,0.29,9,South,0
36,Male,91081.13,619.0,0.33,15,West,1
32,Male,75436.41,602.0,0.67,12,North,0
58,Female,71345.88,638.0,0.13,35,South,1
69,Female,25000.0,748.0,0.66,45,South,0
38,Female,59883.33,686.0,0.5,16,West,0
32,Male,110651.92,667.0,0.62,11,East,1
24,Female,65179.69,661.0,0.23,2,South,0
56,Female,58584.89,632.0,0.4,35,South,1
60,Male,84281.62,697.0,0.55,39,North,1
28,Female,59425.73,640.0,0.33,8,West,0
65,Female,49192.32,692.0,0.11,42,North,1
61,Female,89231.88,596.0,0.16,38,East,1
35,Male,31086.76,746.0,0.54,15,West,0
27,Male,64010.99,607.0,0.37,4,West,0
40,Female,65586.6,669.0,0.63,17,South,0
58,Female,45722.21,768.0,0.39,35,South,1
34,Female,51771.74,685.0,0.19,13,East,1
31,Female,84356.58,766.0,0.18,8,East,1
41,Male,45639.35,568.0,0.77,18,East,0
57,Male,40151.12,708.0,0.52,35,East,1
52,Male,79579.28,714.0,0.74,32,West,1
55,Female,78537.48,726.0,0.38,34,East,1
64,Female,55046.82,549.0,0.53,44,South,0
50,Male,61621.31,668.0,0.46,29,South,1
34,Female,73111.48,733.0,0.14,12,North,1
50,Male,60008.97,655.0,0.4,30,North,1
34,Female,78042.54,693.0,0.35,13,West,1
57,Male,106227.37,690.0,0.73,34,North,1
55,Female,57192.56,731.0,0.54,34,West,0
32,Female,48961.3,711.0,0.64,10,South,0
36,Male,39158.86,720.0,0.39,16,North,1
46,Female,41666.13,592.0,0.78,26,East,0
46,Female,64750.59,599.0,0.46,25,West,0
35,Female,52822.07,771.0,0.31,15,South,0
45,Male,52912.16,716.0,0.51,24,East,1
33,Female,25000.0,739.0,0.41,10,North,0
55,Female,80242.32,671.0,0.51,33,North,1
54,Female,66846.01,693.0,0.67,34,North,0
69,Male,85404.64,548.0,0.75,45,East,1
28,Male,77413.37,778.0,0.45,6,South,1
36,Female,106626.72,583.0,0.41,12,East,1
67,Female,29747.84,655.0,0.18,45,South,1
22,Female,68569.17,649.0,0.52,0,South,0
69,Male,38989.05,614.0,0.55,45,East,1
59,Female,91168.5,616.0,0.32,37,South,1
28,Female,38804.33,592.0,0.59,5,West,0
25,Female,73820.27,690.0,0.53,2,North,0
48,Female,57156.35,717.0,0.28,27,West,1
53,Male,37485.17,821.0,0.7,32,West,0
52,Female,77029.55,787.0,0.29,32,South,1
27,Male,64107.42,684.0,0.25,6,West,1
28,Female,25000.0,750.0,0.63,6,North,0
44,Male,96265.87,616.0,0.23,21,West,1
55,Male,75938.76,621.0,0.33,32,East,1
68,Female,56806.62,708.0,0.78,44,South,0
60,Male,48591.72,666.0,0.42,36,West,1
27,Female,71375.4,542.0,0.61,4,North,0
25,Male,51706.23,797.0,0.52,3,North,0
45,Female,79153.16,690.0,0.48,25,South,1
29,Male,34312.41,671.0,0.2,7,West,1
62,Male,25000.0,791.0,0.42,42,East,1
67,Female,75941.41,573.0,0.17,45,South,1
60,Female,53754.38,788.0,0.15,38,East,1
51,Female,51049.82,656.0,0.71,27,North,0
47,Male,76340.41,707.0,0.69,25,West,1
43,Female,59197.61,666.0,0.53,22,East,0
57,Female,58026.79,658.0,0.45,34,North,0
40,Female,28896.21,731.0,0.25,20,East,0
67,Female,25000.0,614.0,0.39,45,West,0
68,Male,34299.23,711.0,0.4,45,East,1
46,Female,73898.14,749.0,0.2,23,North,1
63,Male,57571.67,651.0,0.44,39,East,1
26,Female,76399.2,654.0,0.63,4,South,0
30,Male,75641.65,765.0,0.75,10,East,0
50,Female,69666.09,726.0,0.29,26,South,1
23,Female,72209.98,590.0,0.37,0,South,0
52,Female,55319.19,656.0,0.31,29,South,1
52,Male,33070.58,671.0,0.73,31,South,0
49,Female,33371.07,657.0,0.56,28,West,0
33,Female,62815.69,755.0,0.54,11,South,0
54,Female,49939.63,645.0,0.34,30,East,0
51,Male,88333.14,657.0,0.22,27,South,1
40,Male,91579.77,621.0,0.41,20,East,1
22,Male,45287.91,750.0,0.78,0,North,0
64,Male,58627.74,619.0,0.51,40,East,1
54,Male,63837.05,647.0,0.59,31,South,1
59,Male,40264.1,746.0,0.17,39,North,1
69,Male,119692.24,752.0,0.61,45,South,1
22,Female,85770.45,542.0,0.32,0,North,0
25,Female,38245.78,647.0,0.75,3,North,0
29,Female,78386.03,713.0,0.79,6,North,0
51,Female,59624.87,695.0,0.72,29,East,0
44,Female,41338.47,619.0,0.52,22,North,0
57,Male,78040.09,723.0,0.13,34,West,1
69,Female,90355.68,621.0,0.4,45,South,1
33,Male,60143.87,695.0,0.7,13,West,0
50,Female,44970.86,786.0,0.51,28,North,0
33,Female,68310.45,626.0,0.42,9,East,0
39,Female,61078.12,850.0,0.8,15,North,0
37,Male,95071.25,611.0,0.53,15,East,1
34,Male,87188.85,789.0,0.73,10,East,1
42,Female,44556.34,750.0,0.18,22,North,1
37,Male,70341.67,647.0,0.19,13,North,1
45,Male,89700.75,728.0,0.75,25,East,1
61,Male,72257.24,651.0,0.57,40,East,1
34,Female,44820.76,819.0,0.77,12,East,0
37,Female,70946.41,655.0,0.38,14,East,0
53,Male,78475.53,756.0,0.76,32,West,1
51,Female,82344.41,755.0,0.4,30,West,1
29,Female,87952.44,768.0,0.62,9,West,0
61,Female,47662.34,656.0,0.25,38,West,1
45,Male,73974.6,609.0,0.65,25,North,1
32,Male,90089.27,777.0,0.13,9,East,1
30,Male,76583.54,688.0,0.25,6,West,1
44,Male,64551.46,683.0,0.47,24,West,1
38,Male,50187.97,734.0,0.21,14,North,1
55,Female,104346.5,631.0,0.12,34,North,1
45,Male,48751.75,656.0,0.42,24,East,1
23,Female,64491.63,712.0,0.14,3,West,1
61,Female,76997.14,660.0,0.79,37,East,0
36,Female,48536.92,642.0,0.35,12,East,0
44,Female,66180.03,692.0,0.33,20,North,1
66,Female,81141.1,655.0,0.34,45,South,1
53,Female,42671.39,729.0,0.27,31,East,1
61,Male,54802.79,789.0,0.14,39,East,1
23,Female,69101.68,687.0,0.56,3,West,0
54,Female,54506.46,677.0,0.44,32,East,0
53,Male,61710.58,745.0,0.77,32,North,1
63,Male,64601.64,640.0,0.35,41,East,1
45,Female,56125.78,663.0,0.72,24,South,0
51,Male,70936.17,716.0,0.45,30,West,1
63,Female,86236.24,645.0,0.58,41,North,1
60,Male,43661.01,584.0,0.6,37,West,0
63,Male,72787.88,696.0,0.24,41,North,1
69,Female,92495.36,728.0,0.32,45,South,1
35,Male,52856.25,703.0,0.55,13,West,0
33,Male,66113.81,721.0,0.7,9,West,0
51,Male,107322.87,784.0,0.12,30,East,1
57,Female,85551.94,643.0,0.32,33,North,1
56,Female,88559.93,617.0,0.71,34,West,0
54,Female,95346.08,760.0,0.21,31,East,1
34,Female,108913.94,661.0,0.35,13,South,1
41,Male,100266.74,675.0,0.12,21,North,1
58,Female,67279.48,772.0,0.4,36,West,1
40,Female,113115.09,707.0,0.68,19,South,1
23,Male,55918.41,696.0,0.58,1,West,0
59,Female,64787.0,746.0,0.1,35,West,1
66,Female,87920.55,780.0,0.27,45,North,1
60,Female,85423.21,613.0,0.14,40,South,1
23,Male,73924.58,627.0,0.14,0,South,1
28,Male,71474.2,565.0,0.18,6,South,1
40,Male,82088.98,750.0,0.28,18,West,1
37,Male,93092.74,708.0,0.66,15,South,1
47,Male,78206.26,693.0,0.72,25,East,1
67,Male,70007.24,808.0,0.19,45,West,1
68,Male,43720.29,714.0,0.12,45,North,1
39,Female,71916.43,615.0,0.76,16,West,0
39,Female,70746.8,615.0,0.64,18,East,0
51,Male,64740.03,664.0,0.15,28,South,1
54,Female,63555.24,620.0,0.11,31,West,1
46,Female,53388.67,732.0,0.28,23,South,1
67,Female,103282.04,661.0,0.14,43,East,1
60,Male,81722.34,585.0,0.52,38,West,1
32,Female,88742.21,622.0,0.59,8,North,0
39,Female,85844.93,592.0,0.18,15,West,1
30,Male,98288.71,631.0,0.71,10,East,1
24,Male,106386.88,671.0,0.56,2,North,1
26,Female,87018.73,685.0,0.67,3,West,0
41,Female,70367.99,756.0,0.7,17,East,0
22,Male,91914.88,687.0,0.56,0,North,1
24,Female,74213.79,633.0,0.12,0,North,1
64,Male,47529.34,536.0,0.44,44,West,1
63,Female,74082.97,654.0,0.33,39,South,1
45,Female,72275.37,753.0,0.66,25,East,0
69,Female,48914.87,718.0,0.3,45,East,1
29,Female,92558.47,662.0,0.67,7,East,0
42,Male,82483.8,684.0,0.41,21,West,1
39,Male,98658.23,604.0,0.44,17,West,1
44,Male,93463.35,662.0,0.48,22,East,1
32,Male,68778.17,659.0,0.73,9,North,0
48,Female,75393.64,658.0,0.59,26,South,0
44,Male,42017.55,756.0,0.5,20,North,1
44,Female,89170.31,661.0,0.5,21,South,1
39,Female,68163.03,719.0,0.24,19,South,1
23,Female,57257.28,674.0,0.65,2,North,0
61,Female,70847.23,647.0,0.64,41,East,0
39,Male,90877.79,540.0,0.69,19,West,0
40,Male,68156.9,661.0,0.25,16,South,1
25,Male,61530.75,785.0,0.28,5,South,1
60,Male,65905.35,661.0,0.57,37,East,1
47,Male,88749.69,660.0,0.61,27,South,1
40,Female,56202.78,828.0,0.19,16,West,1
22,Male,68691.56,602.0,0.72,1,East,0
42,Male,45092.43,636.0,0.46,19,South,0
59,Female,106108.31,727.0,0.68,39,East,1
31,Female,73952.72,655.0,0.18,7,South,1
50,Male,31893.53,786.0,0.36,26,West,1
30,Female,68930.13,716.0,0.63,6,East,0
41,Female,85682.33,700.0,0.21,19,West,1
60,Male,56741.69,607.0,0.32,39,West,1
67,Female,80028.77,665.0,0.76,45,West,0
33,Male,63320.76,548.0,0.72,9,North,0
45,Female,25000.0,781.0,0.34,24,South,0
24,Male,61602.15,557.0,0.57,3,West,0
39,Female,41939.16,709.0,0.76,17,West,0
35,Female,63351.07,761.0,0.26,15,East,1
42,Male,75347.52,673.0,0.34,18,South,1
57,Male,55776.47,661.0,0.12,34,North,1
60,Female,82247.41,766.0,0.5,40,South,1
60,Male,38540.47,756.0,0.6,37,East,1
56,Male,95252.66,581.0,0.69,33,South,1
45,Female,32911.74,646.0,0.36,21,East,0
50,Female,75151.56,766.0,0.68,28,East,0
34,Female,72737.62,595.0,0.39,12,East,0
26,Male,73819.85,585.0,0.15,4,North,1
33,Male,80749.48,685.0,0.44,10,South,1
45,Female,76972.84,833.0,0.28,24,West,1
41,Female,55023.89,722.0,0.45,21,East,0
61,Female,70628.54,731.0,0.5,39,North,1
26,Male,57937.03,588.0,0.14,3,East,1
42,Female,81478.49,620.0,0.6,20,West,0
39,Male,25000.0,502.0,0.41,18,North,0
37,Female,45932.83,721.0,0.11,16,North,1
28,Female,61055.36,537.0,0.48,6,West,0
33,Male,62035.35,722.0,0.5,10,East,1
47,Female,71257.76,597.0,0.53,24,South,0
25,Female,73466.12,820.0,0.58,1,East,0
41,Male,69890.82,694.0,0.53,20,West,1
35,Male,81060.69,657.0,0.21,11,East,1
69,Female,84058.88,621.0,0.48,45,West,1
60,Female,58714.58,711.0,0.21,37,North,1
61,Female,103551.83,797.0,0.42,41,East,1
28,Female,65447.56,631.0,0.28,6,West,0
24,Male,56543.09,644.0,0.14,1,South,1
25,Male,25000.0,610.0,0.61,4,East,0
40,Female,59229.32,738.0,0.23,17,East,1
52,Female,69550.88,682.0,0.12,30,East,1
38,Male,70159.38,657.0,0.53,17,East,1
51,Female,83361.84,716.0,0.14,27,East,1
34,Male,64110.78,721.0,0.62,12,East,0
63,Female,85955.6,708.0,0.63,43,West,1
25,Male,68979.61,671.0,0.39,5,South,1
68,Male,40437.59,615.0,0.43,45,North,1
32,Female,87791.45,848.0,0.27,9,West,1
63,Male,49784.1,664.0,0.35,40,West,1
49,Female,63441.16,715.0,0.29,26,East,1
31,Female,71657.0,638.0,0.33,7,South,0
26,Female,89312.03,631.0,0.1,3,South,1
47,Male,68475.95,552.0,0.15,23,East,1
64,Female,69035.13,729.0,0.38,42,South,1
33,Male,59303.36,671.0,0.8,13,West,0
41,Male,36221.8,654.0,0.19,18,South,1
34,Male,68065.44,670.0,0.28,11,East,1
36,Male,64707.59,721.0,0.22,14,East,1
58,Female,45771.56,606.0,0.53,34,South,0
43,Male,47168.01,718.0,0.19,20,South,1
38,Female,53598.44,737.0,0.19,16,East,1
26,Female,47019.03,567.0,0.79,2,West,0
34,Female,101808.08,637.0,0.79,11,South,0
61,Female,46734.84,769.0,0.25,37,West,1
33,Male,68843.99,809.0,0.5,9,East,1
61,Female,64096.18,636.0,0.46,37,South,1
50,Female,81786.33,649.0,0.42,30,East,1
24,Female,52097.31,583.0,0.38,1,North,0
59,Male,71094.3,618.0,0.25,35,East,1
69,Male,34519.56,644.0,0.67,45,North,0
46,Female,59708.07,753.0,0.53,23,East,0
27,Male,25894.29,806.0,0.26,5,North,1
23,Female,63131.74,718.0,0.38,1,East,0
49,Male,62436.04,662.0,0.75,29,West,0
67,Female,54395.61,738.0,0.18,44,East,1
47,Male,71366.1,732.0,0.64,23,South,1
31,Male,55376.06,806.0,0.49,9,West,1
36,Female,58202.75,688.0,0.65,12,East,0
69,Male,63160.52,744.0,0.41,45,North,1
26,Female,50557.11,717.0,0.45,5,West,0
45,Male,89999.82,675.0,0.78,24,East,1
60,Male,37385.08,738.0,0.53,37,South,1
66,Female,71366.87,582.0,0.59,45,East,1
56,Female,54622.25,677.0,0.77,36,East,0
57,Female,69271.31,631.0,0.42,33,West,1
32,Female,25000.0,775.0,0.68,12,West,0
58,Female,83185.88,751.0,0.38,37,South,1
44,Male,65734.9,763.0,0.7,23,North,1
57,Male,70935.04,674.0,0.79,37,West,1
35,Male,53383.12,637.0,0.59,14,North,0
60,Male,70354.93,656.0,0.17,37,East,1
41,Female,46010.16,486.0,0.11,17,South,0
58,Female,68276.92,419.0,0.18,36,North,1
40,Male,66047.6,737.0,0.17,19,East,1
57,Female,43215.63,649.0,0.2,34,East,1
49,Male,93848.67,704.0,0.21,29,West,1
39,Female,54231.05,615.0,0.55,18,North,0
51,Female,80657.45,717.0,0.66,28,East,0
64,Female,52717.88,675.0,0.25,42,West,1
22,Female,58822.87,622.0,0.35,0,North,0
34,Female,60448.75,822.0,0.2,13,East,1
66,Male,84776.5,664.0,0.75,43,East,1
28,Male,58640.99,619.0,0.36,8,North,1
49,Female,73493.0,639.0,0.68,28,East,0
57,Male,55320.15,661.0,0.33,33,South,1
65,Female,103301.71,733.0,0.25,42,West,1
24,Male,72008.64,794.0,0.73,4,South,0
41,Male,84332.14,689.0,0.34,21,South,1
32,Male,41121.09,662.0,0.69,8,East,0
41,Male,55967.1,718.0,0.25,20,North,1
45,Female,57533.13,681.0,0.49,23,West,0
36,Female,98122.43,653.0,0.19,14,East,1
42,Female,91170.26,707.0,0.15,18,North,1
28,Female,60143.75,662.0,0.33,6,East,0
23,Male,96049.17,690.0,0.45,2,North,1
27,Female,73272.83,761.0,0.34,7,East,1
33,Male,71422.97,738.0,0.42,11,East,1
24,Female,73616.5,509.0,0.5,3,West,0
57,Male,55359.75,673.0,0.36,35,West,1
57,Female,25000.0,698.0,0.2,35,East,1
33,Female,44200.31,608.0,0.49,13,West,0
53,Female,50499.48,662.0,0.72,33,South,0
32,Male,70533.21,639.0,0.17,10,South,1
49,Male,109637.95,733.0,0.39,27,East,1
63,Male,57737.44,602.0,0.75,41,East,0
28,Male,69375.92,709.0,0.45,6,North,1
53,Male,78970.05,660.0,0.74,29,North,1
51,Male,34825.45,760.0,0.36,29,South,1
43,Male,62278.7,649.0,0.76,22,North,0
44,Male,87706.76,695.0,0.46,21,West,1
45,Female,64223.07,700.0,0.24,21,North,1
28,Female,64205.69,672.0,0.79,4,East,0
42,Female,38887.97,609.0,0.28,18,West,0
23,Female,75587.5,742.0,0.4,0,North,0
23,Male,42250.58,697.0,0.66,1,North,0
51,Male,104111.71,678.0,0.23,30,South,1
60,Male,66207.46,726.0,0.28,39,East,1
56,Male,47313.32,647.0,0.68,36,East,0
22,Male,113004.05,680.0,0.16,2,South,1
30,Female,82976.69,773.0,0.18,6,South,1
64,Female,62814.23,700.0,0.31,44,North,1
59,Female,64701.62,585.0,0.78,39,North,0
59,Male,54298.28,668.0,0.53,39,East,1
42,Female,76419.52,739.0,0.38,20,South,1
36,Female,97491.7,625.0,0.41,16,West,1
58,Female,66974.85,774.0,0.44,35,West,1
40,Male,25000.0,627.0,0.39,19,South,0
58,Male,45580.63,611.0,0.7,37,West,0
34,Male,99321.5,706.0,0.22,12,West,1
61,Male,66617.68,685.0,0.76,40,West,1
66,Female,59371.06,669.0,0.46,45,West,1
60,Male,80559.92,696.0,0.76,36,North,1
52,Male,64367.19,598.0,0.15,30,East,1
33,Female,52225.51,731.0,0.3,13,West,0
49,Female,79743.46,665.0,0.51,27,East,1
39,Female,77203.26,611.0,0.19,18,North,1
23,Female,59779.52,627.0,0.53,2,West,0
60,Female,31502.71,665.0,0.46,39,East,0
47,Male,70938.4,812.0,0.35,25,North,1
47,Female,59599.56,676.0,0.32,25,North,1
40,Female,35422.02,680.0,0.11,19,South,1
67,Female,61424.65,748.0,0.49,45,South,1
56,Female,40426.09,586.0,0.35,34,West,0
27,Male,70611.99,783.0,0.79,5,North,0
52,Female,81077.51,744.0,0.17,32,North,1
68,Female,62770.78,632.0,0.3,45,West,1
61,Male,54680.27,711.0,0.32,37,South,1
50,Male,51817.32,752.0,0.39,28,West,1
38,Female,41992.23,630.0,0.76,16,South,0
68,Male,54317.12,754.0,0.52,45,East,1
69,Male,55494.56,713.0,0.41,45,North,1
52,Male,59180.86,547.0,0.19,28,South,1
26,Female,62519.15,664.0,0.32,3,East,0
60,Female,77131.09,576.0,0.69,36,North,0
41,Male,46481.12,662.0,0.25,21,East,1
68,Male,56762.96,681.0,0.79,45,East,1
37,Female,78151.01,640.0,0.35,17,North,1
53,Male,53438.18,768.0,0.8,30,North,0
45,Male,77336.46,636.0,0.46,21,South,1
37,Male,45295.73,677.0,0.4,13,West,0
40,Female,69338.8,763.0,0.77,17,North,0
62,Female,71689.45,718.0,0.72,38,West,0
48,Female,83074.82,764.0,0.57,28,North,1
22,Male,85996.61,710.0,0.19,0,East,1
34,Male,54087.7,575.0,0.73,13,East,0
48,Female,53094.47,734.0,0.16,24,West,1
64,Female,54060.4,708.0,0.42,42,South,1
66,Female,57381.74,621.0,0.56,42,West,0
41,Female,68543.89,771.0,0.73,21,West,0
50,Female,43370.59,643.0,0.23,27,South,1
26,Female,49124.81,726.0,0.47,5,West,0
64,Female,73826.13,850.0,0.67,42,West,1
52,Female,47292.33,724.0,0.74,29,East,0
41,Male,92874.08,677.0,0.46,18,West,1
30,Female,115716.58,708.0,0.53,9,West,1
28,Female,80616.47,717.0,0.53,6,South,0
57,Female,54885.14,617.0,0.25,36,West,1
28,Male,78780.62,652.0,0.11,6,West,1
25,Female,41137.85,728.0,0.22,1,South,0
66,Male,51161.66,582.0,0.73,42,East,0
30,Female,96745.45,720.0,0.24,8,North,1
52,Female,83361.86,605.0,0.15,32,South,1
45,Female,82756.26,653.0,0.31,22,West,1
68,Male,92009.08,742.0,0.69,45,East,1
47,Male,74085.8,654.0,0.16,23,West,1
51,Female,47302.44,584.0,0.67,27,South,0
39,Female,39796.91,644.0,0.47,17,East,0
51,Female,107621.79,534.0,0.17,31,North,1
58,Female,29530.16,629.0,0.18,34,East,1
48,Male,67323.19,660.0,0.11,24,West,1
65,Female,53857.52,649.0,0.56,43,North,0
43,Female,41089.27,697.0,0.13,21,West,1
54,Male,75957.92,665.0,0.71,32,West,1
24,Male,96635.1,571.0,0.75,4,South,0
39,Female,36429.79,685.0,0.7,19,South,0
69,Male,54607.24,610.0,0.12,45,North,1
40,Male,62196.31,744.0,0.28,18,North,1
49,Male,56325.34,616.0,0.24,26,South,1
25,Male,88778.34,680.0,0.13,2,West,1
33,Male,31612.5,635.0,0.16,9,West,1
51,Male,90767.91,699.0,0.76,27,South,1
29,Female,47680.92,723.0,0.34,6,West,0
24,Male,52121.67,701.0,0.77,1,South,0
31,Male,34745.39,691.0,0.77,11,South,0
29,Female,66642.3,732.0,0.31,8,West,0
39,Female,80468.95,607.0,0.64,17,East,0
36,Female,49364.47,674.0,0.37,12,North,0
63,Female,61118.59,648.0,0.47,42,North,1
47,Female,59921.06,656.0,0.7,24,South,0
55,Female,53548.1,704.0,0.29,32,West,1
52,Female,74419.38,586.0,0.11,31,South,1
29,Male,45779.39,769.0,0.49,8,North,0
33,Male,69793.21,619.0,0.77,9,West,0
68,Female,51719.55,691.0,0.16,45,East,1
56,Female,70311.26,612.0,0.12,36,North,1
60,Male,25000.0,718.0,0.33,39,East,1
31,Male,59692.91,588.0,0.31,7,South,1
68,Male,80844.77,790.0,0.7,45,West,1
49,Male,57844.08,609.0,0.39,26,South,1
55,Female,90325.97,677.0,0.25,32,East,1
49,Male,38076.86,687.0,0.2,25,East,1
43,Male,86682.61,656.0,0.43,20,East,1
68,Male,41383.94,803.0,0.2,45,North,1
49,Female,51218.44,678.0,0.15,28,East,1
44,Male,77025.5,607.0,0.4,23,East,1
56,Male,57426.75,607.0,0.27,35,West,1
68,Male,28876.06,735.0,0.52,45,East,1
30,Male,93556.73,697.0,0.14,10,North,1
53,Male,83690.13,612.0,0.18,31,South,1
56,Female,58632.98,684.0,0.66,32,North,0
40,Female,70253.39,752.0,0.51,16,East,0
55,Male,88459.78,738.0,0.79,34,North,1
63,Male,88675.04,639.0,0.74,43,West,1
62,Male,85958.28,682.0,0.73,41,East,1
58,Female,90641.59,586.0,0.49,35,East,1
62,Female,87517.7,687.0,0.4,39,South,1
49,Female,57903.34,584.0,0.76,29,North,0
63,Female,63972.92,671.0,0.79,39,East,0
36,Male,75347.29,633.0,0.3,14,South,1
67,Male,88234.98,703.0,0.72,45,West,1
34,Female,60494.71,643.0,0.6,10,South,0
43,Female,75787.75,599.0,0.19,22,East,1
22,Male,100937.26,726.0,0.21,2,East,1
38,Male,48487.34,731.0,0.16,16,West,1
23,Male,65646.03,638.0,0.56,3,West,0
66,Female,73463.34,820.0,0.28,43,East,1
45,Male,44932.38,713.0,0.73,25,West,0
31,Male,32166.57,716.0,0.49,7,South,0
68,Male,87706.33,711.0,0.3,45,North,1
60,Female,78119.13,810.0,0.12,38,East,1
47,Female,59894.28,717.0,0.21,26,South,1
42,Female,63081.11,664.0,0.14,21,East,1
27,Male,39236.4,813.0,0.6,5,West,0
30,Female,65749.67,772.0,0.56,6,South,0
31,Female,60763.29,658.0,0.55,9,North,0
26,Female,76130.09,630.0,0.57,6,West,0
64,Female,79835.46,689.0,0.13,44,South,1
57,Male,71570.57,663.0,0.25,35,East,1
47,Male,32436.93,608.0,0.74,27,South,0
26,Male,52434.82,675.0,0.35,6,North,1
52,Male,76201.11,640.0,0.31,28,South,1
33,Male,51397.4,662.0,0.67,12,West,0
50,Male,69783.83,648.0,0.33,26,West,1
68,Female,47709.78,755.0,0.73,45,North,0
61,Male,67597.88,671.0,0.34,37,North,1
40,Male,83344.87,619.0,0.38,16,West,1
54,Male,71305.43,597.0,0.66,30,North,1
45,Female,63620.56,666.0,0.56,24,North,0
37,Female,30367.07,755.0,0.26,13,North,0
62,Male,58179.34,681.0,0.41,38,West,1
43,Female,46609.32,613.0,0.12,19,East,1
49,Female,72510.11,787.0,0.48,26,North,1
41,Male,70922.43,602.0,0.59,21,North,1
57,Male,106353.45,736.0,0.39,35,West,1
34,Female,63154.62,740.0,0.36,12,North,0
44,Male,50999.18,651.0,0.69,22,South,0
68,Female,80626.73,706.0,0.39,45,West,1
63,Male,90455.19,651.0,0.58,41,East,1
66,Male,90805.09,670.0,0.55,44,West,1
35,Male,101133.04,621.0,0.68,12,South,1
32,Female,105309.89,690.0,0.79,8,West,0
61,Female,72339.14,722.0,0.65,38,North,1
43,Male,78901.36,585.0,0.38,22,North,1
48,Female,56122.04,734.0,0.46,27,West,0
23,Male,79603.75,659.0,0.41,2,South,1
40,Male,65752.51,709.0,0.52,20,North,1
65,Male,78188.53,548.0,0.54,45,East,1
55,Female,46198.47,661.0,0.33,33,North,1
23,Male,69733.09,674.0,0.12,3,West,1
62,Male,102422.32,755.0,0.74,42,North,1
44,Male,56032.99,568.0,0.16,20,South,1
60,Male,82332.77,626.0,0.17,38,West,1
53,Female,83000.82,692.0,0.77,32,North,0
42,Female,46144.72,801.0,0.15,21,East,1
45,Male,71805.19,704.0,0.56,21,East,1
31,Female,76591.29,733.0,0.58,8,North,0
33,Male,43229.53,800.0,0.71,11,South,0
60,Female,83361.58,551.0,0.6,39,North,0
35,Male,67060.63,565.0,0.21,15,West,1
62,Male,90243.08,655.0,0.27,38,West,1
41,Female,73326.78,689.0,0.26,20,North,1
31,Female,66840.79,736.0,0.35,7,West,0
69,Male,80767.76,664.0,0.7,45,North,1
54,Male,72290.62,681.0,0.66,30,South,1
40,Female,48236.93,702.0,0.52,17,East,0
24,Female,39901.22,557.0,0.23,3,East,0
29,Female,62155.88,758.0,0.65,8,West,0
36,Female,72842.42,704.0,0.61,14,West,0
63,Male,90700.47,675.0,0.71,40,West,1
42,Female,52036.66,571.0,0.65,18,North,0
51,Male,74166.52,683.0,0.13,27,North,1
59,Female,116892.58,696.0,0.29,36,West,1
63,Male,54180.34,687.0,0.77,42,North,1
26,Female,59862.67,678.0,0.47,4,East,0
50,Male,91032.34,802.0,0.58,26,West,1
26,Male,64571.45,755.0,0.37,2,South,1
64,Male,93701.57,715.0,0.67,40,West,1
60,Male,70307.27,692.0,0.11,40,East,1
52,Male,30256.0,731.0,0.37,31,South,1
53,Male,77687.84,675.0,0.76,31,West,1
40,Male,52197.23,518.0,0.16,18,South,1
42,Male,47254.01,731.0,0.72,22,West,0
38,Male,55298.76,685.0,0.13,17,South,1
67,Female,100546.11,595.0,0.33,45,North,1
36,Female,58289.12,695.0,0.69,16,North,0
62,Male,68521.66,692.0,0.71,38,West,1
28,Female,44603.38,695.0,0.47,7,South,0
60,Female,56973.46,643.0,0.76,38,North,0
34,Male,58530.4,603.0,0.55,10,South,0
42,Female,25000.0,681.0,0.63,21,North,0
60,Female,87150.28,565.0,0.79,37,South,0
22,Male,61427.15,720.0,0.31,0,North,1
35,Male,30341.31,549.0,0.72,13,West,0
67,Female,95657.13,783.0,0.56,45,South,1
22,Female,85490.73,670.0,0.79,1,East,0
46,Female,80276.28,752.0,0.71,24,East,0
68,Male,87112.95,686.0,0.4,45,South,1
34,Male,74534.51,819.0,0.53,12,North,1
61,Female,111399.84,581.0,0.23,37,East,1
23,Male,56331.51,815.0,0.76,0,North,0
52,Male,25799.0,806.0,0.26,31,South,1
32,Male,65340.03,615.0,0.3,8,East,1
63,Female,50665.46,685.0,0.21,40,West,1
23,Male,40692.7,707.0,0.18,2,South,1
67,Female,91625.58,706.0,0.4,45,South,1
66,Female,91104.79,550.0,0.38,42,South,1
43,Male,25000.0,661.0,0.66,19,South,0
27,Male,89846.2,738.0,0.68,4,East,1
39,Female,54439.9,540.0,0.11,17,North,1
42,Female,78461.87,668.0,0.54,19,North,0
55,Male,55702.52,675.0,0.68,31,West,0
64,Female,83135.83,632.0,0.32,44,South,1
60,Male,91030.82,645.0,0.11,36,West,1
59,Male,68272.12,711.0,0.34,38,North,1
66,Female,25000.0,621.0,0.33,45,North,0
27,Female,71297.65,749.0,0.68,5,North,0
57,Male,72574.04,763.0,0.11,37,East,1
53,Male,61830.34,690.0,0.76,29,North,0
68,Male,55088.12,735.0,0.16,45,East,1
58,Female,56734.95,708.0,0.53,36,East,0
39,Female,45874.36,508.0,0.61,15,South,0
46,Female,68920.19,759.0,0.41,26,East,1
57,Female,29477.42,623.0,0.75,36,West,0
29,Female,99229.76,730.0,0.11,9,South,1
36,Male,80634.36,693.0,0.73,15,West,0
37,Male,70485.07,682.0,0.69,17,West,0
42,Male,75008.98,642.0,0.41,22,North,1
23,Female,90903.85,575.0,0.71,3,South,0
50,Male,68064.42,698.0,0.51,26,South,1
45,Female,81493.96,692.0,0.56,23,East,0
48,Female,75323.91,718.0,0.7,28,South,0
49,Female,88014.57,718.0,0.32,29,West,1
45,Female,75613.74,622.0,0.62,25,West,0
38,Female,33978.14,734.0,0.46,16,East,0
31,Male,81360.46,760.0,0.72,7,West,0
64,Female,94636.18,653.0,0.32,41,North,1
63,Male,41744.08,677.0,0.39,39,West,1
24,Female,112428.79,667.0,0.54,2,East,0
41,Female,59445.29,687.0,0.69,18,South,0
31,Female,93398.83,809.0,0.23,7,North,1
27,Female,78525.9,738.0,0.7,4,West,0
33,Male,61497.44,664.0,0.25,10,West,1
69,Female,61303.91,662.0,0.26,45,East,1
39,Female,70852.82,628.0,0.37,16,West,0
44,Female,73472.32,850.0,0.4,20,North,1
33,Male,103724.35,775.0,0.45,10,West,1
66,Female,77343.67,669.0,0.44,45,North,1
28,Female,56203.37,606.0,0.64,6,West,0
68,Male,51510.13,712.0,0.68,45,North,1
54,Male,44068.93,666.0,0.33,30,West,1
26,Male,73259.64,551.0,0.25,5,North,1
63,Female,107009.22,689.0,0.75,43,North,1
47,Female,62593.42,609.0,0.53,24,South,0
32,Male,48285.58,779.0,0.74,12,North,0
40,Female,75327.69,660.0,0.71,18,North,0
48,Female,84984.88,806.0,0.23,26,East,1
44,Female,89123.75,634.0,0.63,23,South,0
52,Male,65413.61,615.0,0.25,32,West,1
60,Female,91904.77,603.0,0.47,40,South,1
25,Female,70941.7,792.0,0.59,5,North,0
68,Male,62062.42,659.0,0.46,44,East,1
25,Male,80073.47,752.0,0.1,2,West,1
60,Female,80065.26,711.0,0.46,36,North,1
38,Male,84590.01,823.0,0.35,15,West,1
40,Male,51386.08,518.0,0.21,17,South,1
30,Male,73649.29,641.0,0.31,9,East,1
51,Female,33246.82,691.0,0.68,28,East,0
32,Female,65336.2,702.0,0.12,11,South,1
51,Male,55504.49,675.0,0.62,30,North,1
45,Male,69797.16,733.0,0.1,23,North,1
29,Male,101814.65,611.0,0.35,8,West,1
36,Male,67801.15,666.0,0.69,15,South,0
33,Female,98333.83,658.0,0.64,12,East,0
67,Female,102377.71,685.0,0.24,43,South,1
46,Female,52307.36,661.0,0.35,24,North,0
42,Female,52688.9,624.0,0.33,22,West,0
65,Male,67028.01,583.0,0.73,45,East,1
37,Male,61515.9,609.0,0.2,14,West,1
51,Female,77455.49,558.0,0.34,29,West,1
64,Female,89164.9,731.0,0.21,40,North,1
67,Male,58279.63,648.0,0.77,45,West,1
57,Male,79283.95,766.0,0.56,35,East,1
39,Male,46798.12,605.0,0.25,16,North,1
50,Female,83386.71,591.0,0.66,30,North,0
39,Female,83558.96,755.0,0.37,17,East,1
69,Female,94625.84,602.0,0.24,45,West,1
50,Male,66218.8,653.0,0.75,26,North,0
40,Female,94655.62,696.0,0.36,16,North,1
38,Female,75184.29,675.0,0.58,15,East,0
65,Male,85280.96,652.0,0.58,45,North,1
26,Female,35983.02,748.0,0.15,6,North,0
58,Female,68643.57,680.0,0.21,38,West,1
48,Male,71178.92,642.0,0.59,27,West,1
45,Female,64043.57,677.0,0.14,23,South,1
57,Male,81545.11,641.0,0.47,37,West,1
26,Female,27613.94,715.0,0.44,3,West,0
44,Female,45185.16,673.0,0.45,21,East,0
45,Female,72037.48,698.0,0.37,23,West,1
27,Female,75464.22,599.0,0.15,5,South,1
24,Male,57278.71,681.0,0.17,4,East,1
50,Female,53737.62,773.0,0.26,29,North,1
60,Female,67857.04,850.0,0.57,40,South,1
43,Female,51636.13,716.0,0.65,21,East,0
63,Male,25000.0,710.0,0.54,39,South,1
41,Male,56989.0,611.0,0.56,18,North,0
67,Male,70527.92,710.0,0.39,43,West,1
68,Female,68191.36,637.0,0.33,45,East,1
46,Male,75640.97,607.0,0.46,22,North,1
32,Female,83738.59,700.0,0.76,9,East,0
68,Female,29474.96,692.0,0.52,45,West,0
34,Male,41415.49,590.0,0.63,10,South,0
65,Female,46300.4,756.0,0.23,45,East,1
55,Male,63105.62,717.0,0.73,33,West,1
68,Female,79252.91,709.0,0.68,45,South,1
37,Female,39287.15,597.0,0.58,15,North,0
69,Female,29594.92,674.0,0.54,45,East,0
48,Male,75004.87,738.0,0.19,26,North,1
58,Male,94791.6,748.0,0.2,36,North,1
49,Female,58253.2,656.0,0.23,26,South,1
66,Female,49548.68,671.0,0.45,45,South,1
50,Female,71181.72,624.0,0.16,30,South,1
34,Female,65632.38,567.0,0.44,12,North,0
68,Female,40479.06,646.0,0.31,45,North,1
26,Male,60742.99,662.0,0.29,5,West,1
41,Male,67879.94,703.0,0.67,18,East,0
59,Male,49331.43,635.0,0.31,35,South,1
55,Female,96196.66,584.0,0.43,32,West,1
62,Female,106956.34,690.0,0.61,42,South,1
62,Female,55638.92,592.0,0.28,41,North,1
62,Male,44090.9,708.0,0.55,38,North,1
31,Male,77143.06,704.0,0.43,11,East,1
34,Female,32286.27,787.0,0.68,14,East,0
35,Female,63977.02,640.0,0.19,12,South,1
35,Male,55172.92,691.0,0.27,15,South,1
62,Male,50947.56,753.0,0.28,42,South,1
44,Male,62427.5,779.0,0.46,23,South,1
54,Male,92743.02,536.0,0.42,30,East,1
32,Female,64726.11,847.0,0.17,10,North,1
53,Male,107015.66,649.0,0.34,30,East,1
52,Female,48668.55,569.0,0.22,29,North,1
69,Male,100653.69,695.0,0.72,45,South,1
39,Male,73086.19,626.0,0.12,17,North,1
50,Female,88072.04,590.0,0.2,28,West,1
67,Female,100053.99,818.0,0.65,44,East,1
39,Female,29702.68,732.0,0.36,16,East,0
52,Female,61897.44,623.0,0.45,32,South,0
38,Male,83547.44,648.0,0.64,14,South,1
52,Female,67518.31,793.0,0.37,29,South,1
62,Female,57084.51,616.0,0.12,41,South,1
69,Male,29918.62,621.0,0.1,45,East,1
63,Male,78141.99,678.0,0.44,41,South,1
35,Female,44344.3,530.0,0.53,11,East,0
50,Male,38787.05,679.0,0.64,28,East,0
32,Male,47330.12,788.0,0.26,11,West,1
68,Female,73641.47,731.0,0.64,44,West,1
48,Male,89198.07,619.0,0.65,25,South,1
31,Female,94056.18,669.0,0.29,10,East,1
27,Female,69299.45,676.0,0.1,4,West,1
46,Female,58843.7,652.0,0.6,23,West,0
38,Male,65355.77,636.0,0.55,14,South,0
30,Male,95746.46,708.0,0.35,6,South,1
28,Male,99965.28,741.0,0.43,4,North,1
33,Male,74498.44,675.0,0.69,13,East,0
60,Female,83937.22,697.0,0.46,39,South,1
50,Female,54482.14,642.0,0.46,26,West,0
60,Male,55209.64,840.0,0.32,36,West,1
54,Male,39033.47,580.0,0.77,30,South,0
46,Female,74866.79,794.0,0.68,25,South,0
31,Female,64143.92,603.0,0.64,11,North,0
44,Male,75580.19,675.0,0.4,24,South,1
59,Female,84214.02,706.0,0.46,38,South,1
37,Male,63078.35,714.0,0.69,13,North,0
50,Female,54143.84,850.0,0.27,27,North,1
35,Male,89360.66,712.0,0.74,11,South,0
48,Female,98445.33,818.0,0.52,26,West,1
34,Male,64231.5,590.0,0.27,13,West,1
62,Female,42734.17,653.0,0.31,42,West,1
45,Female,25000.0,693.0,0.44,25,East,0
45,Male,54102.14,635.0,0.16,21,West,1
58,Female,89446.98,553.0,0.75,36,South,0
56,Female,27845.78,705.0,0.3,34,East,0
65,Male,32514.24,711.0,0.66,41,East,0
42,Male,67315.99,646.0,0.39,21,East,1
27,Female,76613.39,637.0,0.71,5,South,0
35,Female,63977.0,697.0,0.29,13,East,1
27,Female,46037.16,665.0,0.6,7,South,0
52,Female,62232.59,831.0,0.74,28,West,0
54,Male,49381.7,593.0,0.24,31,South,1
66,Male,69681.1,657.0,0.63,44,West,1
39,Male,66244.89,754.0,0.5,16,East,1
68,Male,76687.22,684.0,0.37,45,East,1
44,Female,94268.93,695.0,0.32,24,East,1
49,Female,65325.62,709.0,0.68,29,North,0
38,Male,52243.83,669.0,0.45,16,West,1
65,Male,69803.13,713.0,0.72,43,South,1
30,Female,46650.02,850.0,0.69,6,East,0
34,Female,105432.53,604.0,0.56,11,West,0
58,Female,61786.37,502.0,0.72,35,East,0
48,Male,70292.79,841.0,0.11,27,South,1
50,Male,95452.89,585.0,0.75,30,West,1
48,Female,85882.8,534.0,0.22,24,North,1
53,Male,88570.07,651.0,0.48,30,North,1
53,Male,75428.43,737.0,0.5,30,South,1
23,Male,48144.05,599.0,0.63,0,West,0
59,Female,70670.66,746.0,0.22,38,North,1
68,Female,48692.6,652.0,0.14,45,North,1
66,Female,51910.91,745.0,0.75,45,West,0
66,Female,72622.9,698.0,0.41,42,West,1
36,Female,50624.67,678.0,0.14,16,East,1
63,Female,41613.55,577.0,0.29,40,South,1
45,Female,86535.89,820.0,0.43,21,West,1
62,Female,59981.86,720.0,0.64,38,East,0
42,Female,64779.1,583.0,0.73,21,North,0
45,Male,25205.1,681.0,0.26,25,South,1
26,Male,54411.15,658.0,0.2,6,West,1
26,Male,60135.22,641.0,0.47,3,South,0
62,Female,71841.04,654.0,0.66,38,North,0
44,Male,63430.16,784.0,0.43,24,East,1
39,Male,101858.22,619.0,0.76,19,North,1
49,Female,71507.1,718.0,0.17,26,North,1
57,Male,79437.14,589.0,0.57,34,North,1
54,Male,47199.19,732.0,0.53,34,East,1
38,Male,52614.14,624.0,0.19,18,North,1
58,Female,25000.0,659.0,0.33,37,West,0
55,Female,72384.74,607.0,0.35,31,West,1
53,Male,65849.26,696.0,0.61,29,East,1
57,Male,97153.84,638.0,0.5,34,South,1
37,Female,82678.47,701.0,0.41,14,East,1
28,Female,84147.08,693.0,0.22,6,South,1
22,Male,62136.25,685.0,0.68,0,West,0
36,Female,57799.4,668.0,0.53,12,South,0
55,Female,35687.57,615.0,0.24,34,West,0
43,Female,42278.81,719.0,0.47,22,West,0
54,Female,76675.0,616.0,0.65,30,West,0
47,Female,77519.66,610.0,0.27,24,East,1
54,Male,29128.98,682.0,0.68,32,East,0
25,Female,42621.71,721.0,0.57,4,West,0
25,Male,49928.63,579.0,0.37,5,South,0
58,Male,86130.03,726.0,0.23,34,East,1
68,Female,70613.32,681.0,0.54,44,South,1
68,Female,71810.65,644.0,0.12,45,West,1
31,Female,51557.59,736.0,0.24,11,North,0
59,Male,51768.71,711.0,0.45,35,West,1
61,Male,69907.74,706.0,0.26,38,South,1
58,Female,44904.46,538.0,0.33,38,North,0
25,Male,88017.53,681.0,0.13,3,East,1
53,Male,63305.35,523.0,0.46,32,East,1
34,Male,84576.12,637.0,0.24,13,West,1
42,Male,80504.69,598.0,0.52,22,East,1
63,Female,53597.46,728.0,0.42,39,South,1
23,Male,78018.24,613.0,0.29,3,South,1
27,Male,85515.79,714.0,0.11,5,North,1
56,Male,79438.92,679.0,0.45,32,North,1
37,Male,28387.96,773.0,0.34,16,South,1
26,Male,59116.46,652.0,0.52,4,South,0
28,Female,82214.05,684.0,0.64,6,North,0
34,Female,66032.75,652.0,0.52,11,South,0
68,Male,34341.73,735.0,0.48,45,West,1
41,Male,97165.66,601.0,0.28,17,South,1
67,Male,78862.55,701.0,0.52,43,South,1
42,Female,35674.21,560.0,0.48,22,South,0
68,Male,70371.21,788.0,0.57,45,North,1
55,Female,42052.04,850.0,0.62,31,North,0
43,Male,43527.61,669.0,0.13,21,East,1
61,Female,59910.79,770.0,0.25,38,West,1
52,Female,88526.11,770.0,0.8,29,South,0
30,Female,67462.98,682.0,0.4,9,West,0
57,Female,44356.83,705.0,0.19,36,South,1
44,Male,60326.0,669.0,0.19,23,North,1
28,Female,84660.21,786.0,0.38,7,South,1
61,Male,82624.98,671.0,0.6,41,South,1
25,Female,74408.13,767.0,0.51,5,East,0
42,Male,64314.02,683.0,0.69,22,South,0
35,Female,66247.18,478.0,0.48,15,North,0
63,Male,55046.08,696.0,0.23,41,North,1
36,Female,114077.94,613.0,0.19,15,East,1
31,Male,38246.49,794.0,0.11,7,East,1
35,Male,74457.52,730.0,0.6,15,North,1
44,Female,74642.5,686.0,0.2,22,East,1
55,Female,60168.92,775.0,0.75,32,South,0
23,Female,103921.73,672.0,0.56,1,South,0
34,Female,45557.45,761.0,0.24,12,West,0
59,Male,70205.83,615.0,0.48,39,North,1
62,Male,79923.81,722.0,0.41,41,West,1
46,Female,50156.2,678.0,0.57,26,East,0
58,Male,41031.15,767.0,0.16,36,West,1
26,Female,88932.96,688.0,0.28,6,South,1
65,Female,58858.08,801.0,0.35,44,South,1
54,Male,73130.62,614.0,0.45,30,North,1
22,Male,60989.91,646.0,0.75,2,West,0
29,Male,82628.92,645.0,0.36,8,East,1
53,Female,57977.19,688.0,0.68,29,North,0
45,Female,60531.14,629.0,0.39,25,South,0
31,Female,64139.61,539.0,0.78,8,East,0
29,Male,63560.96,737.0,0.55,6,North,0
34,Male,66961.27,647.0,0.18,11,South,1
55,Male,58607.21,714.0,0.72,35,South,1
24,Female,71448.24,576.0,0.7,3,East,0
31,Female,73813.1,825.0,0.22,11,South,1
30,Female,56893.39,564.0,0.63,8,South,0
30,Female,67174.91,756.0,0.45,10,South,0
23,Male,68844.53,710.0,0.6,3,South,0
22,Female,97561.14,634.0,0.5,0,East,0
49,Male,25228.14,637.0,0.53,26,West,0
62,Female,46845.13,680.0,0.22,38,North,1
63,Male,64494.44,727.0,0.73,41,West,1
38,Male,62552.54,599.0,0.65,15,East,0
34,Female,78898.01,643.0,0.63,10,East,0
56,Male,72360.3,704.0,0.76,34,North,1
22,Female,80398.42,802.0,0.62,2,South,0
53,Female,33400.38,572.0,0.69,30,West,0
41,Male,52755.18,629.0,0.21,20,North,1
40,Male,102568.61,695.0,0.61,17,South,1
65,Female,52904.34,768.0,0.52,44,West,1
46,Male,65230.51,621.0,0.36,22,West,1
37,Male,65924.48,657.0,0.16,13,West,1
36,Male,54506.55,657.0,0.4,16,South,1
28,Female,36452.83,614.0,0.53,8,East,0
35,Male,45286.3,679.0,0.25,14,West,1
54,Male,68258.41,710.0,0.26,31,West,1
58,Male,73356.73,632.0,0.15,35,West,1
22,Female,69676.1,807.0,0.39,0,West,0
40,Male,123043.41,630.0,0.26,17,North,1
67,Male,92120.37,734.0,0.25,43,South,1
47,Male,74897.81,585.0,0.79,23,North,0
68,Male,65979.47,678.0,0.45,45,West,1
33,Female,52624.3,605.0,0.28,11,South,0
29,Male,65678.84,684.0,0.36,9,East,1
53,Male,79352.31,740.0,0.28,33,North,1
46,Female,81875.2,660.0,0.79,24,West,0
64,Female,70835.97,763.0,0.22,43,South,1
35,Female,33211.45,624.0,0.49,15,West,0
42,Male,111543.44,543.0,0.12,21,East,1
37,Female,70579.95,722.0,0.28,16,West,1
56,Female,64643.93,686.0,0.31,34,North,1
58,Female,25000.0,759.0,0.67,34,East,0
32,Male,86556.33,783.0,0.8,12,North,0
58,Male,67998.96,705.0,0.7,34,West,1
45,Male,57611.48,749.0,0.41,21,West,1
56,Female,107889.22,675.0,0.44,36,North,1
59,Male,34427.02,612.0,0.46,35,North,1
59,Female,96594.78,682.0,0.7,37,West,1
50,Female,58771.59,583.0,0.69,29,North,0
37,Male,64657.42,736.0,0.74,17,West,0
68,Female,94276.34,660.0,0.25,45,North,1
26,Male,83326.63,813.0,0.28,6,West,1
57,Male,84124.57,709.0,0.39,34,South,1
58,Female,70951.61,736.0,0.7,38,North,0
55,Female,47398.45,694.0,0.46,35,North,0
65,Female,52515.73,743.0,0.73,43,West,0
22,Female,73056.15,715.0,0.36,2,East,0
32,Male,81849.0,541.0,0.13,11,North,1
25,Male,56887.84,596.0,0.33,4,West,0
28,Female,48735.31,786.0,0.19,8,West,1
37,Male,52597.85,669.0,0.5,17,West,0
53,Male,63205.6,655.0,0.2,32,North,1
46,Female,64130.82,637.0,0.65,23,West,0
34,Male,63389.8,613.0,0.6,12,East,0
34,Female,64691.06,593.0,0.18,12,North,1
24,Female,79886.8,648.0,0.16,2,East,1
49,Male,45609.36,824.0,0.34,25,West,1
69,Male,66212.03,592.0,0.19,45,West,1
50,Female,60407.14,663.0,0.7,26,West,0
30,Female,73947.92,680.0,0.6,8,South,0
67,Female,81115.68,634.0,0.3,44,East,1
51,Male,95153.49,645.0,0.75,30,East,1
49,Female,53821.89,850.0,0.17,25,West,1
59,Female,47671.34,672.0,0.68,36,South,0
46,Female,75822.28,706.0,0.79,23,West,0
48,Male,69605.54,687.0,0.46,28,North,1
36,Female,69312.62,643.0,0.25,15,South,1
28,Female,86516.32,555.0,0.18,6,South,1
29,Female,57232.43,748.0,0.64,7,North,0
46,Female,60296.27,765.0,0.21,26,South,1
53,Female,73368.28,579.0,0.58,30,North,0
52,Male,65760.99,764.0,0.37,31,South,1
34,Female,42699.38,651.0,0.63,14,East,0
24,Female,72084.27,648.0,0.68,4,East,0
46,Male,65638.9,562.0,0.5,24,North,1
34,Female,55852.17,730.0,0.62,13,North,0
67,Female,44879.84,796.0,0.79,45,East,0
38,Male,60797.38,638.0,0.18,14,East,1
31,Male,55108.07,716.0,0.68,8,North,0
42,Female,45405.32,640.0,0.39,21,South,0
30,Female,47696.42,741.0,0.74,10,West,0
35,Male,83437.01,635.0,0.53,13,North,1
49,Female,73876.72,738.0,0.56,27,East,1
59,Female,61139.85,615.0,0.14,36,South,1
60,Male,40305.48,644.0,0.45,39,West,1
42,Female,48552.12,673.0,0.34,19,West,0
67,Female,82639.95,691.0,0.36,44,North,1
57,Female,33184.58,670.0,0.5,34,West,0
54,Male,66444.13,706.0,0.75,30,South,1
23,Female,85876.75,609.0,0.23,3,East,1
62,Female,51239.97,706.0,0.17,39,East,1
48,Male,86723.29,764.0,0.58,25,North,1
54,Male,70654.93,699.0,0.7,30,North,1
63,Male,57902.65,595.0,0.78,39,East,0
66,Female,91952.46,706.0,0.63,44,East,1
53,Female,69234.49,711.0,0.64,31,West,0
69,Male,39116.96,706.0,0.17,45,East,1
46,Male,75674.82,652.0,0.64,22,East,1
28,Male,82634.52,655.0,0.54,4,North,1
56,Male,68300.94,701.0,0.47,36,West,1
41,Male,75192.95,715.0,0.63,21,East,1
63,Male,39177.84,510.0,0.49,42,North,1
69,Male,53469.69,569.0,0.49,45,South,1
31,Female,36152.86,638.0,0.17,9,West,0
69,Female,72281.35,736.0,0.8,45,North,0
42,Male,79983.89,728.0,0.47,18,North,1
32,Male,34424.46,696.0,0.39,9,East,0
37,Male,69001.24,713.0,0.57,14,South,1
44,Male,30767.14,765.0,0.36,22,South,1
27,Female,120841.2,742.0,0.2,4,West,1
30,Female,44298.96,590.0,0.59,9,South,0
39,Male,65930.27,661.0,0.63,18,East,0
49,Female,52889.65,719.0,0.7,28,South,0
23,Male,90910.28,753.0,0.39,2,West,1
48,Male,62766.93,772.0,0.69,24,North,1
42,Male,65853.36,620.0,0.71,19,West,0
46,Female,74502.11,730.0,0.63,22,North,0
55,Female,97302.39,705.0,0.29,33,West,1
30,Female,54304.64,705.0,0.43,8,South,0
22,Female,45068.36,652.0,0.26,1,North,0
56,Female,78663.77,617.0,0.46,36,South,1
65,Female,55507.23,724.0,0.4,44,North,1
30,Male,38523.02,734.0,0.36,9,South,0
58,Male,25000.0,674.0,0.39,34,South,1
55,Male,85093.37,723.0,0.24,31,South,1
66,Male,61220.67,671.0,0.26,42,East,1
57,Male,37309.1,785.0,0.46,34,West,1
51,Male,53142.24,647.0,0.75,30,East,0
40,Female,96631.44,625.0,0.28,20,West,1
58,Male,63972.87,629.0,0.51,38,East,1
38,Female,61865.68,558.0,0.76,14,North,0
24,Female,84493.24,636.0,0.48,2,East,0
35,Male,35986.19,768.0,0.38,15,South,1
37,Female,85697.45,576.0,0.12,14,West,1
35,Male,81410.97,717.0,0.4,14,North,1
27,Male,82132.02,616.0,0.2,5,West,1
60,Female,57562.0,648.0,0.43,38,North,1
43,Male,29347.6,601.0,0.25,22,East,1
24,Male,64909.75,772.0,0.6,4,West,0
25,Female,57728.11,667.0,0.73,4,North,0
32,Female,88625.07,664.0,0.78,12,South,0
63,Male,42279.9,679.0,0.29,42,North,1
36,Male,104979.42,670.0,0.14,14,East,1
60,Male,65507.57,753.0,0.26,37,West,1
28,Male,55051.92,677.0,0.77,6,West,0
49,Male,55322.42,726.0,0.13,26,East,1
56,Female,67418.09,787.0,0.72,36,South,0
54,Female,86723.4,675.0,0.55,32,East,1
23,Female,70840.76,729.0,0.65,0,South,0
26,Female,64236.25,776.0,0.57,4,South,0
65,Male,37036.57,757.0,0.68,42,West,1
30,Male,71926.52,707.0,0.28,10,North,1
66,Female,60358.08,739.0,0.62,45,South,1
36,Female,36524.61,519.0,0.53,15,South,0
58,Female,72133.47,732.0,0.57,36,South,1
65,Female,64750.48,634.0,0.39,42,East,1
28,Male,71093.05,660.0,0.28,8,East,1
26,Male,99266.79,614.0,0.14,4,North,1
45,Male,61601.04,744.0,0.18,24,East,1
27,Male,73534.31,668.0,0.52,5,West,0
52,Male,73311.78,712.0,0.13,32,West,1
69,Male,89356.07,566.0,0.26,45,West,1
38,Female,56467.51,795.0,0.61,18,West,0
42,Male,68730.82,712.0,0.39,20,North,1
35,Female,53545.54,561.0,0.44,14,East,0
51,Female,33199.99,637.0,0.33,30,West,0
64,Male,48200.18,725.0,0.76,43,South,1
35,Female,69885.15,744.0,0.36,15,West,1
40,Female,49533.37,588.0,0.7,18,South,0
50,Female,27000.28,696.0,0.67,28,East,0
64,Female,49357.52,749.0,0.29,41,North,1
48,Male,52888.4,703.0,0.74,28,East,0
22,Male,52971.06,719.0,0.51,0,North,0
46,Male,56614.93,574.0,0.15,24,East,1
50,Female,41923.58,629.0,0.32,27,South,0
62,Female,74180.22,595.0,0.11,42,West,1
68,Male,45477.54,786.0,0.31,45,South,1
54,Male,49544.95,741.0,0.24,30,North,1
45,Female,64067.61,682.0,0.69,24,West,0
45,Male,45036.65,707.0,0.65,23,North,0
68,Female,69575.19,712.0,0.72,45,North,0
28,Male,49952.14,699.0,0.75,6,South,0
30,Female,105560.96,753.0,0.64,7,West,0
34,Female,38687.29,710.0,0.26,13,North,0
45,Female,39423.9,691.0,0.29,23,North,0
34,Female,62335.6,685.0,0.56,13,East,0
29,Male,111501.37,533.0,0.57,7,East,1
23,Male,61203.39,712.0,0.49,3,South,0
62,Female,69526.46,684.0,0.55,39,South,1
55,Male,56005.24,666.0,0.78,31,North,0
25,Female,79735.24,541.0,0.53,3,South,0
61,Female,96613.87,723.0,0.74,38,South,1
32,Female,50682.46,805.0,0.44,12,North,0
39,Male,74331.12,808.0,0.7,15,South,1
25,Female,49407.39,742.0,0.33,4,North,0
24,Male,96230.78,799.0,0.16,4,West,1
35,Female,40814.41,822.0,0.48,14,North,0
58,Female,99350.3,528.0,0.51,37,West,1
51,Male,75402.27,704.0,0.58,29,South,1
29,Female,69189.48,706.0,0.65,6,North,0
57,Male,52913.52,649.0,0.79,33,North,0
41,Male,46765.31,613.0,0.8,17,West,0
46,Male,94721.02,640.0,0.26,25,East,1
38,Female,67264.76,711.0,0.2,15,North,1
47,Female,37948.52,612.0,0.19,25,South,0
58,Female,62753.43,533.0,0.54,38,South,0
26,Female,61823.82,622.0,0.74,4,South,0
68,Male,31545.37,700.0,0.26,45,South,1
49,Female,42520.72,617.0,0.69,25,East,0
45,Female,106901.01,632.0,0.73,25,North,0
24,Male,57758.45,612.0,0.39,2,West,0
59,Male,72841.65,607.0,0.59,35,North,1
34,Male,87293.61,759.0,0.26,13,West,1
44,Female,89768.53,596.0,0.44,22,North,1
42,Female,54347.56,797.0,0.69,21,East,0
43,Female,67512.82,663.0,0.71,19,North,0
37,Female,85294.85,621.0,0.33,17,South,1
41,Female,49978.39,710.0,0.22,20,West,1
25,Female,60826.29,490.0,0.44,2,West,0
27,Female,29669.87,749.0,0.5,6,West,0
42,Male,48350.37,644.0,0.79,21,East,0
66,Female,38965.29,780.0,0.46,45,East,1
30,Female,66211.32,711.0,0.25,9,East,1
67,Male,69030.01,753.0,0.66,44,East,1
31,Female,36788.87,643.0,0.61,10,South,0
65,Female,86001.85,667.0,0.37,44,South,1
31,Male,37159.17,790.0,0.14,7,North,1
23,Male,84872.73,625.0,0.53,1,North,0
61,Male,83238.27,698.0,0.22,37,East,1
24,Female,90819.41,768.0,0.37,1,North,1
32,Female,100516.85,756.0,0.63,12,East,1
25,Male,58603.18,740.0,0.62,4,North,0
59,Female,60788.74,806.0,0.25,38,North,1
39,Female,63854.97,638.0,0.41,17,East,0
51,Male,54596.15,622.0,0.41,28,West,1
27,Male,42996.52,697.0,0.28,7,West,1
23,Male,68127.11,723.0,0.18,2,West,1
28,Male,73913.22,778.0,0.52,7,North,1
55,Female,76939.62,670.0,0.76,32,South,0
50,Male,86672.1,626.0,0.6,26,South,1
66,Female,74609.9,624.0,0.67,45,East,0
34,Female,58263.43,587.0,0.35,14,East,0
49,Female,70452.4,673.0,0.66,26,East,0
66,Male,59635.66,694.0,0.49,45,South,1
51,Female,76035.6,745.0,0.24,30,West,1
32,Female,53311.02,755.0,0.67,11,North,0
28,Female,69804.36,536.0,0.27,4,North,0
66,Female,42251.25,608.0,0.56,44,North,0
57,Male,94657.92,576.0,0.68,34,North,1
28,Male,87702.95,794.0,0.39,6,East,1
36,Female,101067.51,636.0,0.23,15,East,1
45,Female,59711.64,632.0,0.31,24,East,1
54,Female,61643.02,781.0,0.11,33,East,1
50,Male,82997.75,621.0,0.27,30,East,1
40,Female,101743.24,722.0,0.57,17,South,1
59,Male,54532.02,632.0,0.74,36,West,0
60,Male,84587.31,662.0,0.63,38,West,1
31,Female,76806.88,691.0,0.27,11,South,1
53,Female,58755.12,552.0,0.3,32,West,1
59,Male,85891.28,744.0,0.17,39,North,1
45,Female,51257.95,818.0,0.24,25,West,1
55,Male,72356.73,699.0,0.28,34,West,1
26,Male,76096.7,717.0,0.54,2,North,1
59,Male,50892.61,822.0,0.56,36,South,1
37,Female,54957.51,740.0,0.74,13,West,0
56,Male,78049.89,653.0,0.19,33,West,1
36,Female,77517.69,619.0,0.3,13,North,1
50,Male,83954.58,682.0,0.6,29,North,1
68,Male,70263.76,650.0,0.73,45,South,1
37,Male,42144.02,665.0,0.14,13,East,1
25,Male,63203.43,728.0,0.29,4,East,1
31,Male,26282.35,623.0,0.14,10,North,1
59,Female,75065.36,729.0,0.15,37,South,1
49,Female,88145.97,736.0,0.67,26,West,0
59,Male,65708.73,740.0,0.66,38,South,1
48,Male,43026.3,472.0,0.79,28,North,0
33,Male,46310.02,646.0,0.47,12,North,0
61,Female,79057.5,691.0,0.27,39,West,1
37,Male,79035.3,702.0,0.38,17,East,1
28,Male,59554.72,760.0,0.49,7,South,1
55,Female,64918.26,671.0,0.18,31,South,1
62,Male,80193.8,787.0,0.25,41,East,1
67,Male,93387.8,639.0,0.6,45,East,1
30,Female,59326.65,716.0,0.75,6,North,0
24,Female,96110.93,611.0,0.38,1,West,0
48,Female,49743.35,629.0,0.58,27,West,0
55,Female,58558.48,715.0,0.36,34,West,1
32,Female,81445.81,735.0,0.78,8,West,0
38,Female,58671.55,647.0,0.8,15,South,0
69,Male,33378.48,634.0,0.32,45,North,1
31,Male,37650.45,579.0,0.55,11,North,0
51,Female,76385.58,661.0,0.28,30,North,1
61,Male,25155.3,843.0,0.58,40,South,1
48,Female,67748.31,689.0,0.7,28,West,0
62,Male,55307.73,676.0,0.68,38,West,1
37,Female,63251.55,701.0,0.77,13,West,0
51,Female,121044.17,718.0,0.31,30,East,1
58,Male,87271.51,539.0,0.65,38,South,1
43,Female,28516.72,682.0,0.54,19,West,0
59,Female,71549.76,672.0,0.56,39,East,1
22,Male,60259.54,716.0,0.5,0,West,0
43,Male,86837.49,596.0,0.2,21,West,1
39,Male,43229.02,676.0,0.25,15,North,1
22,Female,51878.16,543.0,0.23,0,South,0
36,Female,57678.99,645.0,0.13,12,East,1
30,Female,64581.98,658.0,0.64,6,West,0
65,Male,92474.42,674.0,0.76,44,North,1
33,Male,83466.95,699.0,0.5,11,North,1
50,Female,61154.78,618.0,0.78,29,South,0
46,Female,72158.72,707.0,0.22,25,West,1
54,Male,62823.48,740.0,0.3,34,West,1
33,Female,84654.55,692.0,0.69,13,South,0
57,Male,105533.7,604.0,0.21,35,East,1
38,Male,62133.46,587.0,0.79,18,West,0
42,Male,63270.23,582.0,0.4,20,South,1
24,Female,25000.0,661.0,0.13,0,South,0
46,Male,69662.78,613.0,0.58,23,North,1
35,Female,78192.59,692.0,0.67,11,West,0
45,Female,74005.24,666.0,0.7,25,North,0
54,Female,64691.35,711.0,0.13,30,West,1
40,Female,87064.65,668.0,0.75,16,West,0
36,Female,46130.44,578.0,0.73,14,South,0
29,Female,40354.22,616.0,0.64,5,North,0
68,Male,124233.2,696.0,0.25,44,East,1
55,Male,87982.57,680.0,0.38,34,North,1
34,Male,74647.53,493.0,0.16,14,West,1
68,Male,101826.26,733.0,0.45,45,East,1
43,Female,36163.39,758.0,0.36,23,South,0
52,Male,60049.33,699.0,0.19,31,South,1
47,Female,66375.43,769.0,0.32,26,North,1
45,Female,87825.43,772.0,0.58,21,East,1
54,Male,48967.73,672.0,0.3,33,East,1
59,Male,73411.89,561.0,0.29,38,South,1
59,Male,95660.72,618.0,0.71,38,East,1
33,Male,30104.54,728.0,0.5,9,East,0
40,Male,87231.01,688.0,0.15,19,South,1
66,Female,49388.83,776.0,0.25,42,East,1
42,Female,76899.22,629.0,0.19,22,East,1
52,Male,82014.48,732.0,0.24,30,West,1
50,Female,33716.17,743.0,0.69,29,East,0
31,Male,50925.52,593.0,0.17,9,North,1
28,Male,45287.33,713.0,0.3,4,West,1
41,Male,65166.03,658.0,0.68,19,North,0
27,Female,89184.05,623.0,0.66,3,West,0
54,Female,82057.78,689.0,0.24,33,North,1
60,Female,58128.54,769.0,0.13,37,West,1
34,Female,61454.43,675.0,0.25,12,South,0
52,Female,58091.62,714.0,0.2,29,North,1
40,Male,45243.63,598.0,0.38,18,South,0
33,Female,28724.38,767.0,0.53,12,South,0
52,Female,69887.17,721.0,0.27,28,West,1
58,Female,59235.34,661.0,0.13,38,South,1
39,Male,25000.0,644.0,0.25,16,East,0
23,Male,75036.62,650.0,0.61,0,North,0
37,Male,78648.21,606.0,0.58,15,North,1
51,Male,50553.71,572.0,0.32,31,West,1
33,Male,90846.4,755.0,0.67,11,North,1
41,Female,62636.25,667.0,0.43,19,East,0
40,Male,39133.47,562.0,0.63,19,North,0
31,Male,55248.55,650.0,0.32,10,North,1
30,Female,54992.67,628.0,0.28,10,North,0
68,Female,103209.28,709.0,0.54,45,North,1
67,Male,92775.81,700.0,0.2,44,West,1
64,Male,54401.73,746.0,0.15,44,West,1
26,Male,75296.84,722.0,0.16,5,West,1
65,Male,101986.79,678.0,0.57,45,North,1
50,Female,99119.27,565.0,0.57,28,South,1
65,Male,41809.15,592.0,0.28,41,West,1
37,Male,32836.65,745.0,0.72,14,South,0
42,Male,70949.43,699.0,0.22,22,West,1
57,Male,42388.03,661.0,0.2,37,West,1
24,Female,25000.0,744.0,0.34,3,East,0
45,Male,25000.0,704.0,0.27,23,East,1
36,Female,58003.6,794.0,0.24,12,West,1
41,Male,107732.05,584.0,0.74,19,East,1
49,Female,38691.26,644.0,0.25,27,West,0
54,Male,78163.68,717.0,0.16,32,North,1
66,Male,93908.05,671.0,0.73,43,North,1
28,Male,61558.18,681.0,0.15,4,South,1
34,Female,54690.05,617.0,0.49,14,South,0
43,Male,58781.7,642.0,0.67,23,East,0
50,Male,92008.91,720.0,0.51,30,East,1
57,Male,73850.6,717.0,0.57,36,South,1
42,Male,56848.79,739.0,0.53,18,South,1
23,Male,58995.83,755.0,0.44,0,West,0
30,Male,63758.41,813.0,0.26,9,East,1
35,Male,70555.65,721.0,0.4,12,East,1
51,Female,51786.23,717.0,0.1,31,East,1
53,Male,111497.4,611.0,0.4,32,South,1
25,Female,61924.2,679.0,0.31,2,North,0
44,Male,51514.88,651.0,0.63,21,West,0
26,Female,58943.86,773.0,0.23,2,South,0
42,Male,81209.03,672.0,0.1,21,South,1
48,Female,64547.01,800.0,0.34,26,South,1
28,Female,78084.93,667.0,0.23,7,West,1
68,Male,84464.57,632.0,0.68,45,North,1
50,Female,88023.2,666.0,0.66,29,West,0
31,Male,66787.46,713.0,0.25,10,North,1
23,Female,50378.32,767.0,0.66,1,West,0
60,Female,51887.07,483.0,0.5,36,South,0
35,Male,69048.94,620.0,0.7,12,East,0
69,Male,53379.86,616.0,0.57,45,East,1
44,Female,80664.56,702.0,0.38,24,South,1
27,Male,41577.36,725.0,0.5,3,North,0
33,Female,68840.13,658.0,0.73,12,East,0
44,Female,52017.05,625.0,0.42,22,North,0
69,Female,61689.39,701.0,0.33,45,West,1
44,Male,53636.83,636.0,0.3,21,North,1
49,Female,67135.08,687.0,0.19,28,East,1
67,Female,71666.94,616.0,0.3,45,East,1
61,Male,81489.97,644.0,0.48,39,South,1
59,Female,102112.71,531.0,0.1,38,South,1
43,Female,61766.73,757.0,0.68,20,East,0
57,Female,66677.88,848.0,0.17,37,North,1
25,Female,79777.45,692.0,0.63,3,West,0
48,Male,112733.78,581.0,0.71,25,West,1
57,Female,78582.1,699.0,0.73,37,East,0
63,Female,55203.85,689.0,0.42,42,East,1
64,Male,77620.75,850.0,0.23,43,West,1
66,Male,83845.37,527.0,0.48,42,South,1
48,Male,54364.12,709.0,0.34,28,North,1
68,Female,100846.45,679.0,0.62,45,West,1
35,Male,54230.14,501.0,0.71,15,West,0
50,Male,105127.04,661.0,0.79,30,West,1
25,Female,61947.26,664.0,0.32,2,East,0
66,Female,67783.02,686.0,0.36,42,South,1
45,Male,81812.63,653.0,0.71,25,South,1
63,Female,25000.0,580.0,0.38,42,North,0
60,Female,56920.41,688.0,0.18,39,South,1
24,Female,82332.13,809.0,0.71,3,North,0
32,Male,76695.47,634.0,0.56,11,South,1
58,Male,63849.03,692.0,0.43,34,West,1
29,Male,51239.75,666.0,0.53,5,West,0
29,Male,106948.85,807.0,0.17,6,East,1
29,Male,69124.69,616.0,0.43,5,North,0
28,Male,94364.31,625.0,0.32,8,South,1
52,Female,69744.89,637.0,0.66,32,West,0
43,Female,72185.18,644.0,0.27,20,North,1
61,Male,102643.59,702.0,0.67,38,East,1
40,Female,71187.96,778.0,0.71,16,West,0
41,Male,84202.29,718.0,0.54,19,South,1
45,Male,26982.64,627.0,0.45,23,South,0
49,Male,53703.4,537.0,0.48,25,East,0
39,Male,75021.92,542.0,0.18,16,West,1
63,Male,51174.21,604.0,0.79,41,South,0
31,Female,48742.44,733.0,0.27,7,South,0
56,Male,76248.11,689.0,0.18,33,North,1
29,Male,76138.46,766.0,0.65,7,West,0
35,Female,84954.15,744.0,0.21,14,West,1
39,Female,49573.39,617.0,0.54,17,West,0
50,Male,117680.5,547.0,0.2,27,West,1
34,Female,63603.2,662.0,0.19,12,North,1
31,Male,77061.33,664.0,0.49,11,West,1
66,Male,78796.04,698.0,0.68,45,East,1
38,Female,36001.93,698.0,0.74,16,North,0
25,Male,88336.36,625.0,0.77,5,North,0
58,Male,80388.56,675.0,0.42,38,East,1
54,Male,62661.74,759.0,0.46,32,West,1
58,Male,57676.7,573.0,0.55,38,East,1
45,Female,71931.46,778.0,0.71,22,West,0
31,Male,46322.58,647.0,0.61,8,West,0
59,Male,76462.16,571.0,0.6,39,South,1
53,Female,48344.88,680.0,0.45,33,North,0
47,Male,81243.1,468.0,0.15,25,West,1
39,Male,56573.96,706.0,0.3,15,North,1
24,Female,77338.55,763.0,0.26,1,West,1
55,Female,46450.95,696.0,0.52,31,West,0
23,Male,121526.12,675.0,0.36,0,North,1
37,Female,57059.14,780.0,0.27,14,South,1
27,Male,35764.51,705.0,0.33,6,East,0
36,Male,44682.97,758.0,0.39,15,North,1
41,Female,80107.16,673.0,0.59,21,West,0
50,Female,65317.54,607.0,0.38,26,South,0
23,Female,26420.12,808.0,0.78,1,West,0
46,Male,49855.3,648.0,0.62,26,North,0
60,Male,60703.8,583.0,0.16,37,South,1
41,Female,25482.93,660.0,0.72,18,North,0
64,Male,59713.54,564.0,0.78,41,East,0
31,Female,96819.69,620.0,0.62,7,East,0
32,Male,83370.88,775.0,0.13,10,South,1
42,Male,58802.76,669.0,0.46,19,North,1
46,Male,57471.26,732.0,0.53,26,North,1
38,Female,94263.19,693.0,0.29,14,South,1
52,Female,56845.65,668.0,0.67,31,North,0
47,Male,28297.06,637.0,0.78,26,West,0
65,Male,40995.01,642.0,0.75,42,East,0
27,Female,48234.49,640.0,0.64,3,West,0
55,Male,54274.2,710.0,0.78,32,North,0
25,Male,85845.68,815.0,0.71,2,East,1
67,Female,65746.54,674.0,0.55,45,East,1
36,Female,43122.28,718.0,0.39,12,North,0
28,Male,81585.63,620.0,0.23,7,North,1
31,Female,68520.27,678.0,0.33,10,West,0
56,Male,66368.39,729.0,0.1,32,West,1
43,Male,67533.18,645.0,0.44,20,South,1
69,Female,55399.78,597.0,0.18,45,South,1
46,Male,76723.03,670.0,0.73,22,South,0
65,Female,50431.18,550.0,0.17,43,North,1
47,Male,87446.48,635.0,0.47,26,North,1
66,Female,62299.14,689.0,0.29,45,East,1
29,Female,56030.58,552.0,0.76,6,North,0
47,Male,34530.81,663.0,0.31,26,East,1
64,Male,57055.85,699.0,0.54,40,South,1
40,Male,65957.63,589.0,0.33,20,West,1
26,Male,51220.65,771.0,0.42,5,East,1
45,Female,73671.49,723.0,0.14,21,West,1
51,Female,86871.32,768.0,0.77,28,West,0
41,Male,78167.43,507.0,0.63,19,North,0
34,Female,40445.79,627.0,0.3,11,West,0
54,Female,77703.56,743.0,0.74,31,East,0
59,Female,38919.31,784.0,0.59,38,North,0
58,Female,57214.67,563.0,0.68,38,North,0
52,Female,76673.32,767.0,0.7,32,West,0
33,Male,73314.28,647.0,0.78,11,North,0
67,Male,59757.07,571.0,0.39,44,West,1
37,Female,70236.46,765.0,0.6,17,West,0
36,Male,25000.0,686.0,0.27,16,South,1
22,Male,50215.99,832.0,0.31,0,East,1
57,Male,55581.8,729.0,0.34,33,East,1
32,Male,98366.19,631.0,0.53,11,South,1
46,Female,77890.99,758.0,0.38,25,West,1
58,Male,73867.94,757.0,0.54,35,South,1
29,Female,65149.33,746.0,0.46,9,West,0
60,Female,89386.52,736.0,0.62,36,East,1
58,Female,54906.1,609.0,0.46,34,West,0
30,Female,31031.28,762.0,0.78,10,East,0
59,Male,53470.7,713.0,0.21,35,South,1
46,Female,56892.05,691.0,0.17,22,South,1
22,Female,36174.3,704.0,0.55,0,North,0
39,Male,36048.76,719.0,0.28,19,North,1
38,Male,74088.17,656.0,0.3,18,West,1
53,Male,49766.61,735.0,0.43,32,West,1
48,Male,60977.35,603.0,0.41,28,West,1
59,Female,75754.76,625.0,0.64,35,West,0
67,Male,68347.51,787.0,0.29,45,West,1
34,Male,85648.26,762.0,0.48,13,West,1
55,Female,51274.99,564.0,0.29,33,South,1
33,Male,59748.02,670.0,0.34,11,North,1
34,Female,43653.65,732.0,0.12,13,East,1
41,Female,51845.34,599.0,0.51,17,East,0
45,Female,92450.62,763.0,0.76,22,West,0
40,Female,30535.69,763.0,0.35,17,East,0
46,Female,33174.62,698.0,0.43,22,East,0
50,Male,25000.0,565.0,0.44,28,East,0
69,Female,34029.35,629.0,0.71,45,West,0
69,Male,75169.18,614.0,0.77,45,North,1
67,Male,89653.4,666.0,0.65,43,South,1
59,Female,25000.0,679.0,0.36,36,North,0
65,Male,64948.56,562.0,0.18,43,West,1
28,Male,57646.76,657.0,0.52,8,North,0
29,Female,81536.52,640.0,0.53,7,South,0
38,Female,71946.85,770.0,0.71,15,West,0
62,Female,56570.38,666.0,0.2,38,East,1
29,Male,88582.08,664.0,0.15,6,East,1
62,Female,46985.75,571.0,0.6,39,West,0
50,Male,61412.2,675.0,0.74,27,West,0
63,Female,85393.49,600.0,0.6,42,North,1
33,Female,97407.02,638.0,0.2,10,North,1
53,Female,53525.79,670.0,0.74,31,West,0
24,Male,60657.96,794.0,0.23,1,South,1
61,Male,69540.21,601.0,0.51,40,West,1
35,Female,61417.2,641.0,0.33,13,South,0
61,Female,81187.59,649.0,0.56,41,East,1
29,Female,93028.64,730.0,0.56,5,East,0
56,Female,74733.21,671.0,0.37,35,West,1
66,Female,63518.6,615.0,0.4,45,East,1
26,Female,69554.79,685.0,0.67,6,West,0
29,Male,61954.38,617.0,0.55,7,East,0
37,Male,101073.1,674.0,0.77,13,East,1
57,Male,69650.27,623.0,0.38,34,East,1
26,Male,92504.7,732.0,0.7,2,North,0
25,Female,75278.18,698.0,0.73,2,South,0
22,Male,51912.6,632.0,0.36,2,North,0
22,Male,80679.68,657.0,0.51,1,North,0
46,Male,68925.86,689.0,0.46,22,North,1
42,Male,42112.93,547.0,0.24,19,West,1
38,Male,75083.58,723.0,0.72,14,East,0
31,Female,26507.03,716.0,0.4,7,West,0
29,Female,56155.71,679.0,0.48,7,East,0
68,Male,77779.49,782.0,0.22,44,East,1
39,Female,31683.85,724.0,0.41,17,East,0
43,Female,87053.31,785.0,0.55,22,East,1
40,Female,82400.05,648.0,0.13,18,South,1
40,Female,104758.43,725.0,0.13,20,South,1
42,Male,31342.29,760.0,0.6,20,North,0
50,Female,89933.11,608.0,0.5,27,North,1
45,Male,65124.33,714.0,0.43,24,East,1
37,Female,75932.13,753.0,0.42,13,South,1
41,Female,65116.38,743.0,0.26,17,East,1
48,Female,51589.46,688.0,0.11,25,West,1
49,Male,60483.28,716.0,0.63,26,South,1
55,Female,50805.16,729.0,0.28,33,North,1
51,Male,50826.01,744.0,0.64,30,East,1
36,Female,67292.75,599.0,0.35,13,West,0
35,Female,66872.58,782.0,0.36,11,East,1
56,Female,91354.23,713.0,0.53,34,North,1
46,Male,53086.44,678.0,0.64,23,East,0
26,Male,51007.03,543.0,0.78,3,East,0
69,Female,36562.37,693.0,0.68,45,North,0
46,Female,85935.49,752.0,0.38,25,East,1
52,Male,83206.07,618.0,0.69,28,South,1
42,Female,72454.83,690.0,0.61,20,North,0
53,Female,72092.22,648.0,0.54,30,East,0
53,Male,25640.84,626.0,0.22,31,North,1
39,Male,74421.2,614.0,0.5,19,North,1
50,Female,25000.0,722.0,0.31,28,South,0
56,Female,69135.46,616.0,0.11,32,North,1
34,Male,88675.74,677.0,0.69,14,West,1
38,Female,59398.9,666.0,0.61,16,North,0
24,Male,78924.72,754.0,0.72,3,West,0
48,Female,62904.95,655.0,0.6,25,East,0
32,Female,72390.75,736.0,0.3,11,South,1
48,Female,25000.0,670.0,0.17,28,West,0
52,Female,45309.12,649.0,0.64,31,South,0
36,Male,71172.02,623.0,0.62,12,East,0
50,Female,56227.6,636.0,0.12,28,West,1
59,Male,74116.63,635.0,0.45,39,North,1
38,Female,61434.98,652.0,0.21,15,West,1
62,Female,47436.4,729.0,0.19,39,West,1
44,Male,77111.71,747.0,0.58,21,North,1
41,Male,73839.18,607.0,0.46,18,South,1
52,Female,27793.2,713.0,0.2,28,North,1
65,Male,70377.5,562.0,0.52,43,East,1
46,Female,47954.68,651.0,0.34,26,East,0
44,Male,63778.8,650.0,0.76,24,West,0
35,Female,35219.85,634.0,0.52,11,South,0
39,Male,89435.97,762.0,0.58,18,North,1
62,Female,74689.98,796.0,0.28,38,East,1
65,Female,70977.58,800.0,0.63,42,North,1
42,Female,73563.96,734.0,0.21,21,South,1
42,Female,25000.0,704.0,0.57,21,South,0
42,Female,43235.04,753.0,0.56,19,West,0
56,Male,80978.74,737.0,0.27,34,North,1
69,Male,44811.99,685.0,0.28,45,West,1
44,Male,51822.24,804.0,0.65,23,West,1
65,Female,78203.25,708.0,0.48,45,West,1
39,Female,48988.44,706.0,0.72,16,North,0
36,Male,74399.32,794.0,0.59,12,West,1
35,Female,27929.18,653.0,0.46,15,South,0
30,Female,99876.56,769.0,0.38,9,North,1
35,Male,54334.61,675.0,0.5,14,West,0
29,Male,60695.6,662.0,0.41,8,East,1
61,Female,38131.93,699.0,0.21,38,South,1
34,Male,61522.86,749.0,0.37,11,North,1
56,Female,82952.31,662.0,0.4,32,South,1
36,Male,52253.37,698.0,0.44,15,South,1
56,Male,56514.25,749.0,0.27,34,South,1
54,Male,33440.53,814.0,0.55,34,North,1
48,Female,85178.98,790.0,0.52,24,South,1
58,Male,70986.47,721.0,0.71,38,North,1
63,Female,91435.02,593.0,0.54,41,East,1
55,Female,94022.29,781.0,0.49,31,South,1
33,Female,60439.97,674.0,0.16,9,North,1
54,Male,61476.73,734.0,0.42,33,South,1
57,Male,54925.62,639.0,0.45,36,West,1
44,Male,74179.13,628.0,0.57,22,North,1
46,Female,88406.8,698.0,0.71,26,West,0
32,Female,30850.32,713.0,0.42,10,West,0
50,Female,28576.49,629.0,0.46,27,East,0
58,Female,65283.13,609.0,0.45,37,East,1
69,Female,84914.41,735.0,0.3,45,West,1
33,Female,86181.29,673.0,0.15,10,South,1
28,Male,68289.16,584.0,0.3,8,North,1
54,Female,52149.83,632.0,0.45,30,South,0
58,Male,33380.38,674.0,0.71,38,East,0
45,Male,49001.54,799.0,0.5,25,West,1
41,Male,74124.92,785.0,0.61,20,North,1
37,Male,45147.75,676.0,0.59,17,West,0
46,Female,27079.88,676.0,0.48,25,North,0
39,Female,66332.8,665.0,0.33,16,West,0
44,Male,78746.11,614.0,0.11,24,West,1
62,Female,62156.39,740.0,0.17,39,North,1
61,Female,55727.44,755.0,0.36,38,West,1
26,Male,43248.95,661.0,0.55,4,North,0
33,Female,52309.94,797.0,0.37,11,South,0
68,Male,68799.1,598.0,0.12,45,West,1
48,Female,86192.71,759.0,0.61,24,South,1
24,Female,67722.0,731.0,0.16,3,East,1
48,Male,61644.57,735.0,0.27,27,West,1
64,Male,25000.0,738.0,0.76,40,South,0
27,Female,91400.7,640.0,0.28,6,North,1
51,Male,77477.75,688.0,0.61,31,East,1
27,Male,83331.3,598.0,0.75,3,North,0
28,Female,73576.89,672.0,0.45,8,North,0
54,Male,67118.24,649.0,0.13,32,South,1
36,Female,53717.11,572.0,0.24,16,South,0
28,Female,63557.28,636.0,0.32,8,East,0
52,Female,75116.39,680.0,0.47,30,East,1
47,Male,48103.99,716.0,0.16,26,East,1
30,Female,37995.67,826.0,0.14,7,West,1
43,Male,45139.91,703.0,0.61,21,South,0
31,Female,70287.96,641.0,0.75,8,North,0
24,Male,41389.27,734.0,0.67,1,West,0
47,Male,73516.55,730.0,0.1,24,East,1
30,Male,69773.5,846.0,0.12,8,South,1
25,Female,38900.52,560.0,0.3,5,North,0
30,Female,105502.1,604.0,0.25,6,East,1
36,Male,70002.09,707.0,0.43,14,West,1
65,Male,106441.08,511.0,0.66,43,West,1
26,Male,60095.7,712.0,0.51,2,North,0
59,Male,43511.36,789.0,0.71,38,East,1
56,Female,37938.88,714.0,0.13,34,East,1
35,Female,50068.58,576.0,0.8,15,West,0
44,Male,53466.78,620.0,0.63,22,East,0
65,Male,34986.7,557.0,0.72,44,West,0
30,Male,61862.54,693.0,0.44,9,East,1
30,Female,55055.18,681.0,0.22,7,South,0
23,Female,62044.92,649.0,0.22,1,East,0
56,Male,96003.12,670.0,0.67,35,South,1
47,Female,36388.8,673.0,0.22,23,North,0
26,Male,35058.15,611.0,0.74,2,East,0
61,Male,96119.07,661.0,0.64,39,West,1
38,Female,76949.73,597.0,0.8,16,South,0
53,Male,54168.75,544.0,0.53,29,West,0
55,Male,69321.52,655.0,0.53,31,South,1
23,Male,46545.61,774.0,0.48,2,South,0
66,Male,52073.54,794.0,0.35,45,North,1
62,Male,40410.78,558.0,0.38,39,East,1
63,Female,90996.45,790.0,0.39,40,West,1
30,Male,47026.96,659.0,0.22,8,North,1
27,Female,64591.34,671.0,0.49,6,East,0
62,Male,71851.08,713.0,0.79,38,West,1
67,Male,90268.67,712.0,0.37,45,North,1
38,Male,63948.37,694.0,0.3,15,West,1
39,Female,59226.58,788.0,0.62,18,East,0
40,Female,45391.43,679.0,0.33,19,South,0
54,Female,49835.69,552.0,0.73,33,West,0
46,Female,72369.04,608.0,0.12,22,North,1
62,Male,42927.62,636.0,0.4,38,West,1
45,Male,93085.34,566.0,0.36,22,North,1
30,Male,103457.63,705.0,0.5,8,North,1
65,Female,59244.09,705.0,0.49,42,North,1
22,Male,66851.22,683.0,0.7,0,East,0
26,Male,69762.0,547.0,0.74,6,West,0
54,Male,48963.17,693.0,0.75,31,North,0
37,Male,49486.62,668.0,0.12,17,North,1
37,Male,93684.06,720.0,0.76,14,South,1
33,Male,25000.0,768.0,0.7,10,North,0
54,Female,89705.07,849.0,0.66,31,East,1
56,Male,69912.54,649.0,0.36,36,East,1
63,Female,61056.31,709.0,0.6,40,North,0
66,Female,94796.55,624.0,0.51,42,East,1
65,Female,81041.02,826.0,0.56,41,North,1
28,Female,61065.56,675.0,0.27,6,North,0
46,Female,43912.53,611.0,0.72,24,West,0
53,Female,52457.78,636.0,0.51,32,East,0
62,Male,83300.75,581.0,0.52,40,West,1
36,Female,98789.26,773.0,0.28,15,West,1
54,Female,53525.87,805.0,0.63,32,East,0
22,Male,49355.73,712.0,0.11,1,East,1
66,Female,39874.46,757.0,0.14,43,South,1
35,Female,72455.01,657.0,0.12,15,North,1
64,Female,73032.43,739.0,0.16,40,North,1
63,Female,68712.12,640.0,0.58,40,West,1
41,Female,69414.39,732.0,0.47,18,South,0
31,Female,49418.71,665.0,0.75,11,West,0
38,Female,80838.82,615.0,0.41,17,North,0
31,Female,60134.75,715.0,0.48,11,South,0
48,Female,68917.01,644.0,0.77,28,West,0
49,Male,98965.97,671.0,0.58,25,East,1
42,Male,48980.59,638.0,0.3,21,North,1
42,Male,98420.87,685.0,0.64,18,West,1
48,Female,54028.62,795.0,0.49,24,West,0
60,Female,49309.09,595.0,0.44,37,East,0
48,Female,48152.82,605.0,0.11,28,West,1
26,Female,78976.8,664.0,0.2,2,West,1
35,Male,71436.92,655.0,0.27,15,North,1
37,Male,59543.16,758.0,0.23,14,West,1
53,Male,69311.05,711.0,0.52,31,East,1
67,Male,78944.52,585.0,0.79,45,West,1
25,Male,57967.51,686.0,0.17,3,North,1
28,Female,71343.11,628.0,0.32,7,South,0
60,Female,67152.3,718.0,0.12,40,South,1
38,Female,71473.23,622.0,0.65,17,North,0
27,Female,91914.48,741.0,0.33,5,South,1
40,Male,33808.04,707.0,0.37,17,East,1
24,Male,49047.86,672.0,0.39,4,West,0
25,Female,70519.04,666.0,0.23,3,South,0
69,Male,87413.37,750.0,0.32,45,North,1
68,Female,79442.28,647.0,0.69,44,South,1
54,Female,67158.01,699.0,0.5,34,West,1
44,Male,43946.41,772.0,0.7,22,South,0
35,Female,44817.82,781.0,0.48,14,South,0
24,Male,64997.75,744.0,0.49,4,North,1
39,Female,84706.46,648.0,0.4,18,South,1
24,Female,41892.47,704.0,0.47,2,West,0
44,Male,73703.3,648.0,0.62,20,North,1
44,Female,87640.26,596.0,0.11,24,East,1
52,Female,62769.33,628.0,0.17,30,East,1
31,Male,51148.57,649.0,0.69,10,North,0
51,Male,41511.86,551.0,0.57,29,East,0
62,Female,60607.68,679.0,0.75,38,West,0
42,Female,59885.19,651.0,0.47,19,West,0
37,Male,84151.88,714.0,0.34,16,East,1
24,Female,104482.34,702.0,0.45,2,North,1
62,Male,88280.51,682.0,0.4,39,South,1
31,Male,43504.84,745.0,0.59,7,East,0
68,Female,70014.34,733.0,0.4,45,South,1
38,Male,33359.35,814.0,0.37,17,South,1
63,Male,76078.03,698.0,0.62,39,South,1
51,Male,83540.35,735.0,0.72,30,North,1
41,Male,65193.54,702.0,0.29,17,West,1
48,Female,26104.6,653.0,0.42,26,East,0
33,Female,70328.88,611.0,0.71,9,North,0
64,Female,63455.74,746.0,0.24,44,South,1
54,Female,78232.54,719.0,0.2,34,West,1
43,Male,89986.1,717.0,0.45,23,South,1
32,Female,69111.72,625.0,0.35,8,West,0
57,Male,51652.31,809.0,0.11,36,South,1
67,Male,48568.48,698.0,0.74,45,South,1
32,Female,75671.94,662.0,0.23,12,South,1
53,Female,61685.23,736.0,0.17,31,South,1
44,Female,63215.89,788.0,0.51,21,East,0
50,Female,65881.06,503.0,0.35,27,West,0
49,Female,40824.55,744.0,0.47,29,West,0
64,Female,69854.72,631.0,0.34,44,West,1
35,Female,98920.07,751.0,0.69,14,South,0
34,Male,96382.07,551.0,0.28,11,South,1
46,Female,55464.36,690.0,0.25,26,East,1
45,Female,77260.47,747.0,0.24,24,East,1
59,Male,35764.86,733.0,0.25,38,East,1
60,Female,78111.59,672.0,0.41,36,South,1
60,Female,65833.71,648.0,0.36,37,West,1
23,Male,105905.17,781.0,0.73,1,South,1
39,Male,51530.28,705.0,0.61,15,South,0
29,Male,44469.72,706.0,0.45,7,South,0
53,Male,50110.66,671.0,0.78,29,East,0
49,Male,48263.92,680.0,0.5,26,West,1
62,Female,49526.45,641.0,0.58,39,East,0
46,Male,70016.02,587.0,0.79,24,North,0
56,Male,36215.22,578.0,0.45,35,South,1
33,Female,64365.61,781.0,0.25,9,West,1
50,Female,108618.18,741.0,0.5,26,East,1
50,Male,63571.34,621.0,0.26,28,East,1
67,Female,56586.95,692.0,0.46,45,West,1
43,Female,84699.58,663.0,0.72,19,North,0
54,Female,58147.17,728.0,0.35,31,North,1
40,Female,64452.52,656.0,0.78,20,South,0
50,Female,48905.03,704.0,0.69,28,North,0
37,Female,59146.05,706.0,0.49,16,East,0
29,Female,47330.77,756.0,0.65,6,West,0
28,Female,91609.75,697.0,0.44,8,East,1
53,Female,53522.79,662.0,0.73,29,East,0
36,Male,87676.0,676.0,0.79,16,North,0
41,Male,55252.23,826.0,0.2,20,West,1
58,Male,69062.84,652.0,0.77,37,North,1
39,Male,49646.51,725.0,0.15,19,South,1
33,Female,84102.53,776.0,0.74,10,South,0
48,Male,61959.68,699.0,0.11,25,South,1
47,Female,92910.21,734.0,0.72,24,East,0
38,Male,46621.24,630.0,0.63,14,South,0
25,Male,98588.44,772.0,0.62,4,West,1
68,Female,75575.97,762.0,0.75,45,East,1
64,Female,84161.35,758.0,0.79,42,South,1
27,Male,63445.92,587.0,0.62,4,North,0
46,Female,73141.19,618.0,0.24,24,North,1
65,Female,74626.0,682.0,0.26,43,South,1
35,Male,84946.87,626.0,0.32,11,South,1
47,Female,35477.55,755.0,0.62,24,East,0
59,Male,86629.27,747.0,0.15,36,South,1
49,Male,85346.77,544.0,0.62,28,West,1
27,Male,47382.11,708.0,0.52,5,North,0
31,Male,74261.13,747.0,0.21,10,North,1
42,Female,53612.12,710.0,0.72,20,West,0
26,Male,51733.17,692.0,0.14,4,North,1
64,Female,73875.21,684.0,0.47,40,West,1
60,Male,96889.45,825.0,0.31,37,East,1
44,Male,88656.08,789.0,0.16,22,East,1
43,Female,74805.17,787.0,0.64,22,East,0
36,Male,49444.79,762.0,0.68,14,East,0
61,Female,47063.84,703.0,0.35,38,West,1
57,Female,51499.67,634.0,0.51,36,North,0
34,Male,86301.71,716.0,0.35,12,North,1
35,Female,64493.05,685.0,0.17,13,West,1
23,Male,48607.56,659.0,0.6,0,West,0
41,Female,72988.44,724.0,0.56,17,East,0
42,Female,44050.15,686.0,0.34,20,South,0
42,Male,89204.42,747.0,0.13,22,East,1
52,Male,54614.39,747.0,0.6,31,West,1
44,Male,85529.13,629.0,0.36,22,East,1
42,Male,71676.7,599.0,0.54,19,North,1
63,Male,57864.84,689.0,0.4,42,East,1
28,Female,83962.69,643.0,0.35,6,West,0
55,Female,51286.86,609.0,0.66,32,South,0
59,Female,75880.36,701.0,0.25,37,East,1
58,Male,68115.28,703.0,0.55,35,West,1
25,Female,44738.54,791.0,0.5,2,North,0
68,Male,41288.9,790.0,0.36,45,South,1
33,Male,48470.16,728.0,0.41,11,East,1
27,Female,109776.66,588.0,0.2,6,North,1
59,Female,50489.72,601.0,0.36,39,North,1
50,Female,61797.35,629.0,0.21,27,South,1
39,Male,72988.13,850.0,0.49,18,South,1
31,Male,72772.09,585.0,0.45,8,West,1
38,Male,47684.48,662.0,0.38,16,South,1
48,Female,77636.22,714.0,0.16,28,East,1
27,Female,46788.89,596.0,0.64,6,East,0
66,Female,95162.71,625.0,0.25,44,East,1
48,Male,76555.87,695.0,0.32,25,South,1
65,Male,51965.73,656.0,0.44,44,North,1
36,Male,64217.92,820.0,0.27,15,South,1
60,Female,90953.39,529.0,0.53,36,South,1
22,Male,104313.85,729.0,0.35,0,South,1
66,Female,41257.09,601.0,0.53,43,South,0
40,Male,57922.03,699.0,0.32,19,North,1
50,Male,49595.48,583.0,0.13,28,West,1
54,Male,67769.14,609.0,0.61,31,South,1
45,Male,25000.0,698.0,0.65,21,South,0
53,Female,33099.51,697.0,0.54,32,North,0
41,Female,47581.05,555.0,0.28,19,West,0
39,Female,88948.41,700.0,0.31,16,East,1
49,Female,42498.65,813.0,0.74,29,North,0
43,Female,61517.18,612.0,0.59,20,East,0
55,Male,36631.91,716.0,0.79,32,East,0
55,Male,79110.86,720.0,0.31,33,East,1
49,Male,84961.23,654.0,0.13,27,East,1
64,Male,52465.94,794.0,0.31,44,South,1
25,Female,57330.43,740.0,0.36,4,West,0
43,Male,59596.87,758.0,0.42,21,South,1
34,Female,64862.39,633.0,0.71,10,South,0
69,Male,39699.73,634.0,0.23,45,West,1
42,Female,78963.4,778.0,0.58,19,West,0
68,Male,68192.18,732.0,0.61,44,East,1
47,Female,95367.09,639.0,0.14,25,West,1
44,Male,52181.72,704.0,0.16,20,South,1
32,Female,53243.69,641.0,0.48,11,East,0
67,Female,77727.38,683.0,0.78,45,West,0
26,Female,59893.98,720.0,0.55,6,South,0
28,Female,32557.78,586.0,0.17,8,West,0
51,Female,80536.52,779.0,0.26,28,West,1
36,Female,60080.86,589.0,0.54,16,North,0
56,Female,90557.41,695.0,0.2,36,South,1
31,Male,79080.64,781.0,0.47,10,West,1
34,Female,65861.73,584.0,0.42,13,West,0
35,Female,84919.98,667.0,0.75,14,East,0
33,Male,56131.93,772.0,0.35,13,East,1
32,Male,35751.2,815.0,0.22,8,South,1
55,Male,62653.86,600.0,0.75,33,North,0
49,Female,58628.21,565.0,0.66,29,South,0
61,Female,73339.45,725.0,0.31,39,West,1
30,Female,64769.74,749.0,0.19,9,West,1
37,Male,82969.75,722.0,0.57,13,West,1
69,Male,34733.51,719.0,0.24,45,South,1
61,Female,44062.43,671.0,0.17,37,West,1
48,Male,90094.18,600.0,0.47,28,North,1
43,Female,101263.32,696.0,0.66,20,East,1
64,Male,36117.11,686.0,0.5,42,East,1
68,Female,100247.91,696.0,0.35,45,South,1
63,Male,92607.41,615.0,0.44,39,West,1
26,Female,83106.5,657.0,0.49,2,East,0
58,Male,99547.67,644.0,0.47,34,East,1
34,Male,72034.06,639.0,0.21,13,South,1
25,Male,79922.55,648.0,0.27,4,West,1
64,Female,66878.99,817.0,0.65,40,East,1
62,Female,47125.65,757.0,0.33,41,East,1
22,Male,81946.27,682.0,0.36,0,South,1
57,Female,51947.52,670.0,0.72,35,West,0
46,Female,108474.27,743.0,0.28,23,North,1
48,Female,88379.36,598.0,0.18,27,South,1
64,Female,75998.22,751.0,0.7,41,North,1
65,Male,92362.31,681.0,0.77,45,North,1
67,Male,79446.12,654.0,0.45,43,East,1
24,Female,63102.04,646.0,0.25,0,East,0
44,Male,76465.68,699.0,0.54,22,North,1
41,Male,68220.88,500.0,0.6,20,South,0
55,Male,54294.99,596.0,0.5,34,West,1
49,Female,73930.09,706.0,0.46,26,West,1
57,Female,84657.88,671.0,0.41,37,West,1
69,Male,39823.78,572.0,0.21,45,South,1
60,Female,76495.55,808.0,0.48,37,South,1
50,Male,76982.34,671.0,0.27,27,South,1
47,Female,82701.73,770.0,0.31,26,West,1
24,Female,71592.36,713.0,0.54,4,South,0
26,Female,25000.0,703.0,0.17,6,West,0
36,Male,103900.88,556.0,0.56,13,North,1
53,Male,45924.56,705.0,0.69,31,North,0
39,Female,26813.14,654.0,0.44,18,South,0
62,Male,44509.32,729.0,0.74,41,West,0
26,Female,97064.12,697.0,0.78,4,North,0
67,Female,60163.24,673.0,0.68,43,West,0
24,Female,63873.07,688.0,0.59,4,North,0
60,Male,94806.6,681.0,0.63,36,East,1
53,Female,35426.5,606.0,0.67,31,North,0
24,Female,38563.41,487.0,0.65,4,East,0
27,Male,91082.49,589.0,0.35,5,West,1
63,Female,102604.14,726.0,0.2,41,East,1
69,Female,55641.04,702.0,0.55,45,South,1
38,Male,73020.48,705.0,0.74,18,South,0
61,Male,57126.84,649.0,0.47,40,North,1
57,Male,47052.17,691.0,0.72,34,South,0
68,Female,85157.37,650.0,0.58,45,West,1
29,Male,83624.23,849.0,0.63,8,West,1
67,Female,44813.0,738.0,0.67,44,West,0
62,Female,43688.51,655.0,0.68,41,North,0
27,Male,30686.73,691.0,0.5,3,East,0
55,Female,49769.04,645.0,0.75,34,North,0
25,Female,91990.79,654.0,0.15,4,North,1
33,Male,38637.62,752.0,0.62,13,South,0
51,Male,52911.33,625.0,0.51,28,East,1
48,Female,72844.81,744.0,0.67,25,West,0
67,Female,41766.56,567.0,0.46,45,East,0
49,Male,67079.15,645.0,0.64,27,North,1
44,Male,44016.46,594.0,0.22,22,West,1
39,Male,97882.71,603.0,0.12,15,East,1
61,Female,78226.96,489.0,0.57,39,North,0
35,Male,44406.22,679.0,0.7,14,West,0
66,Male,61488.55,721.0,0.45,45,South,1
61,Male,91981.28,762.0,0.45,38,West,1
35,Male,63979.56,632.0,0.66,15,West,0
53,Male,87477.25,579.0,0.6,30,North,1
47,Male,83977.25,717.0,0.25,27,North,1
51,Male,80861.7,673.0,0.49,30,East,1
38,Female,68542.45,688.0,0.58,16,East,0
67,Male,35369.08,675.0,0.49,45,East,1
29,Male,63883.87,637.0,0.12,6,South,1
65,Male,41163.04,614.0,0.3,45,South,1
30,Male,75203.59,719.0,0.11,8,East,1
26,Female,93463.51,727.0,0.51,5,West,0
61,Male,95661.07,662.0,0.37,41,East,1
69,Male,30096.64,631.0,0.67,45,North,0
48,Female,79487.45,653.0,0.15,25,South,1
29,Male,62282.9,612.0,0.36,7,East,1
35,Male,64448.91,746.0,0.23,12,North,1
53,Female,72983.91,635.0,0.71,32,South,0
57,Male,86345.82,699.0,0.17,34,West,1
38,Male,25000.0,581.0,0.56,14,East,0
40,Female,49154.58,645.0,0.51,16,West,0
54,Male,25000.0,701.0,0.15,30,North,1
53,Female,34388.87,683.0,0.74,31,South,0
66,Female,57323.79,772.0,0.47,45,West,1
22,Male,63596.14,629.0,0.62,1,North,0
29,Male,78798.49,643.0,0.25,9,East,1
28,Female,55853.92,682.0,0.75,8,South,0
43,Female,63738.41,625.0,0.25,19,East,1
25,Male,92764.74,585.0,0.27,1,West,1
67,Female,67126.07,624.0,0.15,45,North,1
29,Male,93106.55,524.0,0.1,7,South,1
35,Male,69883.69,634.0,0.21,12,East,1
69,Male,26148.11,707.0,0.8,45,West,0
49,Female,36439.12,525.0,0.52,27,South,0
59,Male,38819.97,662.0,0.79,37,East,0
31,Female,67966.86,653.0,0.34,9,East,0
53,Female,80262.72,681.0,0.64,33,East,0
29,Female,55676.9,819.0,0.71,8,East,0
54,Female,47849.1,584.0,0.41,34,North,0
56,Male,87862.28,732.0,0.45,33,West,1
62,Female,114134.45,595.0,0.33,40,West,1
59,Male,58813.1,622.0,0.67,37,South,1
39,Female,64715.05,636.0,0.12,15,West,1
49,Female,50877.16,720.0,0.3,28,South,1
65,Female,68367.35,657.0,0.67,41,South,0
36,Female,84915.79,749.0,0.29,14,West,1
57,Female,64568.75,678.0,0.57,33,East,0
55,Male,64844.42,789.0,0.21,35,West,1
24,Male,53682.78,632.0,0.35,2,West,0
69,Male,71467.76,740.0,0.7,45,North,1
33,Female,112769.19,543.0,0.69,12,South,0
64,Male,74717.91,804.0,0.22,44,North,1
66,Female,67606.3,729.0,0.58,42,West,1
58,Male,67572.18,670.0,0.37,35,East,1
41,Male,33681.79,664.0,0.77,18,West,0
59,Female,81131.55,689.0,0.56,37,South,1
24,Male,78066.28,607.0,0.36,0,South,1
41,Female,54271.93,689.0,0.22,20,East,1
46,Female,87450.86,727.0,0.35,22,South,1
46,Female,57102.32,628.0,0.79,22,West,0
48,Male,43105.11,818.0,0.4,27,East,1
54,Male,76619.85,674.0,0.55,30,West,1
38,Male,46225.25,571.0,0.44,17,West,0
57,Male,74539.46,822.0,0.77,34,West,1
24,Female,58466.69,713.0,0.1,1,West,1
62,Female,72352.94,721.0,0.62,38,West,1
53,Female,75384.03,785.0,0.67,32,East,1
27,Male,47599.57,663.0,0.36,7,South,0
63,Female,25000.0,690.0,0.63,42,West,0
45,Female,65713.73,792.0,0.7,23,West,0
60,Female,30467.2,663.0,0.15,39,West,1
29,Female,70352.3,684.0,0.53,7,South,0
61,Female,56814.4,757.0,0.23,40,South,1
40,Female,99449.78,632.0,0.34,17,West,1
23,Female,43354.9,791.0,0.45,2,East,0
40,Female,76274.51,757.0,0.18,18,East,1
31,Female,34174.07,630.0,0.43,7,East,0
48,Female,67931.59,721.0,0.37,26,South,1
41,Male,60015.94,806.0,0.66,19,North,1
60,Female,113375.35,683.0,0.69,37,South,1
28,Female,111258.21,528.0,0.48,8,West,0
41,Female,61064.11,698.0,0.73,19,East,0
51,Female,42843.43,842.0,0.76,28,South,0
48,Female,50487.45,763.0,0.33,24,South,1
22,Female,50285.69,650.0,0.22,0,North,0
22,Male,79914.94,673.0,0.76,2,East,0
27,Female,89131.57,556.0,0.31,5,West,0
64,Male,101605.1,655.0,0.79,40,West,1
60,Male,35771.28,596.0,0.11,39,North,1
60,Male,53545.49,580.0,0.26,36,South,1
41,Male,77225.9,575.0,0.11,20,West,1
54,Female,94069.86,693.0,0.14,30,North,1
32,Male,42778.15,693.0,0.4,8,East,0
37,Male,74206.7,701.0,0.34,13,West,1
41,Female,50102.46,558.0,0.63,18,East,0
60,Male,71664.91,684.0,0.4,38,South,1
35,Male,78163.55,801.0,0.74,14,North,1
33,Female,46712.54,732.0,0.3,11,South,0
65,Female,37281.63,635.0,0.61,45,West,0
45,Female,48509.71,647.0,0.14,22,North,1
53,Male,70978.17,631.0,0.11,31,South,1
22,Female,77653.67,633.0,0.16,1,South,1
44,Male,74063.32,653.0,0.54,20,North,1
55,Male,89231.28,684.0,0.64,31,North,1
38,Male,46161.47,743.0,0.73,17,South,0
40,Female,44425.52,709.0,0.61,17,East,0
59,Male,45005.71,628.0,0.27,39,South,1
50,Male,56694.93,721.0,0.15,28,East,1
39,Male,78730.86,821.0,0.12,15,North,1
58,Female,86724.67,668.0,0.33,34,South,1
55,Female,25000.0,708.0,0.43,33,South,0
27,Male,64592.57,654.0,0.68,5,South,0
56,Male,74304.23,661.0,0.75,32,North,1
24,Male,39285.28,613.0,0.53,2,East,0
43,Male,50095.94,803.0,0.7,22,West,0
31,Male,95336.76,747.0,0.67,7,North,1
44,Male,68267.48,653.0,0.48,22,East,1
24,Male,56555.87,613.0,0.61,3,North,0
48,Male,82695.14,663.0,0.11,25,South,1
69,Male,50187.44,606.0,0.78,45,West,0
34,Female,73965.18,702.0,0.21,10,West,1
56,Female,86404.84,624.0,0.35,34,East,1
56,Male,67388.99,712.0,0.21,34,East,1
56,Female,81948.15,676.0,0.47,34,East,1
33,Male,63724.54,719.0,0.71,10,East,0
60,Male,53296.49,691.0,0.34,36,South,1
69,Female,56504.83,591.0,0.4,45,North,1
24,Female,107333.57,717.0,0.29,2,East,1
37,Male,81779.8,716.0,0.49,15,East,1
34,Female,68737.12,614.0,0.52,13,East,0
57,Female,66518.42,710.0,0.19,37,North,1
42,Female,57438.06,674.0,0.43,21,West,0
61,Male,50102.23,737.0,0.49,37,East,1
62,Female,80952.6,574.0,0.47,39,South,1
57,Male,51896.13,665.0,0.2,35,East,1
44,Female,77914.2,719.0,0.15,20,South,1
60,Male,94901.19,670.0,0.21,37,East,1
27,Male,53080.91,744.0,0.33,4,West,1
22,Female,72045.66,697.0,0.1,0,East,1
63,Female,54538.88,753.0,0.12,43,South,1
46,Male,62415.48,738.0,0.78,22,South,0
52,Male,57126.4,712.0,0.29,31,East,1
49,Female,98740.91,764.0,0.67,29,East,1
69,Male,75326.62,522.0,0.5,45,East,1
24,Female,78929.09,723.0,0.35,1,South,0
66,Male,63206.44,679.0,0.19,45,South,1
47,Female,46650.48,745.0,0.66,26,East,0
65,Female,62764.74,605.0,0.28,42,North,1
27,Male,59748.5,656.0,0.75,3,West,0
31,Male,76651.12,576.0,0.49,8,East,0
37,Female,93733.06,763.0,0.11,16,East,1
62,Male,49255.78,691.0,0.57,38,North,1
42,Female,66580.67,748.0,0.66,18,West,0
43,Female,68095.15,618.0,0.76,20,North,0
27,Female,69610.98,577.0,0.13,6,East,1
28,Male,81721.69,645.0,0.14,5,North,1
64,Female,87895.46,678.0,0.12,41,North,1
62,Male,32710.83,603.0,0.22,38,North,1
41,Male,55036.61,616.0,0.33,20,West,1
27,Female,34533.62,663.0,0.25,7,East,0
35,Male,75754.81,555.0,0.64,12,North,0
66,Female,72035.42,670.0,0.7,44,North,0
54,Male,63220.25,663.0,0.7,30,West,0
63,Female,48774.55,703.0,0.29,41,South,1
54,Female,52318.7,733.0,0.21,33,West,1
55,Male,78432.75,700.0,0.58,34,East,1
22,Male,38189.3,850.0,0.66,1,West,0
62,Male,67331.15,762.0,0.14,40,East,1
59,Female,72758.65,636.0,0.64,39,East,0
58,Female,85155.03,700.0,0.19,35,South,1
66,Male,93715.94,713.0,0.29,42,North,1
25,Female,59491.01,595.0,0.35,2,East,0
31,Male,72937.27,615.0,0.8,7,South,0
57,Male,25000.0,754.0,0.2,34,North,1
50,Male,56837.84,766.0,0.22,28,West,1
66,Male,90172.67,620.0,0.33,45,South,1
60,Female,65429.29,640.0,0.18,40,East,1
37,Male,51135.8,730.0,0.58,14,North,0
55,Female,46270.36,664.0,0.15,32,East,1
28,Female,43537.29,660.0,0.76,5,West,0
22,Male,65501.65,706.0,0.31,0,South,1
58,Female,56817.84,636.0,0.47,35,East,0
39,Female,71239.85,669.0,0.53,15,North,0
41,Female,41671.78,643.0,0.44,18,North,0
58,Male,65922.83,681.0,0.73,36,East,1
26,Male,93141.16,681.0,0.11,6,West,1
53,Female,62419.87,672.0,0.45,32,South,1
42,Male,84940.17,610.0,0.34,18,North,1
67,Female,92681.13,699.0,0.67,43,West,1
35,Female,76025.93,761.0,0.44,14,West,1
38,Female,60806.51,747.0,0.54,15,West,0
61,Female,90997.35,645.0,0.48,40,South,1
34,Female,70647.75,573.0,0.6,12,North,0
43,Male,79015.35,626.0,0.78,19,East,0
42,Male,53917.94,791.0,0.35,18,East,1
30,Female,81313.12,631.0,0.49,8,North,0
37,Female,49776.21,644.0,0.5,13,North,0
57,Male,78575.96,560.0,0.21,34,West,1
56,Female,64075.01,640.0,0.46,35,South,1
35,Male,70859.46,569.0,0.63,11,South,0
65,Male,56815.34,710.0,0.44,45,East,1
57,Female,66799.72,728.0,0.77,34,West,0
52,Female,102836.89,769.0,0.17,31,East,1
65,Male,61741.02,537.0,0.73,41,East,0
40,Male,63467.14,651.0,0.33,17,South,1
24,Female,80958.45,702.0,0.28,0,West,1
28,Female,60920.16,684.0,0.72,8,West,0
26,Female,75260.32,766.0,0.53,5,West,0
57,Female,63020.2,622.0,0.59,35,North,0
52,Female,71254.81,850.0,0.41,29,North,1
45,Female,32809.9,536.0,0.21,24,South,0
55,Female,78763.07,705.0,0.72,34,North,0
68,Female,74296.86,811.0,0.6,44,East,1
64,Female,52070.28,637.0,0.27,44,North,1
33,Male,58793.57,591.0,0.74,11,South,0
67,Female,67625.36,679.0,0.7,45,East,0
57,Male,89486.62,604.0,0.24,34,South,1
68,Female,69986.83,649.0,0.46,44,North,1
59,Female,61047.93,705.0,0.43,39,West,1
33,Female,46440.75,653.0,0.46,12,East,0
63,Female,72776.47,610.0,0.19,41,East,1
22,Male,59027.7,654.0,0.18,1,West,1
22,Female,47512.81,619.0,0.56,0,South,0
64,Female,94018.17,737.0,0.48,43,South,1
68,Female,61630.93,600.0,0.68,45,West,0
27,Male,38146.01,576.0,0.35,7,East,0
34,Female,90975.25,665.0,0.71,12,East,0
26,Female,52596.8,657.0,0.64,3,North,0
47,Female,37803.97,652.0,0.77,23,West,0
56,Female,72470.8,677.0,0.42,32,East,1
34,Female,69946.92,676.0,0.16,14,North,1
38,Male,25000.0,557.0,0.29,14,West,0
54,Male,56515.74,780.0,0.44,34,West,1
29,Female,50373.08,609.0,0.27,6,East,0
48,Female,61134.6,737.0,0.61,26,South,0
60,Male,60672.06,691.0,0.25,37,East,1
36,Male,40430.57,648.0,0.41,14,East,0
54,Male,62358.54,776.0,0.29,33,West,1
22,Female,60687.25,684.0,0.67,2,South,0
59,Male,57131.51,630.0,0.31,35,East,1
24,Female,71306.25,613.0,0.64,3,South,0
57,Female,81424.62,788.0,0.5,33,East,1
54,Male,77107.47,584.0,0.17,30,East,1
24,Male,50942.37,530.0,0.68,3,South,0
59,Male,80257.21,686.0,0.74,38,East,1
36,Male,25000.0,676.0,0.37,16,South,0
36,Male,79810.21,551.0,0.43,13,South,1
62,Female,26251.49,659.0,0.2,41,West,1
66,Female,65915.39,595.0,0.48,44,South,1
48,Female,30332.73,575.0,0.28,26,South,0
69,Female,80709.18,762.0,0.76,45,North,1
53,Female,46166.05,660.0,0.26,30,North,1
28,Male,92340.34,685.0,0.7,6,North,0
34,Female,53293.6,801.0,0.58,11,West,0
29,Female,111205.66,752.0,0.28,9,South,1
25,Female,84151.31,666.0,0.11,4,East,1
35,Male,59460.72,621.0,0.7,15,West,0
46,Male,125131.6,673.0,0.72,25,South,1
65,Male,49814.55,830.0,0.23,42,East,1
65,Female,74265.04,685.0,0.12,44,North,1
46,Male,65180.77,646.0,0.67,23,East,0
68,Male,51817.8,722.0,0.15,45,East,1
62,Female,64039.95,666.0,0.23,40,West,1
26,Male,73615.16,576.0,0.62,3,South,0
31,Female,103663.13,664.0,0.51,10,West,1
56,Male,86324.85,718.0,0.19,32,West,1
34,Male,67898.38,678.0,0.54,13,West,1
33,Male,72291.61,668.0,0.28,12,North,1
36,Male,42986.65,593.0,0.25,15,South,1
53,Female,77568.98,716.0,0.53,32,North,1
55,Male,37761.6,703.0,0.59,35,North,1
53,Male,57745.16,740.0,0.11,29,East,1
38,Female,83311.53,801.0,0.72,17,West,0
46,Male,32141.83,712.0,0.52,24,South,0
44,Male,75312.13,659.0,0.4,23,South,1
27,Male,76713.55,689.0,0.37,7,East,1
38,Female,40130.98,634.0,0.69,18,South,0
46,Female,58749.73,647.0,0.15,22,East,1
49,Male,81247.41,613.0,0.46,26,South,1
34,Male,60930.28,687.0,0.59,11,East,0
64,Female,70247.05,653.0,0.15,43,West,1
33,Female,85408.34,767.0,0.41,9,East,1
57,Female,72280.1,634.0,0.6,35,East,0
47,Male,31987.34,759.0,0.46,23,West,1
57,Female,67325.5,705.0,0.6,37,East,0
61,Male,57119.51,734.0,0.17,37,East,1
53,Female,76873.38,644.0,0.71,29,West,0
64,Female,105496.52,765.0,0.54,41,East,1
39,Female,49821.44,606.0,0.35,19,North,0
28,Male,66346.81,780.0,0.29,6,South,1
36,Female,78913.33,711.0,0.64,16,North,0
43,Male,97535.97,702.0,0.72,23,North,1
60,Female,63201.54,691.0,0.46,37,North,1
45,Male,89607.34,705.0,0.2,21,South,1
42,Female,33960.05,676.0,0.69,20,North,0
34,Female,76735.27,593.0,0.62,14,East,0
26,Male,47336.56,671.0,0.36,2,West,0
27,Female,58952.67,725.0,0.62,5,West,0
55,Male,83736.01,780.0,0.3,34,East,1
24,Male,59757.12,726.0,0.67,3,East,0
34,Female,75356.58,691.0,0.39,10,West,0
54,Male,42304.85,841.0,0.56,32,North,1
44,Male,76538.44,655.0,0.36,20,South,1
47,Female,44347.99,711.0,0.54,26,North,0
32,Female,71595.56,671.0,0.13,9,West,1
45,Male,67867.71,683.0,0.2,21,North,1
60,Male,79903.95,632.0,0.73,39,West,1
62,Male,47034.98,671.0,0.12,42,East,1
34,Male,25000.0,702.0,0.73,14,South,0
52,Female,62257.1,736.0,0.14,30,East,1
39,Male,84092.66,659.0,0.8,16,East,0
59,Male,78157.83,629.0,0.16,39,North,1
26,Female,77957.36,741.0,0.57,4,East,0
38,Female,44497.16,726.0,0.27,15,West,0
51,Male,63586.45,583.0,0.2,29,North,1
44,Male,82027.72,713.0,0.48,23,East,1
38,Female,75647.55,809.0,0.66,16,South,0
66,Female,49292.88,708.0,0.68,43,South,0
25,Female,69540.32,694.0,0.23,3,East,0
62,Male,47070.23,687.0,0.69,42,East,1
25,Male,56950.3,667.0,0.45,2,East,0
68,Female,76390.58,690.0,0.58,45,West,1
50,Female,62704.57,818.0,0.13,29,South,1
47,Male,68856.75,615.0,0.63,27,South,1
27,Female,56590.52,574.0,0.29,3,West,0
23,Male,70197.98,689.0,0.23,0,North,1
37,Female,34709.93,562.0,0.31,17,West,0
65,Male,66491.52,636.0,0.42,45,North,1
69,Female,60500.28,651.0,0.72,45,East,0
50,Female,48213.19,723.0,0.35,29,West,1
37,Male,55617.0,581.0,0.78,14,East,0
69,Female,72041.59,653.0,0.22,45,South,1
53,Male,40074.47,771.0,0.77,32,South,0
38,Female,25000.0,614.0,0.32,14,North,0
51,Female,73795.71,675.0,0.22,30,West,1
68,Female,73043.48,620.0,0.16,45,West,1
59,Female,54194.9,704.0,0.72,39,South,0
48,Male,25676.3,669.0,0.18,26,East,1
44,Male,95952.58,682.0,0.75,21,West,1
22,Female,68986.58,741.0,0.5,0,East,0
27,Male,57430.12,634.0,0.19,7,West,1
48,Female,80054.29,652.0,0.76,28,South,0
49,Male,49220.55,701.0,0.6,29,North,1
29,Male,80932.87,770.0,0.66,9,West,1
36,Female,36783.89,782.0,0.67,15,North,0
46,Female,78771.45,663.0,0.17,24,West,1
54,Female,73574.13,737.0,0.23,33,East,1
41,Male,66913.26,686.0,0.57,21,East,1
44,Female,109909.46,760.0,0.14,20,East,1
36,Male,89592.58,603.0,0.34,16,South,1
58,Male,57113.64,748.0,0.23,38,North,1
27,Male,61020.69,583.0,0.2,5,North,1
25,Male,81947.55,660.0,0.78,4,South,0
67,Female,84883.94,746.0,0.62,44,North,1
28,Female,40595.76,684.0,0.8,5,West,0
42,Male,65604.17,572.0,0.38,21,East,1
69,Male,67296.12,717.0,0.48,45,West,1
67,Female,54989.62,573.0,0.48,45,East,0
44,Male,55854.31,757.0,0.32,21,East,1
62,Male,58891.58,542.0,0.22,39,West,1
60,Male,79451.5,783.0,0.78,40,West,1
69,Male,37721.02,678.0,0.14,45,East,1
44,Female,77620.34,825.0,0.45,22,West,1
52,Male,79689.09,801.0,0.3,32,South,1
58,Female,80675.16,683.0,0.64,35,East,1
27,Female,54441.19,641.0,0.31,4,West,0
51,Male,102088.23,636.0,0.78,27,South,1
38,Female,65908.17,623.0,0.1,15,West,1
49,Male,44845.69,609.0,0.11,29,South,1
50,Female,25000.0,719.0,0.8,26,North,0
45,Female,69754.45,842.0,0.13,24,East,1
45,Female,33858.2,645.0,0.4,23,South,0
35,Female,58096.63,721.0,0.23,14,North,1
36,Female,92798.65,688.0,0.25,16,West,1
58,Female,56572.3,756.0,0.51,36,North,1
36,Male,57100.42,801.0,0.69,12,South,0
56,Male,45288.21,821.0,0.45,32,North,1
32,Male,87693.29,710.0,0.77,11,West,0
36,Male,53644.55,663.0,0.48,15,South,0
32,Female,69792.91,663.0,0.58,12,South,0
45,Male,98694.13,712.0,0.61,22,South,1
42,Female,59643.07,755.0,0.51,19,South,0
66,Female,30995.35,630.0,0.24,43,West,1
38,Female,65403.75,617.0,0.2,15,North,1
25,Male,71832.67,700.0,0.27,2,East,1
31,Male,85636.29,771.0,0.5,11,West,1
45,Female,85361.13,747.0,0.43,24,East,1
46,Male,56383.79,696.0,0.29,24,West,1
68,Male,75436.53,703.0,0.78,45,South,1
46,Male,68450.24,619.0,0.79,25,North,0
35,Female,61603.94,753.0,0.52,15,East,0
23,Male,44623.68,637.0,0.67,2,East,0
35,Male,83363.8,607.0,0.72,14,South,0
52,Female,25000.0,691.0,0.67,31,East,0
66,Female,77322.61,619.0,0.48,42,West,1
34,Male,53455.12,609.0,0.35,11,East,1
65,Female,53179.41,615.0,0.64,45,North,0
44,Female,49555.83,615.0,0.54,24,South,0
50,Female,57959.53,827.0,0.38,27,South,1
30,Male,60663.55,749.0,0.2,9,West,1
34,Male,50156.56,668.0,0.41,14,West,1
45,Female,49838.43,552.0,0.33,25,East,0
35,Male,65697.55,678.0,0.34,14,North,1
60,Female,48324.79,562.0,0.31,39,West,1
39,Male,42516.19,720.0,0.72,19,South,0
23,Male,46433.75,632.0,0.52,0,South,0
49,Male,71640.49,675.0,0.2,25,West,1
53,Male,84142.12,678.0,0.17,30,East,1
25,Female,55222.36,704.0,0.16,1,South,0
36,Male,60959.63,739.0,0.61,14,North,0
36,Female,91653.1,584.0,0.78,13,East,0
66,Male,45899.43,512.0,0.58,42,South,0
62,Female,58759.9,725.0,0.69,42,South,0
42,Female,47582.57,694.0,0.44,22,East,0
29,Female,57898.03,789.0,0.5,9,West,0
54,Male,95989.3,645.0,0.16,30,West,1
61,Male,59598.59,729.0,0.13,41,South,1
69,Female,52488.49,631.0,0.54,45,East,0
44,Male,71355.23,758.0,0.12,23,West,1
22,Female,31542.11,633.0,0.62,1,North,0
57,Female,60830.87,672.0,0.37,37,South,1
32,Female,57778.01,705.0,0.48,12,South,0
47,Male,51645.76,782.0,0.72,26,West,0
40,Male,33386.0,819.0,0.15,20,South,1
69,Male,35423.53,674.0,0.52,45,East,1
51,Male,43348.12,698.0,0.38,27,South,1
48,Female,41863.28,707.0,0.45,25,North,0
59,Female,83844.33,732.0,0.44,36,North,1
29,Female,57518.11,791.0,0.44,6,South,0
30,Female,103304.31,664.0,0.6,7,South,0
55,Female,64599.17,744.0,0.52,32,North,1
44,Female,64034.63,620.0,0.45,20,West,0
22,Male,76637.99,610.0,0.31,0,North,1
56,Male,101219.2,574.0,0.16,33,South,1
35,Male,26940.84,724.0,0.37,14,North,0
35,Male,84979.87,661.0,0.75,14,East,0
38,Female,54314.55,652.0,0.75,14,South,0
57,Male,106051.37,657.0,0.55,37,East,1
33,Female,91016.99,703.0,0.76,12,South,0
24,Male,51770.97,533.0,0.33,2,West,0
37,Female,61275.33,658.0,0.12,13,West,1
37,Female,93708.17,701.0,0.69,16,East,0
30,Male,86268.85,645.0,0.66,7,South,0
27,Male,61288.83,639.0,0.57,6,South,0
66,Female,77352.24,608.0,0.52,45,South,1
34,Male,58092.56,718.0,0.49,12,East,1
41,Female,84226.65,676.0,0.67,18,West,0
40,Male,92207.02,707.0,0.77,16,North,1
25,Male,40222.63,677.0,0.67,1,North,0
25,Female,96683.2,562.0,0.62,4,East,0
57,Female,73767.3,680.0,0.12,33,South,1
69,Female,66043.42,744.0,0.66,45,West,1
23,Female,74488.7,638.0,0.54,3,West,0
26,Female,76935.3,682.0,0.8,2,West,0
28,Female,62884.46,688.0,0.19,4,East,0
55,Male,75339.82,749.0,0.37,34,West,1
58,Female,57673.99,554.0,0.14,36,South,1
31,Female,96508.03,546.0,0.45,11,South,0
34,Female,78378.49,706.0,0.22,12,West,1
32,Male,70828.96,708.0,0.64,10,East,0
44,Female,35125.64,586.0,0.7,20,North,0
43,Male,35893.78,721.0,0.27,20,West,1
33,Male,77995.67,637.0,0.42,9,East,1
26,Female,50117.36,720.0,0.71,6,West,0
62,Female,49370.3,769.0,0.5,40,South,1
63,Male,74234.3,686.0,0.48,40,East,1
48,Male,64986.43,599.0,0.62,26,East,0
62,Male,74791.35,669.0,0.55,38,East,1
50,Female,80177.06,592.0,0.11,26,East,1
32,Female,74229.26,584.0,0.44,10,North,0
38,Male,67610.45,723.0,0.77,15,East,0
65,Female,63457.01,689.0,0.66,43,North,0
32,Female,53534.11,850.0,0.65,9,West,0
65,Male,64915.18,548.0,0.43,42,South,1
46,Female,101769.52,597.0,0.48,23,East,1
35,Female,96905.14,739.0,0.34,13,South,1
50,Female,55543.47,733.0,0.69,26,North,0
23,Female,29436.9,613.0,0.35,0,West,0
59,Female,54533.85,671.0,0.18,37,West,1
32,Female,37291.61,608.0,0.31,12,East,0
53,Male,91103.17,722.0,0.1,33,South,1
51,Male,34188.7,716.0,0.65,29,West,0
28,Female,59085.78,711.0,0.78,5,North,0
24,Male,43668.57,667.0,0.54,1,North,0
59,Male,33799.12,709.0,0.37,38,North,1
52,Female,25000.0,610.0,0.57,31,West,0
36,Female,97168.05,850.0,0.61,13,South,1
43,Male,66455.26,733.0,0.45,22,North,1
51,Male,72417.56,757.0,0.11,31,East,1
66,Female,67344.31,739.0,0.13,42,South,1
53,Male,87734.96,834.0,0.8,31,North,1
38,Male,82953.57,735.0,0.16,15,South,1
65,Male,41553.1,606.0,0.7,41,West,0
59,Female,76095.65,635.0,0.52,36,North,1
44,Male,107652.91,527.0,0.59,24,West,1
66,Female,92989.55,808.0,0.32,42,North,1
30,Male,53536.99,652.0,0.3,7,East,1
62,Male,93043.85,610.0,0.35,40,South,1
43,Male,84809.07,618.0,0.77,20,West,0
65,Male,81089.41,734.0,0.65,43,East,1
67,Male,53545.98,714.0,0.46,45,South,1
69,Male,102592.12,647.0,0.57,45,East,1
58,Female,54117.49,690.0,0.63,35,North,0
68,Female,63514.74,710.0,0.77,45,West,0
36,Female,54944.06,738.0,0.55,15,East,0
39,Male,44655.7,577.0,0.66,18,South,0
65,Male,49967.61,640.0,0.24,44,East,1
66,Female,66993.12,785.0,0.47,43,East,1
23,Male,68778.67,800.0,0.63,3,West,0
61,Male,111722.28,641.0,0.34,39,South,1
60,Female,36084.0,705.0,0.66,38,North,0
56,Male,101202.94,643.0,0.67,36,East,1
27,Male,94367.21,838.0,0.2,6,East,1
31,Male,53041.93,689.0,0.1,9,North,1
44,Male,75980.73,734.0,0.59,20,East,1
66,Male,96654.91,677.0,0.34,43,North,1
24,Female,89995.45,698.0,0.4,2,East,0
69,Male,49606.07,662.0,0.53,45,South,1
29,Female,92708.89,788.0,0.55,7,South,0
29,Male,59828.5,625.0,0.69,6,South,0
38,Male,44665.38,710.0,0.35,14,West,1
41,Male,91790.44,765.0,0.11,18,West,1
55,Female,56543.63,664.0,0.76,35,South,0
67,Male,64591.83,649.0,0.25,43,South,1
55,Male,92265.61,632.0,0.41,31,North,1
41,Male,67383.08,689.0,0.58,18,West,1
53,Male,30794.23,683.0,0.79,30,North,0
37,Female,84812.09,657.0,0.26,15,South,1
23,Female,58563.79,751.0,0.75,2,West,0
24,Female,85496.86,611.0,0.25,3,South,1
36,Male,72169.6,540.0,0.32,14,South,1
36,Female,71141.09,720.0,0.47,12,East,0
37,Female,71476.78,724.0,0.24,13,East,1
40,Female,26239.54,680.0,0.48,19,East,0
39,Female,68799.53,653.0,0.42,15,South,0
33,Female,85841.05,704.0,0.47,13,East,1
42,Female,37836.68,696.0,0.23,22,North,0
64,Male,40427.12,663.0,0.77,41,North,0
34,Male,72635.3,658.0,0.18,13,South,1
32,Female,40379.35,664.0,0.41,10,South,0
29,Male,92908.51,731.0,0.41,6,East,1
68,Female,62158.67,806.0,0.72,44,East,1
55,Male,80448.6,617.0,0.47,35,West,1
34,Female,55840.73,559.0,0.54,14,North,0
29,Female,67830.63,615.0,0.52,7,South,0
34,Male,62781.58,602.0,0.4,12,East,1
37,Female,100967.89,745.0,0.77,17,West,0
39,Female,89909.22,727.0,0.76,15,West,0
60,Female,68362.58,796.0,0.42,39,South,1
47,Female,78514.95,592.0,0.34,26,North,1
46,Female,45248.87,750.0,0.22,25,West,1
61,Female,49510.63,715.0,0.69,40,West,0
66,Male,56297.39,790.0,0.29,44,North,1
25,Male,67313.3,681.0,0.61,4,South,0
34,Male,74999.04,686.0,0.47,11,East,1
37,Male,37356.96,679.0,0.22,14,North,1
60,Male,54364.12,602.0,0.24,38,West,1
34,Female,69168.96,600.0,0.36,12,South,0
40,Male,64055.89,653.0,0.73,19,West,0
27,Male,33708.68,739.0,0.41,5,South,0
23,Female,89255.59,713.0,0.67,3,West,0
33,Female,49995.52,734.0,0.13,12,South,1
26,Female,80247.41,687.0,0.68,5,South,0
43,Female,68990.33,660.0,0.77,19,South,0
49,Male,59585.37,733.0,0.56,28,South,1
44,Female,61966.18,711.0,0.39,24,East,1
25,Male,96297.71,712.0,0.77,3,North,0
30,Male,60969.82,823.0,0.6,7,North,0
41,Female,100463.2,637.0,0.18,21,South,1
55,Male,65330.28,732.0,0.47,35,West,1
25,Male,68339.19,686.0,0.19,5,East,1
28,Female,109137.65,585.0,0.17,5,South,1
33,Female,84649.57,528.0,0.63,10,East,0
51,Male,27462.75,705.0,0.76,27,East,0
63,Male,66877.74,652.0,0.51,39,East,1
52,Female,65635.57,784.0,0.36,32,North,1
31,Female,72223.84,528.0,0.56,10,South,0
52,Male,69660.39,710.0,0.34,28,North,1
41,Male,52609.06,606.0,0.43,18,South,1
40,Female,54400.04,608.0,0.65,18,East,0
54,Female,67114.09,622.0,0.41,34,South,1
40,Female,39818.54,610.0,0.1,20,North,1
45,Female,69112.8,690.0,0.79,22,West,0
31,Female,69269.35,782.0,0.3,9,North,1
50,Male,77372.44,712.0,0.34,26,North,1
69,Female,25000.0,631.0,0.7,45,East,0
38,Male,77152.41,820.0,0.72,18,East,1
34,Female,55537.77,724.0,0.23,14,East,1
55,Female,85250.68,704.0,0.75,31,West,0
22,Female,44384.84,640.0,0.22,0,South,0
67,Female,48349.37,658.0,0.67,45,West,0
35,Male,55576.83,573.0,0.15,13,West,1
48,Male,36094.26,682.0,0.58,27,South,0
65,Male,45978.89,769.0,0.48,44,North,1
36,Male,46099.86,720.0,0.39,14,East,1
64,Female,77261.97,697.0,0.66,41,East,1
60,Male,62891.86,719.0,0.65,36,North,1
55,Male,57163.54,612.0,0.62,31,North,0
64,Female,63778.11,747.0,0.54,42,North,1
44,Male,78532.78,579.0,0.57,23,East,1
48,Female,69031.45,622.0,0.41,25,North,0
39,Male,79382.29,533.0,0.56,15,North,0
31,Male,72710.13,680.0,0.25,10,South,1
33,Female,57993.64,783.0,0.48,10,North,0
58,Female,46692.78,592.0,0.38,36,East,0
63,Male,63154.22,634.0,0.33,42,East,1
25,Female,74464.66,579.0,0.49,4,East,0
60,Male,41895.14,675.0,0.29,40,East,1
58,Female,79028.57,587.0,0.33,34,East,1
38,Female,87024.49,628.0,0.18,17,North,1
50,Female,77159.05,723.0,0.78,28,North,0
66,Female,64717.07,672.0,0.21,43,North,1
58,Female,43950.25,713.0,0.26,36,North,1
52,Male,65263.73,797.0,0.18,32,East,1
27,Female,75241.38,715.0,0.68,7,East,0
45,Male,59803.26,681.0,0.52,24,West,1
49,Male,80504.93,736.0,0.49,29,East,1
58,Female,73059.84,677.0,0.37,38,West,1
47,Female,48256.95,757.0,0.75,24,North,0
64,Female,90662.43,837.0,0.69,41,West,1
48,Male,82818.95,680.0,0.15,24,South,1
49,Female,68211.04,551.0,0.27,29,East,1
37,Female,61882.43,755.0,0.15,17,West,1
32,Female,89502.54,615.0,0.18,8,West,1
40,Female,81709.51,756.0,0.17,20,East,1
66,Male,60699.88,610.0,0.77,42,West,0
67,Female,84502.46,711.0,0.56,45,West,1
50,Male,86657.06,613.0,0.73,30,South,1
59,Female,62986.22,764.0,0.4,38,South,1
56,Male,83824.99,582.0,0.39,34,East,1
61,Female,82283.97,744.0,0.21,38,East,1
35,Male,90414.68,758.0,0.75,13,North,1
24,Male,61376.53,756.0,0.52,1,West,0
53,Male,69302.56,818.0,0.44,29,East,1
66,Male,68393.16,676.0,0.54,42,South,1
63,Female,74437.83,678.0,0.33,40,East,1
40,Male,69911.19,714.0,0.5,19,North,1
22,Female,51054.31,677.0,0.69,0,West,0
63,Female,51199.72,668.0,0.77,41,South,0
68,Male,111869.91,796.0,0.24,44,West,1
60,Male,34547.94,797.0,0.68,39,South,1
28,Female,65720.66,631.0,0.68,7,East,0
66,Female,64770.89,696.0,0.5,45,West,1
37,Male,62566.41,579.0,0.18,13,East,1
33,Female,72635.79,666.0,0.4,9,East,0
53,Male,40678.08,747.0,0.32,32,North,1
26,Female,43703.0,690.0,0.33,6,South,0
67,Male,74844.16,543.0,0.7,43,North,1
40,Male,78678.12,793.0,0.76,18,South,1
38,Male,74595.33,744.0,0.23,16,East,1
47,Male,79416.45,587.0,0.62,23,South,1
29,Male,75764.36,687.0,0.48,7,East,1
61,Male,52183.05,603.0,0.23,37,South,1
24,Female,49658.34,818.0,0.69,4,South,0
22,Female,50008.37,679.0,0.77,0,West,0
60,Female,99359.8,569.0,0.47,40,South,1
22,Female,78727.35,835.0,0.75,1,East,0
26,Male,82863.75,746.0,0.28,2,South,1
60,Female,94527.77,786.0,0.69,37,West,1
60,Female,66978.53,746.0,0.37,37,North,1
47,Male,85842.96,717.0,0.49,26,West,1
51,Male,44575.13,803.0,0.21,27,West,1
22,Female,74325.72,537.0,0.55,0,East,0
45,Male,61591.71,643.0,0.25,24,North,1
43,Female,70174.16,587.0,0.5,22,West,0
51,Female,54793.53,675.0,0.41,29,East,0
66,Male,81063.84,553.0,0.13,44,East,1
58,Male,81276.12,660.0,0.38,35,North,1
59,Female,90362.52,622.0,0.29,36,East,1
33,Male,61925.98,663.0,0.17,9,South,1
22,Female,41878.57,657.0,0.43,0,East,0
61,Male,79756.2,675.0,0.67,39,North,1
54,Female,78334.04,689.0,0.61,30,South,0
45,Female,47500.5,695.0,0.26,23,West,1
31,Male,62902.72,669.0,0.78,11,West,0
42,Male,54369.26,839.0,0.46,21,East,1
67,Female,50080.99,689.0,0.15,43,South,1
35,Male,61813.45,669.0,0.43,11,North,1
37,Male,55262.98,840.0,0.37,16,South,1
67,Male,72187.87,643.0,0.68,45,East,1
41,Female,68299.37,668.0,0.76,18,West,0
40,Male,69146.39,644.0,0.57,17,East,1
29,Female,25000.0,702.0,0.68,6,South,0
31,Female,47921.44,694.0,0.67,11,West,0
58,Female,71228.88,671.0,0.21,36,East,1
31,Male,83873.38,747.0,0.78,11,West,0
43,Male,51255.03,652.0,0.59,21,South,0
42,Female,68664.96,774.0,0.13,18,East,1
37,Female,78701.66,770.0,0.33,13,East,1
25,Female,54304.14,717.0,0.64,5,East,0
66,Male,56786.87,844.0,0.67,45,South,1
41,Female,62103.2,803.0,0.63,17,West,0
48,Female,71936.93,820.0,0.45,26,West,1
66,Male,65463.88,770.0,0.18,45,North,1
64,Female,73962.45,570.0,0.36,41,South,1
26,Male,82014.1,714.0,0.23,6,South,1
37,Male,68371.73,691.0,0.17,13,North,1
28,Male,79119.92,625.0,0.49,5,East,1
46,Female,80158.74,724.0,0.2,24,South,1
43,Female,79430.53,652.0,0.57,19,East,0
22,Male,62641.27,748.0,0.5,2,South,0
63,Female,73106.29,747.0,0.67,41,West,1
42,Female,106845.56,577.0,0.41,20,South,1
22,Female,25000.0,694.0,0.57,1,West,0
37,Male,52628.65,686.0,0.56,14,East,0
59,Male,93293.72,630.0,0.54,35,South,1
46,Female,75640.87,719.0,0.48,24,South,1
41,Male,64081.07,692.0,0.45,21,East,1
66,Male,61633.2,637.0,0.29,44,West,1
22,Female,86363.65,665.0,0.12,1,South,1
40,Male,70960.33,784.0,0.59,20,South,1
52,Male,49228.14,687.0,0.4,32,North,1
52,Male,70708.08,725.0,0.63,29,East,1
55,Male,70931.89,631.0,0.56,33,North,1
62,Female,72363.1,612.0,0.44,38,North,1
42,Female,85508.22,598.0,0.74,22,East,0
30,Male,40209.06,624.0,0.3,10,West,0
28,Female,61487.7,722.0,0.37,6,East,0
50,Female,67199.82,592.0,0.13,28,East,1
33,Female,53021.96,601.0,0.74,9,West,0
43,Female,57512.98,735.0,0.46,20,East,0
67,Female,67075.81,738.0,0.1,43,West,1
54,Male,48909.68,728.0,0.39,32,South,1
53,Male,90513.64,702.0,0.71,31,East,1
25,Male,97586.49,523.0,0.3,3,West,1
35,Female,68643.39,701.0,0.46,12,West,0
43,Female,43695.57,701.0,0.28,20,North,0
36,Male,46980.2,808.0,0.29,15,West,1
60,Male,77688.6,664.0,0.22,39,East,1
63,Female,31901.49,793.0,0.29,40,South,1
42,Male,86867.69,653.0,0.17,20,East,1
30,Male,59233.02,656.0,0.51,7,West,0
42,Male,68126.35,692.0,0.36,21,North,1
43,Female,98268.08,733.0,0.16,20,East,1
23,Male,73270.1,652.0,0.46,0,West,0
27,Male,57752.07,722.0,0.66,4,East,0
47,Female,66529.28,784.0,0.49,23,South,1
51,Female,62646.55,731.0,0.55,31,South,0
45,Male,45415.33,631.0,0.66,21,South,0
66,Male,57030.73,628.0,0.7,45,North,1
44,Male,58301.42,642.0,0.35,20,South,1
66,Female,65322.67,642.0,0.45,45,South,1
34,Female,70521.92,749.0,0.54,11,South,0
31,Male,47022.97,768.0,0.27,10,West,1
68,Female,66942.92,649.0,0.79,45,West,0
46,Male,86462.97,659.0,0.47,25,South,1
38,Female,60986.38,769.0,0.39,18,South,1
55,Female,52402.72,651.0,0.65,33,East,0
55,Male,67759.78,729.0,0.32,35,North,1
26,Female,54182.67,604.0,0.24,6,West,0
46,Male,55643.1,669.0,0.25,23,East,1
49,Female,66860.78,630.0,0.59,29,North,0
68,Male,39223.52,773.0,0.38,45,North,1
50,Female,56577.22,662.0,0.54,26,North,0
59,Male,91312.68,638.0,0.58,39,East,1
66,Male,46315.91,666.0,0.42,45,East,1
25,Female,57418.72,788.0,0.36,5,North,0
29,Female,65178.4,736.0,0.68,9,East,0
66,Male,99061.7,772.0,0.16,45,East,1
68,Female,63291.56,694.0,0.14,45,North,1
44,Male,63884.2,660.0,0.13,21,West,1
57,Female,54466.55,707.0,0.52,36,South,0
67,Female,31281.34,631.0,0.63,44,East,0
51,Female,87000.3,604.0,0.76,31,West,0
36,Female,32610.15,719.0,0.69,12,East,0
62,Male,54746.88,713.0,0.56,41,North,1
51,Female,67330.67,690.0,0.75,29,South,0
49,Female,46665.58,709.0,0.49,27,North,0
22,Male,59812.47,716.0,0.46,0,West,0
27,Male,56442.75,603.0,0.2,3,South,1
54,Male,53458.65,602.0,0.61,32,South,0
29,Female,108221.29,739.0,0.74,6,East,0
46,Female,79129.35,627.0,0.59,26,North,0
30,Male,69767.5,766.0,0.54,6,East,1
64,Female,52241.8,603.0,0.19,40,South,1
29,Female,100423.11,682.0,0.72,6,East,0
29,Male,81718.2,686.0,0.44,6,East,1
34,Female,50521.33,772.0,0.14,14,East,1
27,Male,84899.9,527.0,0.54,6,South,0
64,Male,105700.68,764.0,0.44,42,West,1
46,Male,62567.57,606.0,0.68,25,South,0
29,Male,49351.94,825.0,0.49,5,West,0
66,Male,64871.71,701.0,0.65,42,South,1
26,Female,60310.22,727.0,0.64,2,North,0
22,Male,75819.0,582.0,0.13,0,West,1
52,Male,35517.28,703.0,0.19,30,South,1
24,Male,58801.78,727.0,0.41,3,West,1
53,Male,63456.35,634.0,0.18,29,South,1
22,Female,46358.42,765.0,0.74,2,East,0
63,Female,71505.3,764.0,0.52,42,North,1
50,Male,83023.6,671.0,0.61,30,West,1
68,Female,46489.15,617.0,0.52,44,West,0
52,Male,71752.04,620.0,0.24,29,East,1
66,Male,51161.94,600.0,0.31,42,South,1
53,Female,75593.73,806.0,0.67,32,North,1
55,Female,29812.1,850.0,0.39,34,North,1
31,Female,31432.0,640.0,0.12,7,South,0
56,Female,50960.93,700.0,0.24,34,South,1
49,Male,48832.4,642.0,0.41,26,North,1
30,Male,44253.91,646.0,0.79,8,North,0
62,Male,51975.83,533.0,0.49,41,South,1
35,Female,68757.7,679.0,0.55,13,North,0
36,Male,82633.63,694.0,0.37,15,North,1
69,Male,56442.99,787.0,0.65,45,North,1
65,Female,66419.89,685.0,0.61,44,South,1
56,Female,47739.88,682.0,0.46,36,East,0
50,Female,103796.05,733.0,0.75,28,South,1
61,Female,39990.93,675.0,0.53,41,North,0
68,Male,69991.64,565.0,0.43,45,East,1
49,Male,58920.81,704.0,0.69,26,East,0
37,Male,78685.48,687.0,0.74,13,West,0
55,Female,58159.9,825.0,0.54,33,North,1
42,Male,50186.24,606.0,0.69,18,South,0
46,Female,77579.57,488.0,0.15,22,North,1
63,Female,58230.19,602.0,0.22,40,North,1
45,Female,83906.53,700.0,0.27,22,East,1
48,Female,45976.59,756.0,0.27,25,East,1
34,Female,49347.42,584.0,0.65,11,North,0
35,Female,61876.95,709.0,0.15,14,East,1
31,Female,48644.19,850.0,0.12,7,West,1
44,Male,86819.58,771.0,0.22,24,South,1
23,Male,69679.21,667.0,0.43,3,West,1
34,Female,56646.57,483.0,0.16,12,East,0
53,Male,70977.68,583.0,0.13,32,West,1
54,Male,76206.52,708.0,0.48,33,South,1
22,Female,32723.12,609.0,0.31,0,South,0
25,Female,58888.28,725.0,0.34,2,North,0
65,Female,64862.38,724.0,0.42,41,West,1
55,Female,68741.58,572.0,0.65,32,South,0
29,Female,47026.42,683.0,0.54,7,South,0
67,Female,82490.93,773.0,0.42,45,West,1
52,Male,35091.87,624.0,0.18,32,North,1
25,Female,95001.55,704.0,0.29,2,North,1
39,Male,57873.08,611.0,0.62,18,West,0
67,Male,48605.56,679.0,0.49,45,North,1
42,Female,84269.09,669.0,0.79,18,South,0
63,Female,69814.17,624.0,0.64,43,North,0
58,Male,80185.55,832.0,0.64,36,East,1
69,Female,46772.98,701.0,0.65,45,South,0
43,Female,75416.27,788.0,0.77,21,South,0
25,Female,39741.57,743.0,0.13,3,West,0
53,Female,72185.5,675.0,0.51,31,East,1
51,Female,67718.0,735.0,0.17,30,West,1
47,Female,37592.36,670.0,0.22,26,North,0
69,Female,78658.87,551.0,0.52,45,North,1
39,Male,65635.46,663.0,0.62,16,North,0
60,Male,73455.55,760.0,0.73,39,South,1
50,Female,88167.97,744.0,0.77,26,South,0
45,Female,81171.44,755.0,0.53,21,West,1
26,Female,66224.14,515.0,0.51,5,South,0
64,Female,90487.81,756.0,0.29,42,South,1
27,Female,61226.63,850.0,0.24,4,West,1
26,Female,71463.8,610.0,0.7,3,North,0
54,Male,58476.2,823.0,0.56,32,East,1
46,Female,73027.87,628.0,0.62,26,South,0
38,Female,86908.73,748.0,0.2,17,North,1
47,Male,77764.83,621.0,0.42,24,West,1
60,Female,118707.87,704.0,0.54,38,East,1
30,Male,63558.28,612.0,0.67,10,South,0
47,Female,51825.68,622.0,0.78,26,East,0
65,Female,71551.81,767.0,0.74,44,North,1
23,Female,33826.58,631.0,0.54,2,North,0
37,Male,41693.3,638.0,0.8,16,West,0
64,Male,91445.61,626.0,0.46,44,East,1
28,Male,87207.75,731.0,0.31,4,North,1
58,Female,55461.11,748.0,0.58,38,North,0
35,Female,52903.47,618.0,0.49,11,South,0
52,Female,111928.99,730.0,0.37,28,South,1
48,Male,87676.27,674.0,0.34,28,South,1
63,Male,63415.22,655.0,0.39,39,North,1
31,Male,69344.68,647.0,0.49,7,West,0
59,Female,74885.46,741.0,0.8,36,East,0
67,Female,63534.24,733.0,0.66,43,West,1
55,Female,72280.64,751.0,0.75,32,South,0
68,Female,86132.93,688.0,0.49,45,South,1
49,Male,38615.56,720.0,0.42,29,West,1
31,Male,94599.07,612.0,0.41,9,East,1
28,Female,72526.67,687.0,0.15,5,North,1
26,Male,56943.03,721.0,0.44,6,East,1
45,Female,74383.57,685.0,0.6,24,South,0
52,Male,68783.71,625.0,0.15,32,South,1
32,Male,88709.93,702.0,0.71,12,North,1
33,Female,49884.64,763.0,0.43,11,North,0
41,Male,34267.51,693.0,0.45,20,West,0
68,Female,61017.19,589.0,0.5,45,East,1
24,Male,60615.31,669.0,0.33,2,East,1
38,Male,25000.0,850.0,0.78,18,South,0
66,Male,68345.71,689.0,0.79,45,North,1
32,Female,74158.36,700.0,0.7,9,South,0
54,Female,73526.02,806.0,0.21,32,North,1
63,Female,82976.01,716.0,0.47,40,South,1
58,Female,69390.52,720.0,0.79,36,East,0
69,Female,44658.55,608.0,0.28,45,West,1
66,Male,90769.93,669.0,0.26,45,West,1
55,Female,78840.17,734.0,0.33,35,West,1
37,Female,30510.32,754.0,0.26,15,North,0
47,Male,58105.38,628.0,0.2,26,South,1
43,Male,89550.37,702.0,0.36,19,North,1
64,Female,61295.87,672.0,0.76,41,South,0
63,Female,39800.76,702.0,0.4,42,West,1
59,Female,77635.21,691.0,0.37,37,East,1
56,Female,51562.46,547.0,0.33,35,South,0
33,Female,25549.57,555.0,0.65,10,South,0
42,Female,95295.74,650.0,0.57,21,West,1
26,Male,57187.43,660.0,0.28,3,South,1
33,Female,103859.8,849.0,0.61,9,East,1
54,Male,83612.36,757.0,0.53,34,East,1
29,Male,54943.83,703.0,0.65,8,South,0
56,Female,73380.08,791.0,0.44,34,South,1
30,Male,92948.86,647.0,0.11,7,West,1
47,Female,85954.43,708.0,0.71,27,West,0
41,Female,75080.54,631.0,0.75,21,East,0
41,Male,89120.19,707.0,0.65,21,West,1
57,Male,60838.59,694.0,0.68,33,East,1
65,Female,43382.85,665.0,0.26,44,East,1
42,Female,53508.68,748.0,0.64,20,North,0
60,Female,92965.73,686.0,0.67,38,West,1
24,Male,68025.49,676.0,0.41,4,East,1
57,Female,54614.1,721.0,0.13,35,South,1
50,Female,84526.19,670.0,0.47,30,South,1
30,Male,63490.7,685.0,0.47,6,North,0
45,Female,80147.27,603.0,0.53,23,East,0
41,Female,39042.44,708.0,0.67,21,North,0
43,Male,31059.05,630.0,0.53,23,South,0
53,Male,111374.5,657.0,0.22,32,West,1
61,Female,50147.47,692.0,0.72,39,East,0
40,Female,71540.25,691.0,0.56,19,South,0
67,Male,77257.27,673.0,0.24,44,South,1
35,Female,61173.01,797.0,0.31,14,South,1
65,Male,74019.77,647.0,0.6,44,North,1
69,Male,35730.81,755.0,0.64,45,South,1
44,Male,25000.0,596.0,0.3,20,South,0
53,Male,47333.03,623.0,0.48,33,North,1
60,Male,50064.2,704.0,0.11,37,West,1
50,Male,67927.04,688.0,0.5,29,North,1
57,Female,77274.64,758.0,0.12,34,East,1
35,Male,79980.94,546.0,0.72,13,South,0
42,Male,53638.62,799.0,0.55,22,South,1
27,Male,82749.6,699.0,0.21,4,South,1
22,Female,91577.7,615.0,0.53,0,West,0
38,Female,51063.55,605.0,0.77,14,South,0
37,Male,68502.02,629.0,0.71,16,East,0
50,Female,102531.87,679.0,0.55,29,West,1
53,Male,41700.89,679.0,0.19,32,East,1
52,Female,55886.6,709.0,0.74,32,South,0
28,Female,48738.45,642.0,0.59,7,West,0
43,Male,51627.02,707.0,0.43,23,South,1
66,Female,68045.0,677.0,0.26,42,North,1
65,Male,80097.73,778.0,0.23,42,North,1
69,Female,77510.05,564.0,0.4,45,East,1
51,Female,67009.05,658.0,0.5,28,West,0
32,Male,64243.16,684.0,0.37,10,East,1
36,Female,89162.52,599.0,0.47,16,East,0
40,Male,56855.85,691.0,0.4,19,North,1
40,Female,102704.04,774.0,0.69,17,South,1
65,Female,101395.98,656.0,0.67,42,East,1
38,Male,92347.42,623.0,0.62,18,West,1
51,Male,78323.44,663.0,0.34,28,South,1
38,Female,81139.22,629.0,0.37,18,South,1
22,Male,97514.99,727.0,0.47,0,East,1
41,Female,52990.95,581.0,0.43,18,South,0
35,Female,55484.1,749.0,0.43,14,South,0
68,Male,51562.08,671.0,0.27,45,East,1
45,Male,114911.58,783.0,0.73,22,North,1
35,Female,88290.25,680.0,0.46,14,West,1
25,Male,59228.06,759.0,0.51,2,East,0
40,Male,55114.83,719.0,0.57,17,North,0
24,Male,79713.81,670.0,0.65,2,West,0
37,Male,41513.76,706.0,0.21,16,East,1
60,Male,34503.12,822.0,0.26,36,East,1
39,Male,51834.83,720.0,0.59,16,South,0
56,Female,50562.43,705.0,0.75,36,North,0
23,Male,63651.85,681.0,0.71,3,West,0
46,Male,32497.79,591.0,0.43,23,South,0
51,Female,99024.07,642.0,0.73,28,West,0
59,Female,70192.66,660.0,0.46,39,South,1
62,Female,53110.21,609.0,0.57,42,West,0
46,Female,64021.98,724.0,0.21,23,West,1
65,Male,72346.1,608.0,0.14,42,East,1
22,Male,46955.28,652.0,0.42,0,West,0
37,Female,34181.78,577.0,0.47,13,West,0
23,Male,73060.58,588.0,0.34,1,West,1
46,Male,73153.35,847.0,0.58,23,East,1
61,Female,66441.58,692.0,0.14,41,North,1
39,Male,59883.69,726.0,0.64,18,West,0
64,Female,83708.49,783.0,0.26,40,East,1
33,Female,69049.84,693.0,0.5,9,South,0
58,Female,60469.44,691.0,0.34,38,North,1
45,Male,25000.0,721.0,0.39,22,North,0
55,Male,47370.53,667.0,0.75,35,East,0
46,Male,60257.61,715.0,0.64,26,South,1
58,Female,64272.92,606.0,0.21,37,West,1
43,Female,53291.41,634.0,0.2,22,South,1
30,Female,60190.96,636.0,0.27,9,South,0
43,Male,84016.2,664.0,0.25,22,North,1
58,Male,80875.08,671.0,0.8,35,South,1
35,Female,83263.99,698.0,0.12,14,West,1
41,Male,64745.32,757.0,0.51,17,West,1
33,Male,36976.54,685.0,0.79,13,North,0
45,Female,69728.26,713.0,0.23,24,North,1
61,Male,90149.49,677.0,0.35,39,West,1
26,Male,77489.63,655.0,0.68,3,South,0
58,Male,64283.85,696.0,0.6,35,East,1
64,Female,58945.4,723.0,0.31,41,North,1
37,Female,65345.27,735.0,0.27,15,East,1
27,Female,100171.31,700.0,0.4,5,South,1
23,Male,88586.75,623.0,0.58,3,East,0
30,Male,60425.68,680.0,0.54,9,West,0
34,Male,37382.69,683.0,0.34,11,East,0
45,Male,64742.85,740.0,0.6,24,South,1
36,Female,79913.82,726.0,0.53,16,South,0
48,Male,57425.08,684.0,0.51,27,South,1
26,Male,65127.85,639.0,0.56,5,North,0
50,Female,58524.33,668.0,0.17,29,West,1
41,Female,72596.62,608.0,0.11,18,South,1
47,Female,25000.0,677.0,0.3,26,East,0
54,Male,68241.58,630.0,0.66,32,East,1
30,Female,74905.81,850.0,0.29,8,West,1
44,Male,85352.13,651.0,0.73,23,West,1
68,Female,65815.57,633.0,0.28,44,North,1
64,Female,59305.76,777.0,0.59,42,East,1
56,Female,55887.04,749.0,0.46,32,North,1
42,Male,60635.66,597.0,0.23,22,West,1
34,Female,67724.07,716.0,0.49,13,North,0
33,Female,93196.1,671.0,0.68,10,North,0
35,Female,82493.35,691.0,0.21,15,West,1
29,Female,82272.83,680.0,0.58,5,North,0
60,Female,81576.74,686.0,0.1,37,North,1
43,Male,44443.7,650.0,0.16,22,North,1
45,Male,78205.89,679.0,0.75,23,East,0
32,Male,90856.07,665.0,0.12,12,West,1
48,Male,66104.65,786.0,0.51,25,East,1
25,Male,46517.37,742.0,0.58,5,North,0
34,Male,47242.86,649.0,0.11,13,North,1
67,Male,57292.95,713.0,0.6,45,West,1
25,Male,89954.22,685.0,0.2,2,South,1
57,Male,41405.89,814.0,0.18,37,West,1
37,Male,62127.44,597.0,0.65,17,West,0
48,Male,63789.71,586.0,0.33,26,South,1
63,Male,47316.88,699.0,0.49,42,North,1
43,Male,78745.12,637.0,0.46,20,West,1
60,Male,60905.61,533.0,0.53,37,North,1
57,Male,50754.14,688.0,0.56,33,North,1
25,Female,73834.68,746.0,0.43,2,South,0
32,Female,82200.6,729.0,0.69,12,East,0
30,Male,89008.8,621.0,0.28,8,South,1
52,Female,47835.98,774.0,0.22,32,North,1
49,Male,27052.28,624.0,0.17,27,North,1
48,Male,59083.34,637.0,0.19,26,South,1
24,Male,56569.35,639.0,0.67,2,West,0
34,Female,57878.44,584.0,0.65,11,North,0
49,Male,62045.74,771.0,0.74,27,South,1
58,Female,81009.91,711.0,0.15,36,South,1
61,Female,101573.24,712.0,0.46,41,North,1
62,Female,119668.88,554.0,0.28,40,East,1
45,Male,83174.16,630.0,0.49,22,South,1
66,Female,67843.5,659.0,0.33,45,East,1
48,Male,54457.74,698.0,0.41,24,North,1
54,Male,52531.4,559.0,0.38,34,South,1
60,Female,90786.87,703.0,0.12,39,West,1
39,Female,82228.93,663.0,0.25,16,South,1
43,Female,77221.67,596.0,0.36,23,South,1
59,Female,58221.13,662.0,0.21,39,North,1
60,Female,92744.97,696.0,0.12,36,West,1
39,Male,66631.87,763.0,0.78,15,South,0
43,Female,60731.58,604.0,0.65,19,West,0
36,Male,47007.37,560.0,0.68,16,West,0
29,Female,54839.09,684.0,0.72,5,South,0
63,Female,45464.69,747.0,0.22,42,North,1
58,Female,63259.96,743.0,0.56,35,North,1
25,Female,89763.5,729.0,0.19,1,South,1
28,Female,39629.54,691.0,0.71,7,North,0
45,Female,65471.57,712.0,0.54,21,North,0
25,Male,61148.22,695.0,0.47,5,South,0
62,Male,66403.86,624.0,0.28,39,West,1
36,Female,37378.85,687.0,0.7,13,West,0
40,Male,25000.0,685.0,0.21,20,West,1
48,Male,69168.43,672.0,0.43,27,South,1
60,Male,77397.17,605.0,0.74,36,North,1
23,Female,67161.47,647.0,0.34,1,West,0
45,Male,47125.35,698.0,0.18,25,North,1
38,Female,59195.71,762.0,0.24,15,North,1
23,Male,68390.94,645.0,0.6,1,West,0
49,Female,58155.2,588.0,0.11,27,South,1
29,Female,52065.87,570.0,0.38,7,West,0
48,Male,41628.7,779.0,0.73,26,South,0
67,Female,39619.4,708.0,0.39,45,West,1
48,Male,57079.06,754.0,0.24,24,North,1
30,Female,26482.84,789.0,0.72,8,West,0
36,Female,52127.05,833.0,0.66,16,East,0
57,Female,50767.1,638.0,0.47,33,North,0
41,Female,35003.91,837.0,0.7,21,South,0
37,Male,45573.87,601.0,0.49,17,West,0
61,Male,96538.61,691.0,0.78,37,North,1
51,Female,55927.8,550.0,0.43,27,East,0
64,Female,55295.48,630.0,0.48,44,East,1
35,Female,67869.16,650.0,0.41,13,East,0
33,Male,71016.01,725.0,0.6,13,South,1
65,Male,67976.5,683.0,0.79,41,South,1
54,Male,68764.38,706.0,0.11,34,East,1
58,Female,78508.06,634.0,0.34,35,West,1
48,Female,105452.16,713.0,0.28,24,North,1
44,Female,43507.22,621.0,0.53,23,North,0
37,Male,76775.27,705.0,0.65,15,West,1
65,Female,61315.46,547.0,0.23,45,South,1
64,Male,54316.96,648.0,0.23,40,South,1
68,Male,26635.46,602.0,0.7,45,West,0
42,Male,60360.16,675.0,0.61,19,East,0
28,Male,47479.44,699.0,0.72,6,East,0
48,Female,78552.17,652.0,0.61,26,West,0
65,Male,69943.58,825.0,0.62,45,North,1
66,Male,60967.38,743.0,0.47,43,South,1
51,Male,50015.62,691.0,0.68,30,North,0
57,Male,70141.08,715.0,0.63,33,West,1
48,Male,53045.34,768.0,0.34,28,East,1
63,Male,38737.09,700.0,0.35,39,North,1
35,Male,72876.76,557.0,0.51,12,West,0
37,Male,72145.36,682.0,0.14,17,North,1
25,Female,33590.66,628.0,0.2,4,South,0
33,Male,100138.22,581.0,0.68,9,South,0
44,Male,76533.76,714.0,0.48,23,East,1
64,Male,48593.83,633.0,0.29,40,West,1
58,Male,83218.47,750.0,0.6,37,West,1
47,Male,63615.32,608.0,0.21,24,North,1
59,Female,25000.0,734.0,0.56,39,South,0
51,Female,66128.4,639.0,0.13,30,South,1
61,Male,62614.82,553.0,0.49,37,South,1
61,Female,53147.44,584.0,0.47,41,North,0
25,Male,29747.37,767.0,0.49,3,East,0
39,Female,72619.69,597.0,0.35,19,North,0
65,Female,85130.9,692.0,0.58,44,South,1
34,Male,79158.49,768.0,0.6,10,West,1
36,Male,41546.17,572.0,0.78,16,East,0
62,Female,59706.42,675.0,0.47,38,West,1
31,Male,82058.37,759.0,0.61,10,South,1
63,Female,91281.54,758.0,0.64,43,East,1
62,Male,45225.97,723.0,0.7,42,East,1
44,Male,60696.33,632.0,0.46,22,East,1
34,Male,68408.46,628.0,0.49,11,West,0
23,Male,51216.33,830.0,0.54,0,North,0
42,Female,47330.05,689.0,0.69,21,East,0
68,Female,95802.61,732.0,0.58,45,West,1
27,Female,62026.35,764.0,0.44,4,North,0
42,Female,25000.0,748.0,0.54,19,North,0
26,Female,70117.75,591.0,0.6,4,East,0
33,Female,38088.19,664.0,0.69,12,South,0
53,Female,50930.44,794.0,0.31,32,East,1
35,Female,97647.23,735.0,0.5,15,South,1
24,Male,81853.79,684.0,0.74,0,East,0
48,Male,77823.22,597.0,0.56,28,East,1
68,Female,63934.94,597.0,0.71,45,South,0
37,Male,60733.38,445.0,0.37,17,South,0
41,Female,63968.79,689.0,0.75,19,West,0
32,Female,49041.57,583.0,0.31,12,South,0
28,Male,63638.59,768.0,0.22,6,North,1
44,Male,62328.21,629.0,0.56,22,North,1
68,Female,70387.38,671.0,0.41,45,East,1
25,Female,47459.32,719.0,0.23,4,East,0
24,Female,46963.58,717.0,0.59,4,West,0
41,Female,51378.29,694.0,0.11,21,North,1
69,Female,62450.07,749.0,0.38,45,West,1
30,Male,76900.81,748.0,0.78,7,East,0
63,Female,33403.7,699.0,0.67,39,West,0
36,Male,59867.65,666.0,0.41,12,West,1
67,Male,69931.99,654.0,0.75,44,East,1
57,Male,55305.35,653.0,0.36,34,West,1
32,Male,36183.06,691.0,0.56,9,East,0
63,Male,73351.5,719.0,0.77,42,West,1
55,Female,62082.75,689.0,0.55,34,East,0
38,Female,78053.18,616.0,0.3,18,South,1
29,Female,59201.71,575.0,0.22,5,West,0
24,Male,94531.86,682.0,0.75,4,West,0
69,Male,44986.27,668.0,0.19,45,East,1
24,Female,70846.81,588.0,0.34,2,East,0
69,Female,64002.01,787.0,0.2,45,East,1
40,Male,61724.02,668.0,0.76,17,South,0
33,Female,102257.26,644.0,0.28,9,East,1
45,Male,64714.9,609.0,0.25,22,West,1
24,Male,55111.38,691.0,0.44,0,South,0
53,Female,50677.6,617.0,0.61,30,East,0
52,Male,30351.65,711.0,0.73,28,East,0
49,Female,73507.51,726.0,0.33,27,East,1
64,Female,68543.28,598.0,0.42,41,South,1
31,Male,110605.95,791.0,0.14,8,West,1
47,Female,104877.34,713.0,0.64,27,West,1
53,Male,62174.25,562.0,0.75,30,West,0
27,Female,35486.24,593.0,0.7,5,East,0
25,Female,31731.75,657.0,0.11,3,North,0
55,Male,61299.68,675.0,0.57,32,West,1
51,Female,76160.72,632.0,0.52,27,North,0
41,Female,45190.28,593.0,0.71,19,North,0
27,Male,84302.78,646.0,0.6,5,North,0
50,Female,38122.82,769.0,0.13,26,West,1
32,Female,48988.03,741.0,0.61,9,South,0
61,Male,50546.27,721.0,0.12,41,East,1
23,Female,86511.47,683.0,0.28,0,North,1
26,Male,99462.91,593.0,0.38,4,East,1
29,Female,49240.04,666.0,0.14,6,East,0
62,Female,98474.15,700.0,0.11,38,West,1
51,Male,78707.54,668.0,0.24,30,North,1
49,Female,54525.74,627.0,0.42,29,East,0
28,Male,58548.12,850.0,0.36,4,East,1
67,Male,34128.03,516.0,0.21,45,East,1
44,Female,55072.23,765.0,0.2,21,South,1
55,Female,77569.91,709.0,0.45,33,South,1
63,Male,74242.68,673.0,0.23,43,North,1
53,Female,51507.08,710.0,0.2,32,South,1
29,Male,102775.6,680.0,0.26,7,North,1
47,Female,44716.64,850.0,0.22,24,West,1
29,Female,47869.95,715.0,0.74,9,South,0
69,Female,43378.64,680.0,0.71,45,West,0
67,Female,35479.64,584.0,0.5,45,West,0
57,Male,63385.31,660.0,0.53,33,South,1
43,Male,34804.96,729.0,0.29,22,West,1
43,Female,41274.18,743.0,0.61,21,South,0
30,Female,73010.32,735.0,0.49,9,East,0
66,Female,57439.04,557.0,0.57,42,North,0
46,Female,53732.02,672.0,0.79,22,North,0
41,Male,56278.21,744.0,0.66,21,West,0
40,Female,68778.65,726.0,0.59,16,East,0
67,Female,95695.55,644.0,0.44,45,East,1
63,Female,89436.66,688.0,0.62,40,East,1
46,Male,44200.28,633.0,0.25,26,South,1
49,Male,63074.36,703.0,0.67,27,East,1
38,Male,77658.46,629.0,0.19,16,East,1
62,Female,83173.93,772.0,0.65,41,West,1
32,Female,58839.43,658.0,0.41,9,East,0
66,Female,77699.77,675.0,0.68,43,East,1
37,Female,70219.74,648.0,0.39,13,East,0
26,Female,49244.69,638.0,0.68,2,North,0
43,Female,44390.87,660.0,0.61,21,West,0
44,Female,61963.47,569.0,0.78,24,South,0
37,Male,36169.12,751.0,0.49,17,West,0
37,Female,104368.42,767.0,0.63,16,West,1
46,Female,65197.52,664.0,0.41,23,West,0
43,Female,62322.9,643.0,0.79,23,East,0
50,Male,66481.43,603.0,0.42,28,East,1
40,Female,59935.8,679.0,0.41,20,North,0
55,Female,80488.43,624.0,0.7,31,East,0
24,Female,86876.21,745.0,0.38,4,North,1
65,Male,103775.26,743.0,0.63,41,East,1
31,Female,39663.09,616.0,0.28,11,West,0
42,Male,82850.09,665.0,0.28,19,South,1
32,Female,70075.45,571.0,0.55,8,North,0
46,Male,25000.0,660.0,0.46,24,North,0
69,Male,68149.05,736.0,0.45,45,North,1
66,Male,67333.71,718.0,0.33,43,East,1
52,Male,102171.05,763.0,0.28,31,South,1
25,Male,57494.61,572.0,0.66,5,West,0
31,Female,76522.89,673.0,0.33,9,South,0
45,Female,67206.43,652.0,0.72,23,South,0
27,Male,29815.14,562.0,0.5,7,East,0
44,Male,106775.98,594.0,0.6,21,East,1
25,Male,54540.17,685.0,0.69,1,East,0
34,Female,85017.87,635.0,0.45,14,West,0
61,Female,62922.01,636.0,0.48,39,South,1
59,Male,58933.5,584.0,0.11,36,South,1
65,Male,86809.46,845.0,0.5,44,North,1
45,Female,55563.95,792.0,0.57,21,North,0
65,Female,74989.02,560.0,0.53,41,North,1
36,Female,69532.35,613.0,0.23,14,South,1
65,Male,52458.99,600.0,0.79,41,East,0
37,Male,53526.25,815.0,0.6,14,South,0
51,Male,81442.24,678.0,0.27,28,North,1
23,Male,37437.4,698.0,0.3,0,North,0
28,Male,83445.93,658.0,0.19,7,West,1
43,Male,108429.8,632.0,0.4,19,East,1
49,Female,25352.79,637.0,0.28,28,North,0
35,Male,46134.58,771.0,0.21,13,North,1
55,Male,77022.86,824.0,0.62,35,South,1
33,Male,25040.37,644.0,0.18,13,East,1
66,Female,44829.72,820.0,0.62,44,South,0
40,Male,48065.37,592.0,0.32,16,South,1
62,Female,76462.4,699.0,0.47,38,South,1
24,Female,63924.87,685.0,0.24,4,South,0
22,Female,44506.66,741.0,0.19,0,West,0
22,Female,100279.64,753.0,0.17,1,North,1
58,Female,79403.35,757.0,0.47,35,West,1
56,Male,115415.67,697.0,0.27,34,North,1
42,Male,60924.6,747.0,0.68,18,East,0
61,Female,63636.13,615.0,0.36,41,North,1
69,Male,60391.27,743.0,0.38,45,South,1
24,Male,100150.1,680.0,0.58,1,North,1
48,Male,88000.62,728.0,0.76,26,North,1
62,Female,66099.61,764.0,0.52,42,South,1
23,Male,70597.46,750.0,0.18,0,South,1
45,Male,87043.06,703.0,0.41,25,North,1
44,Female,51273.2,631.0,0.31,23,East,0
65,Female,64730.25,619.0,0.44,45,North,1
22,Female,51043.65,784.0,0.72,2,East,0
39,Female,63341.72,608.0,0.29,15,North,0
60,Female,58414.73,634.0,0.69,37,West,0
66,Female,49927.95,700.0,0.1,43,South,1
60,Female,62391.96,529.0,0.1,40,South,1
41,Female,70921.89,719.0,0.67,20,South,0
65,Male,73373.72,765.0,0.55,44,West,1
53,Female,64998.99,530.0,0.68,29,West,0
47,Male,75622.43,509.0,0.59,24,East,0
28,Female,107346.47,767.0,0.47,4,East,1
48,Female,71527.44,803.0,0.51,28,South,1
42,Male,59464.55,637.0,0.41,22,South,1
66,Female,56564.47,604.0,0.68,42,West,0
54,Female,60648.66,741.0,0.64,34,South,0
63,Male,54443.9,752.0,0.31,42,North,1
64,Female,33971.78,671.0,0.37,43,North,1
35,Male,44974.42,732.0,0.56,11,North,0
47,Male,25000.0,634.0,0.75,26,South,0
67,Female,68689.34,563.0,0.2,45,South,1
68,Female,78623.6,622.0,0.42,44,West,1
56,Female,66982.26,630.0,0.22,33,West,1
64,Female,51504.0,570.0,0.75,41,East,0
27,Male,74734.56,703.0,0.28,4,East,1
38,Male,75697.1,673.0,0.58,15,South,1
66,Male,60905.97,632.0,0.46,42,South,1
30,Female,82631.41,710.0,0.5,6,North,0
45,Female,67008.58,699.0,0.77,24,North,0
69,Female,59775.96,770.0,0.76,45,South,0
68,Female,73007.64,671.0,0.61,44,East,1
43,Female,58790.27,646.0,0.39,21,South,0
24,Male,39590.61,655.0,0.24,1,West,0
49,Female,76766.44,771.0,0.75,26,South,0
69,Male,63116.82,696.0,0.67,45,West,1
30,Male,63726.58,652.0,0.67,6,South,0
64,Male,82134.39,817.0,0.75,44,East,1
36,Male,49819.97,708.0,0.21,16,East,1
40,Male,63267.36,678.0,0.11,16,South,1
56,Male,74147.35,611.0,0.31,35,West,1
66,Female,64608.8,662.0,0.31,44,West,1
56,Male,81886.18,668.0,0.43,35,North,1
34,Female,63720.19,630.0,0.65,10,West,0
28,Female,88135.4,603.0,0.26,7,North,1
38,Male,63610.97,705.0,0.36,14,West,1
60,Male,31805.5,537.0,0.69,40,South,0
54,Female,75513.8,799.0,0.62,30,West,1
44,Male,48599.62,573.0,0.62,23,South,0
49,Male,76263.69,770.0,0.6,26,West,1
64,Female,34181.77,654.0,0.32,44,South,1
64,Female,79708.91,638.0,0.16,44,West,1
68,Female,92696.78,660.0,0.15,45,West,1
44,Male,55231.87,681.0,0.39,23,East,1
25,Female,102606.34,632.0,0.5,3,East,0
64,Male,41382.52,824.0,0.32,41,West,1
50,Male,69398.37,814.0,0.15,28,West,1
34,Female,53530.64,755.0,0.54,11,East,0
41,Female,54063.25,744.0,0.74,17,South,0
44,Male,62911.35,675.0,0.74,22,West,0
24,Female,61646.37,645.0,0.43,2,West,0
39,Female,69784.9,747.0,0.62,18,South,0
68,Male,86937.97,685.0,0.69,45,South,1
29,Female,44791.51,632.0,0.32,6,North,0
27,Female,69245.85,684.0,0.19,6,North,1
38,Male,36379.24,660.0,0.18,16,South,1
48,Female,56846.85,638.0,0.32,28,North,1
58,Male,25000.0,732.0,0.11,37,South,1
58,Female,109359.48,695.0,0.69,35,North,1
45,Female,36194.32,710.0,0.32,23,South,0
66,Female,62113.23,701.0,0.72,45,North,0
52,Male,90858.8,665.0,0.78,29,South,1
26,Female,43983.34,707.0,0.14,5,South,0
69,Male,74889.77,512.0,0.4,45,North,1
65,Male,72951.23,673.0,0.19,42,South,1
50,Female,70216.72,674.0,0.46,28,North,1
26,Female,25000.0,785.0,0.15,5,West,0
57,Male,56028.11,695.0,0.72,33,North,0
30,Male,69862.44,592.0,0.63,10,East,0
65,Male,44352.98,644.0,0.17,42,North,1
51,Female,70293.29,759.0,0.29,28,West,1
63,Male,84773.5,678.0,0.49,40,East,1
55,Female,42073.86,741.0,0.39,32,West,0
64,Male,25000.0,697.0,0.51,41,North,1
69,Male,107578.51,673.0,0.42,45,West,1
47,Male,58584.91,683.0,0.17,26,North,1
28,Male,62238.58,627.0,0.76,6,North,0
64,Male,34713.7,734.0,0.19,42,East,1
66,Female,34178.55,597.0,0.14,45,South,1
47,Male,55698.73,764.0,0.19,23,South,1
60,Male,87216.78,740.0,0.33,37,North,1
45,Female,86307.02,632.0,0.41,22,East,1
45,Male,25000.0,643.0,0.58,21,East,0
33,Female,41058.45,608.0,0.24,10,North,0
34,Female,83148.57,819.0,0.73,13,East,0
64,Female,59516.29,700.0,0.36,42,West,1
50,Female,92266.68,686.0,0.24,27,West,1
46,Male,34011.76,693.0,0.24,23,West,1
54,Male,45591.38,739.0,0.25,33,South,1
34,Female,73881.28,536.0,0.48,14,West,0
60,Male,62475.13,731.0,0.28,37,North,1
24,Female,100209.29,599.0,0.73,1,South,0
36,Male,73435.13,676.0,0.25,15,South,1
68,Male,58870.83,622.0,0.62,45,North,1
31,Male,82933.99,758.0,0.62,10,West,1
41,Male,82085.22,598.0,0.4,20,South,1
47,Male,76852.81,714.0,0.72,26,East,1
27,Female,39294.3,742.0,0.6,7,South,0
24,Male,41823.72,641.0,0.68,0,East,0
30,Female,59923.56,639.0,0.6,9,East,0
42,Female,39258.14,678.0,0.27,22,East,0
28,Male,84708.94,589.0,0.39,7,West,1
38,Female,47800.51,656.0,0.5,16,West,0
44,Male,46495.55,644.0,0.1,23,North,1
27,Female,83402.09,496.0,0.48,6,South,0
68,Female,50913.97,734.0,0.54,45,North,1
66,Female,27356.62,637.0,0.61,42,East,0
34,Male,67657.96,811.0,0.74,11,North,0
36,Female,70348.54,694.0,0.18,12,North,1
30,Female,35470.35,700.0,0.74,7,West,0
37,Female,82289.54,569.0,0.78,14,North,0
28,Female,51457.09,803.0,0.34,7,West,0
57,Female,80978.16,667.0,0.24,33,East,1
46,Female,30738.01,676.0,0.7,26,North,0
26,Male,55272.23,760.0,0.73,6,East,0
34,Male,57671.51,678.0,0.16,13,East,1
22,Male,57975.78,677.0,0.22,0,South,1
48,Female,69226.05,718.0,0.58,26,West,0
35,Male,68444.54,737.0,0.74,15,West,0
48,Female,60879.56,764.0,0.12,24,North,1
69,Female,42911.15,664.0,0.26,45,South,1
43,Male,85602.8,765.0,0.2,22,West,1
29,Male,38251.19,589.0,0.15,8,East,1
31,Female,38737.48,596.0,0.12,11,East,0
41,Female,44902.73,521.0,0.19,20,West,0
54,Female,71909.09,591.0,0.62,34,South,0
47,Male,41802.5,832.0,0.46,23,West,1
35,Male,71176.38,644.0,0.7,14,North,0
23,Male,38698.81,664.0,0.13,0,South,1
68,Female,45950.66,785.0,0.51,45,North,1
68,Male,58245.53,726.0,0.21,45,East,1
58,Female,71333.0,827.0,0.34,34,West,1
58,Female,58080.69,839.0,0.47,38,North,1
44,Male,55315.0,717.0,0.76,20,North,0
26,Male,58002.65,540.0,0.68,5,South,0
51,Male,82916.62,672.0,0.25,28,West,1
62,Male,96444.19,721.0,0.61,42,South,1
33,Female,66448.69,700.0,0.4,11,East,0
23,Female,59919.9,590.0,0.14,0,West,0
30,Male,66578.49,749.0,0.39,8,West,1
24,Female,82293.13,702.0,0.77,3,South,0
33,Male,61511.24,623.0,0.36,10,West,1
40,Female,72865.05,746.0,0.68,19,North,0
67,Male,65260.78,510.0,0.12,45,West,1
42,Female,70944.82,652.0,0.19,18,East,1
30,Male,87948.04,699.0,0.71,9,East,0
38,Female,41717.46,721.0,0.73,16,South,0
30,Female,34177.94,713.0,0.2,6,South,0
36,Male,52774.44,684.0,0.4,12,East,1
23,Male,78845.44,729.0,0.41,3,East,1
30,Female,43129.18,734.0,0.42,7,South,0
67,Female,25000.0,714.0,0.26,44,North,1
22,Male,63289.27,806.0,0.28,2,South,1
52,Male,72260.28,778.0,0.29,29,South,1
58,Female,63336.89,567.0,0.77,36,West,0
47,Female,61919.1,704.0,0.43,24,South,0
64,Male,41867.84,687.0,0.64,41,South,1
36,Female,25000.0,593.0,0.57,13,East,0
62,Male,86246.39,652.0,0.36,38,South,1
23,Male,50954.75,658.0,0.68,0,East,0
47,Male,71391.56,553.0,0.15,24,North,1
28,Female,70045.0,641.0,0.59,8,North,0
56,Female,46509.3,679.0,0.28,32,North,1
27,Male,89896.75,716.0,0.61,3,South,1
29,Female,80993.57,665.0,0.13,6,North,1
35,Female,48549.5,821.0,0.49,13,West,0
40,Male,75571.51,710.0,0.79,17,West,0
57,Male,51858.88,708.0,0.6,37,West,1
62,Female,77642.89,561.0,0.79,38,South,0
22,Male,80212.09,621.0,0.36,0,North,1
65,Male,43023.2,682.0,0.5,45,South,1
26,Female,38216.0,850.0,0.36,2,West,0
68,Male,59989.74,735.0,0.26,45,South,1
59,Male,100285.84,626.0,0.44,39,North,1
51,Female,79292.66,631.0,0.38,31,North,1
27,Male,67011.56,746.0,0.47,5,East,1
48,Male,69331.57,690.0,0.42,26,West,1
67,Male,34443.31,834.0,0.67,44,West,1
53,Female,51578.26,675.0,0.31,30,West,1
43,Female,65651.34,769.0,0.73,21,West,0
46,Female,75621.24,662.0,0.28,25,North,1
42,Male,98758.67,634.0,0.7,21,East,1
60,Male,30753.06,581.0,0.53,40,North,0
44,Male,71485.42,637.0,0.16,22,North,1
32,Male,62925.74,745.0,0.23,12,West,1
49,Female,55190.28,681.0,0.2,29,South,1
36,Male,78689.47,665.0,0.3,14,North,1
24,Female,99874.73,685.0,0.33,2,South,1
62,Female,25000.0,760.0,0.79,40,East,0
28,Male,84971.14,663.0,0.57,6,East,1
61,Male,48289.95,758.0,0.22,37,North,1
65,Female,50448.56,653.0,0.21,41,East,1
53,Female,98552.46,634.0,0.27,29,North,1
52,Female,90778.93,650.0,0.69,32,North,0
57,Female,56603.05,691.0,0.51,35,East,0
49,Male,41053.74,638.0,0.43,27,East,1
68,Male,25000.0,657.0,0.74,45,West,0
60,Male,42404.75,583.0,0.47,36,North,1
65,Female,38113.73,727.0,0.27,41,East,1
36,Male,74062.85,731.0,0.44,14,East,1
52,Male,71046.69,651.0,0.29,30,South,1
38,Female,65518.35,607.0,0.63,14,West,0
48,Female,66253.51,657.0,0.7,25,East,0
26,Female,95765.45,672.0,0.69,6,South,0
64,Female,55454.34,542.0,0.75,41,North,0
55,Male,69140.41,698.0,0.41,35,North,1
65,Male,32160.89,699.0,0.38,45,East,1
64,Male,48675.6,751.0,0.72,41,East,1
29,Male,63164.68,698.0,0.35,7,South,1
40,Male,81464.82,583.0,0.36,20,North,1
41,Female,64433.36,688.0,0.18,19,North,1
31,Male,77395.48,663.0,0.5,11,North,1
33,Female,104478.92,709.0,0.61,9,West,0
23,Male,82198.81,585.0,0.16,0,West,1
63,Male,92452.15,718.0,0.43,39,West,1
69,Male,67859.04,718.0,0.77,45,East,1
25,Male,53028.77,701.0,0.68,3,South,0
23,Male,74275.43,716.0,0.2,3,West,1
58,Male,62004.78,741.0,0.55,38,South,1
61,Female,33810.89,662.0,0.76,40,North,0
27,Female,52393.3,648.0,0.57,6,West,0
39,Male,51009.38,745.0,0.4,16,West,1
51,Female,102652.07,676.0,0.59,29,South,1
67,Male,93653.91,790.0,0.69,45,North,1
47,Female,37521.44,610.0,0.18,26,East,0
44,Female,31709.77,633.0,0.58,24,South,0
48,Female,66716.1,635.0,0.58,25,East,0
38,Male,48118.38,771.0,0.36,15,South,1
46,Female,95012.35,522.0,0.55,26,West,0
39,Male,41587.35,660.0,0.1,17,North,1
60,Male,89303.24,775.0,0.5,37,South,1
58,Female,43404.89,551.0,0.67,36,East,0
54,Male,63411.58,790.0,0.41,32,North,1
37,Female,65216.87,592.0,0.29,14,East,0
38,Female,77180.11,587.0,0.22,18,South,1
38,Male,72940.14,493.0,0.59,17,North,0
51,Male,89643.27,715.0,0.16,30,East,1
47,Female,48756.2,725.0,0.5,23,West,0
42,Male,61692.88,644.0,0.33,22,North,1
65,Male,73566.59,659.0,0.6,43,West,1
69,Male,54183.99,834.0,0.51,45,North,1
38,Male,62097.3,850.0,0.46,16,South,1
30,Male,54617.48,660.0,0.6,6,North,0
46,Male,55093.47,642.0,0.1,22,South,1
54,Female,86479.5,783.0,0.71,34,South,1
48,Female,56335.04,793.0,0.8,26,South,0
22,Male,63659.22,651.0,0.3,0,East,1
36,Male,67596.65,663.0,0.62,12,East,0
46,Male,91597.0,741.0,0.15,22,North,1
45,Male,45650.78,696.0,0.14,22,East,1
54,Female,77225.97,736.0,0.45,34,East,1
25,Male,97784.22,767.0,0.23,2,North,1
49,Female,87977.48,850.0,0.17,28,South,1
42,Female,66289.68,699.0,0.37,22,South,1
31,Male,41800.72,558.0,0.28,8,East,0
33,Male,81638.38,648.0,0.62,12,West,1
35,Male,37098.11,640.0,0.26,12,East,1
65,Male,42890.53,660.0,0.27,43,North,1
38,Male,53295.5,621.0,0.16,15,East,1
24,Female,98945.49,739.0,0.22,1,East,1
61,Male,67143.22,614.0,0.46,40,East,1
61,Female,34994.28,659.0,0.4,39,South,0
48,Male,68963.77,742.0,0.23,25,South,1
40,Female,66922.4,769.0,0.24,16,North,1
59,Female,100190.95,615.0,0.39,37,West,1
38,Male,70119.63,710.0,0.13,16,North,1
57,Male,61269.77,728.0,0.35,35,South,1
54,Female,89941.5,729.0,0.77,34,West,0
63,Female,58512.97,745.0,0.59,41,West,1
36,Female,94543.36,638.0,0.16,13,East,1
37,Male,78539.71,679.0,0.15,15,East,1
29,Male,61325.64,661.0,0.27,9,North,1
27,Female,69052.91,763.0,0.42,4,South,0
38,Male,85318.82,644.0,0.47,14,South,1
66,Male,91725.68,689.0,0.59,43,West,1
36,Male,68274.71,611.0,0.61,15,North,0
31,Male,76465.13,684.0,0.51,11,North,1
28,Female,50621.14,814.0,0.75,4,West,0
63,Female,95923.6,524.0,0.36,40,West,1
60,Female,65243.91,723.0,0.55,36,South,1
39,Female,86894.65,657.0,0.53,17,West,0
66,Female,90813.44,836.0,0.7,45,West,1
50,Male,67023.03,676.0,0.34,26,North,1
58,Male,66937.41,725.0,0.33,37,North,1
34,Female,52782.92,736.0,0.47,10,South,0
52,Male,25000.0,624.0,0.64,30,South,0
32,Female,64848.34,547.0,0.47,12,North,0
25,Female,68197.76,676.0,0.41,5,North,0
62,Female,98872.08,694.0,0.41,42,North,1
24,Female,25000.0,686.0,0.11,3,West,0
57,Male,70238.7,657.0,0.25,35,East,1
64,Male,47238.98,649.0,0.14,42,North,1
29,Male,57674.11,593.0,0.73,7,West,0
60,Female,71488.25,716.0,0.37,38,South,1
56,Male,65207.26,785.0,0.32,34,East,1
46,Male,77261.0,773.0,0.57,25,West,1
50,Female,42116.86,618.0,0.77,29,North,0
30,Female,71846.94,675.0,0.52,10,East,0
67,Male,53769.24,616.0,0.13,45,South,1
47,Male,93281.52,636.0,0.38,25,East,1
27,Male,60737.49,786.0,0.62,5,North,0
39,Female,61279.0,707.0,0.64,17,East,0
66,Female,60134.4,722.0,0.39,44,East,1
26,Male,82735.22,604.0,0.63,2,North,0
47,Male,71581.59,648.0,0.22,24,South,1
69,Male,84244.46,595.0,0.15,45,East,1
60,Female,75906.67,658.0,0.39,36,North,1
31,Female,95981.85,693.0,0.15,9,East,1
52,Male,70339.2,624.0,0.43,29,West,1
62,Female,74645.75,717.0,0.3,39,West,1
32,Female,69398.42,813.0,0.75,11,West,0
56,Male,42804.01,681.0,0.52,34,North,1
34,Female,72512.76,659.0,0.59,11,East,0
23,Male,77820.67,624.0,0.64,2,South,0
63,Male,72319.64,697.0,0.43,43,North,1
30,Male,61006.65,668.0,0.13,8,North,1
28,Male,104687.28,642.0,0.57,8,West,1
57,Male,51451.79,651.0,0.51,37,North,1
67,Male,64388.11,704.0,0.63,45,East,1
62,Male,77751.49,663.0,0.27,38,North,1
69,Female,76533.74,759.0,0.79,45,South,1
69,Female,88251.07,707.0,0.5,45,West,1
27,Male,85261.14,649.0,0.4,4,West,1
36,Male,70356.13,551.0,0.47,14,East,0
68,Male,63794.53,755.0,0.51,44,North,1
23,Male,56207.62,610.0,0.31,1,North,0
27,Female,85997.94,708.0,0.32,7,East,1
56,Female,74027.21,753.0,0.34,33,South,1
58,Female,76562.83,781.0,0.77,34,South,0
35,Male,80852.46,629.0,0.49,15,South,1
68,Female,34326.28,558.0,0.71,45,East,0
27,Female,87374.73,729.0,0.51,4,East,0
44,Female,56401.5,667.0,0.66,24,South,0
27,Female,74742.3,565.0,0.49,5,West,0
56,Female,69245.29,714.0,0.78,36,South,0
53,Female,50407.49,705.0,0.59,32,East,0
49,Female,73786.57,640.0,0.53,28,North,0
50,Male,73397.13,716.0,0.42,30,West,1
35,Male,69386.49,839.0,0.11,15,North,1
51,Female,56471.93,813.0,0.25,30,East,1
67,Female,89745.65,626.0,0.55,45,East,1
27,Female,56420.98,714.0,0.68,3,East,0
25,Female,47139.34,749.0,0.22,2,North,0
28,Female,72789.57,620.0,0.59,5,West,0
59,Female,87883.68,850.0,0.17,37,North,1
29,Female,71195.55,617.0,0.51,8,North,0
68,Male,77605.26,676.0,0.4,44,North,1
35,Male,106398.74,743.0,0.4,14,East,1
47,Female,65338.07,707.0,0.29,26,North,1
63,Male,74071.3,703.0,0.37,41,East,1
53,Female,69859.4,702.0,0.29,33,South,1
47,Female,84847.48,736.0,0.23,27,North,1
54,Male,53840.46,640.0,0.6,32,South,1
43,Female,46536.72,850.0,0.43,21,North,0
45,Female,58187.41,717.0,0.68,22,East,0
53,Male,34332.82,707.0,0.72,30,North,0
47,Male,81169.85,755.0,0.58,26,West,1
53,Male,63888.64,850.0,0.76,29,East,1
62,Female,84229.73,648.0,0.55,40,West,1
45,Female,76484.81,684.0,0.53,24,West,0
58,Male,25000.0,582.0,0.38,34,North,0
38,Female,51589.93,657.0,0.61,18,East,0
65,Male,76516.61,563.0,0.46,43,North,1
29,Male,42611.32,687.0,0.21,8,South,1
52,Female,60124.17,634.0,0.65,31,North,0
39,Male,60939.55,759.0,0.15,16,West,1
22,Female,81440.84,641.0,0.58,0,North,0
45,Male,55482.17,620.0,0.8,22,South,0
35,Male,39526.28,708.0,0.22,15,West,1
59,Male,76166.57,673.0,0.12,36,East,1
43,Male,40704.4,664.0,0.45,21,South,0
56,Male,87477.33,699.0,0.5,36,East,1
30,Female,25000.0,676.0,0.52,10,East,0
57,Male,73620.91,697.0,0.6,36,South,1
61,Female,59237.44,719.0,0.3,41,South,1
58,Male,41180.7,657.0,0.4,36,South,1
30,Male,45998.34,761.0,0.59,7,West,0
45,Female,48458.98,584.0,0.28,22,South,0
33,Female,73667.21,713.0,0.34,10,West,1
40,Male,56200.92,505.0,0.26,20,South,1
37,Female,84290.37,626.0,0.7,16,East,0
69,Female,75803.63,630.0,0.32,45,East,1
22,Male,58152.32,737.0,0.52,0,West,0
46,Male,63046.58,780.0,0.25,26,West,1
61,Male,63282.99,815.0,0.57,37,East,1
60,Female,26489.42,599.0,0.2,39,East,1
47,Female,48463.98,682.0,0.35,25,North,0
57,Female,25000.0,733.0,0.38,36,West,0
22,Female,69899.54,584.0,0.18,1,West,0
39,Male,78964.43,702.0,0.78,19,South,0
48,Male,91472.75,640.0,0.78,24,North,1
56,Female,80065.95,682.0,0.18,35,North,1
66,Male,35631.47,682.0,0.49,44,East,1
69,Male,77628.49,689.0,0.46,45,North,1
46,Male,64012.95,692.0,0.53,23,South,1
57,Female,46796.7,641.0,0.75,34,North,0
66,Female,59777.44,575.0,0.7,45,East,0
40,Male,70756.71,779.0,0.45,18,East,1
42,Male,108621.57,721.0,0.15,21,North,1
25,Male,66196.76,570.0,0.55,4,South,0
55,Male,61798.89,585.0,0.17,35,East,1
55,Male,25000.0,689.0,0.62,31,South,0
46,Female,56226.31,673.0,0.22,26,North,1
42,Female,47515.25,628.0,0.7,18,North,0
57,Female,82774.09,814.0,0.71,35,East,1
64,Female,75040.11,618.0,0.12,42,East,1
65,Female,57554.01,770.0,0.64,43,East,1
38,Male,47262.7,609.0,0.3,17,South,1
65,Female,69309.79,664.0,0.14,44,North,1
66,Male,80197.44,643.0,0.74,44,West,1
24,Male,75506.69,715.0,0.55,0,North,0
66,Female,59007.83,806.0,0.34,45,North,1
35,Female,58647.66,745.0,0.3,13,North,1
26,Male,84672.9,626.0,0.45,2,West,1
38,Female,50654.59,691.0,0.38,16,South,0
63,Male,54427.35,690.0,0.57,42,East,1
49,Female,25000.0,749.0,0.74,28,South,0
41,Female,71816.86,640.0,0.52,18,North,0
50,Female,55877.3,687.0,0.5,27,North,0
38,Male,52185.1,664.0,0.34,17,South,1
59,Female,77557.18,630.0,0.6,35,East,0
30,Male,66087.06,761.0,0.6,10,South,0
54,Female,60099.94,628.0,0.67,34,North,0
50,Male,56899.04,664.0,0.74,30,East,0
58,Male,29429.77,776.0,0.63,34,South,0
31,Female,70163.69,582.0,0.67,9,South,0
35,Male,65575.16,660.0,0.56,11,West,0
27,Male,92286.7,631.0,0.79,3,East,0
33,Female,51598.05,603.0,0.35,12,West,0
67,Male,87763.54,675.0,0.21,45,North,1
42,Male,87492.71,748.0,0.61,20,West,1
54,Male,51737.35,696.0,0.32,33,East,1
59,Male,55254.71,680.0,0.14,38,South,1
31,Female,73924.01,639.0,0.75,11,South,0
23,Female,77402.35,741.0,0.53,0,West,0
65,Male,68239.42,762.0,0.35,44,West,1
37,Female,35463.03,559.0,0.51,17,South,0
43,Female,32647.79,806.0,0.25,19,West,0
40,Male,68935.91,652.0,0.66,20,East,0
49,Female,60634.86,499.0,0.62,28,South,0
41,Female,93191.87,552.0,0.39,19,North,1
41,Female,66430.78,614.0,0.62,19,West,0
33,Male,44650.33,622.0,0.77,9,West,0
34,Male,66664.68,569.0,0.16,13,South,1
68,Male,63765.04,681.0,0.34,45,East,1
32,Male,94455.39,655.0,0.35,11,East,1
59,Female,41559.87,674.0,0.17,39,East,1
36,Male,68740.96,680.0,0.13,13,West,1
30,Female,83111.07,708.0,0.61,9,South,0
44,Female,59739.68,674.0,0.2,21,West,1
69,Female,43934.67,659.0,0.58,45,North,0
39,Female,67174.33,642.0,0.11,18,East,1
24,Female,68408.21,712.0,0.66,1,East,0
38,Male,33203.33,528.0,0.23,18,South,0
69,Female,81881.8,744.0,0.2,45,East,1
32,Female,58552.06,636.0,0.59,8,South,0
48,Female,40872.16,701.0,0.63,26,South,0
66,Female,83758.79,686.0,0.45,45,South,1
65,Female,68389.99,734.0,0.62,42,East,1
62,Male,48284.46,583.0,0.61,42,North,1
67,Female,39252.3,729.0,0.48,43,North,0
69,Male,88096.88,704.0,0.19,45,North,1
54,Female,56544.36,809.0,0.44,30,South,1
43,Male,80207.17,748.0,0.71,20,North,1
23,Female,80654.82,591.0,0.21,0,South,0
54,Male,104489.09,674.0,0.15,33,South,1
41,Female,49387.25,698.0,0.5,19,West,0
54,Male,65853.68,628.0,0.1,30,South,1
58,Male,83334.29,739.0,0.26,35,West,1
45,Female,88918.85,728.0,0.74,22,North,0
35,Male,36743.8,493.0,0.11,11,North,1
60,Male,83773.86,743.0,0.65,39,North,1
65,Male,64255.72,781.0,0.23,41,East,1
69,Female,69140.19,673.0,0.8,45,North,0
64,Female,53154.38,678.0,0.73,42,North,0
35,Male,80974.52,796.0,0.76,11,West,0
37,Male,71008.97,592.0,0.39,16,North,1
64,Female,69072.91,599.0,0.31,42,North,1
60,Male,84138.23,643.0,0.54,39,North,1
54,Female,46146.08,583.0,0.56,32,West,0
41,Male,47826.65,691.0,0.18,20,West,1
29,Female,68948.84,697.0,0.29,5,North,0
43,Female,56542.1,628.0,0.68,19,North,0
47,Female,57746.76,651.0,0.32,25,South,1
61,Female,73600.84,666.0,0.73,37,North,0
64,Female,70520.01,807.0,0.41,43,South,1
62,Male,58785.0,556.0,0.2,41,East,1
22,Female,44140.17,612.0,0.52,1,East,0
59,Female,53094.82,627.0,0.7,37,West,0
61,Male,57211.89,664.0,0.4,40,North,1
69,Female,68495.15,741.0,0.74,45,West,0
34,Female,46026.68,718.0,0.38,12,North,0
36,Male,78582.55,619.0,0.45,13,East,1
33,Male,70983.36,729.0,0.2,9,North,1
59,Male,66418.25,640.0,0.19,38,South,1
26,Male,59971.75,843.0,0.61,5,South,0
59,Male,40906.85,629.0,0.7,37,West,0
47,Female,76393.49,709.0,0.43,24,East,1
39,Male,60471.24,689.0,0.22,19,East,1
40,Female,64415.88,622.0,0.53,20,South,0
52,Female,25000.0,718.0,0.52,29,West,0
50,Male,80919.69,575.0,0.6,26,West,1
38,Female,103322.51,613.0,0.78,14,East,0
26,Male,58278.42,553.0,0.73,5,East,0
69,Female,82496.17,646.0,0.37,45,South,1
64,Female,98173.71,671.0,0.29,43,West,1
39,Female,57960.92,670.0,0.26,15,West,0
58,Male,75544.96,656.0,0.38,35,North,1
41,Female,73874.88,620.0,0.25,17,North,1
30,Female,59869.94,692.0,0.4,10,South,0
63,Female,80466.12,729.0,0.26,41,West,1
46,Female,55502.26,636.0,0.67,25,North,0
68,Male,47762.84,588.0,0.48,44,South,1
29,Male,95936.83,806.0,0.19,9,West,1
31,Male,51737.99,654.0,0.22,7,North,1
68,Female,71453.8,619.0,0.72,45,South,0
48,Male,53667.8,633.0,0.31,28,South,1
47,Male,53356.32,660.0,0.34,27,East,1
57,Male,87841.66,726.0,0.27,37,North,1
38,Male,57706.34,530.0,0.22,18,West,1
44,Female,81016.27,739.0,0.43,23,South,1
26,Female,88974.13,732.0,0.59,2,North,0
35,Female,63004.46,756.0,0.64,13,North,0
29,Male,95604.52,655.0,0.75,6,South,0
32,Female,86503.41,525.0,0.7,11,South,0
68,Female,64127.96,803.0,0.56,45,South,1
63,Male,75816.64,649.0,0.61,42,South,1
32,Male,59283.92,754.0,0.76,11,South,0
58,Female,73360.42,584.0,0.33,34,North,1
49,Female,49916.46,741.0,0.35,29,East,1
31,Male,81165.28,682.0,0.26,9,South,1
29,Male,95152.88,651.0,0.55,5,West,1
33,Female,91292.23,666.0,0.77,10,North,0
64,Female,73725.35,746.0,0.14,40,East,1
33,Male,94034.72,850.0,0.47,12,West,1
32,Female,49433.05,668.0,0.76,8,North,0
40,Female,82426.54,669.0,0.43,20,East,1
59,Male,90200.35,646.0,0.69,38,East,1
26,Female,95122.81,642.0,0.45,4,West,0
69,Female,68409.66,596.0,0.36,45,West,1
60,Male,90810.44,632.0,0.21,37,South,1
58,Male,57045.88,711.0,0.44,37,North,1
34,Female,72940.11,599.0,0.31,12,North,0
31,Male,67136.12,685.0,0.1,11,South,1
48,Male,59401.19,700.0,0.52,24,East,1
67,Male,76787.04,674.0,0.27,44,East,1
69,Female,73955.18,658.0,0.72,45,South,0
31,Female,48868.09,731.0,0.39,11,South,0
41,Female,42235.71,641.0,0.16,21,South,1
40,Female,50748.42,717.0,0.29,17,North,0
53,Male,47128.39,745.0,0.79,32,West,0
38,Female,30371.13,678.0,0.48,18,East,0
23,Male,66766.39,680.0,0.31,0,North,1
57,Female,63128.77,582.0,0.66,33,South,0
65,Male,67692.39,761.0,0.43,43,North,1
41,Female,74563.47,813.0,0.19,18,North,1
69,Male,58823.92,549.0,0.28,45,West,1
31,Male,83985.11,609.0,0.19,7,East,1
24,Male,78906.7,753.0,0.41,4,West,1
62,Female,65382.26,675.0,0.2,41,East,1
37,Female,42247.44,638.0,0.15,13,North,0
67,Male,39122.88,546.0,0.47,45,East,1
22,Female,59538.13,813.0,0.57,1,East,0
37,Female,73323.44,727.0,0.33,14,East,1
31,Male,65226.95,685.0,0.29,9,North,1
36,Male,56961.75,700.0,0.61,12,West,0
42,Female,70551.22,629.0,0.51,22,West,0
65,Male,40189.42,647.0,0.3,45,West,1
47,Male,56907.29,720.0,0.33,25,West,1
42,Male,68851.59,773.0,0.39,20,West,1
27,Male,77079.93,706.0,0.53,4,South,1
68,Male,70499.36,720.0,0.23,45,South,1
34,Male,62069.28,588.0,0.32,14,West,1
29,Male,74025.83,778.0,0.26,7,North,1
38,Female,85310.01,649.0,0.76,18,West,0
48,Female,107903.18,599.0,0.32,27,North,1
53,Male,33604.06,753.0,0.49,32,North,1
30,Female,66281.99,536.0,0.5,8,North,0
56,Female,56511.89,615.0,0.72,33,North,0
55,Female,81822.52,682.0,0.65,35,North,1
23,Male,25000.0,546.0,0.65,2,East,0
28,Male,79539.84,663.0,0.74,6,East,0
44,Female,89378.83,650.0,0.78,23,East,0
30,Female,52068.01,546.0,0.51,8,East,0
37,Male,52219.6,686.0,0.7,17,West,0
46,Female,31536.8,781.0,0.48,25,West,0
50,Male,66908.58,745.0,0.72,29,West,1
51,Female,25000.0,651.0,0.72,28,South,0
55,Male,74817.14,850.0,0.54,34,East,1
47,Female,38510.58,612.0,0.71,27,East,0
47,Female,90034.43,751.0,0.36,24,West,1
57,Male,103224.03,654.0,0.5,37,South,1
44,Male,35083.31,743.0,0.76,21,East,0
57,Female,55770.58,652.0,0.34,37,South,1
52,Female,52531.05,692.0,0.37,31,West,1
41,Female,59985.33,678.0,0.43,20,East,0
50,Female,25000.0,604.0,0.26,30,North,0
62,Female,25222.97,527.0,0.2,42,West,0
68,Male,41909.48,766.0,0.63,45,East,1
24,Female,33972.23,620.0,0.14,0,South,0
26,Male,103228.94,718.0,0.39,2,West,1
24,Female,66499.44,741.0,0.29,4,West,0
32,Male,89058.35,595.0,0.18,11,West,1
62,Female,54398.99,850.0,0.65,39,West,1
25,Male,80059.9,597.0,0.75,2,East,0
35,Female,74934.03,572.0,0.74,15,South,0
43,Female,80111.96,597.0,0.12,21,South,1
41,Male,42561.11,561.0,0.42,19,East,0
60,Male,28883.06,651.0,0.65,38,East,0
33,Male,59613.17,607.0,0.57,11,West,0
56,Female,58346.24,673.0,0.55,36,East,0
53,Female,52450.14,645.0,0.65,33,South,0
60,Female,47984.0,549.0,0.72,38,South,0
67,Female,46155.84,789.0,0.3,43,North,1
64,Male,85552.9,660.0,0.22,43,West,1
22,Female,52297.13,724.0,0.6,2,South,0
50,Male,76851.13,785.0,0.22,26,East,1
65,Female,25000.0,616.0,0.75,42,South,0
29,Female,78159.07,667.0,0.73,8,West,0
63,Female,32492.7,663.0,0.32,42,South,1
44,Male,88453.14,558.0,0.11,23,East,1
35,Female,71456.54,617.0,0.15,12,North,1
63,Female,74226.41,734.0,0.18,41,North,1
33,Male,60930.09,626.0,0.5,9,North,0
27,Female,65995.86,741.0,0.65,4,South,0
47,Male,64436.41,637.0,0.52,25,West,1
67,Female,103543.8,736.0,0.53,43,East,1
24,Male,49108.8,633.0,0.45,4,North,0
68,Male,67611.58,701.0,0.41,45,East,1
29,Male,98329.84,663.0,0.43,9,North,1
68,Female,81834.97,572.0,0.55,45,North,1
42,Female,111104.89,574.0,0.43,20,West,1
33,Female,78458.32,719.0,0.69,13,West,0
35,Female,46272.19,559.0,0.32,12,South,0
32,Female,75360.04,717.0,0.57,12,West,0
62,Female,54929.56,500.0,0.79,39,North,0
60,Male,33124.09,805.0,0.19,37,South,1
23,Female,105360.85,727.0,0.32,1,West,1
44,Female,57264.73,713.0,0.2,20,North,1
23,Male,68368.92,643.0,0.39,0,East,1
23,Female,36451.95,671.0,0.24,2,East,0
57,Female,42241.02,666.0,0.27,37,South,1
33,Male,63172.79,624.0,0.5,9,North,0
36,Female,40726.0,582.0,0.31,14,West,0
36,Female,68147.53,524.0,0.65,12,East,0
32,Female,37053.73,575.0,0.21,10,West,0
62,Female,32279.83,738.0,0.67,41,South,0
43,Male,110026.36,724.0,0.53,21,North,1
29,Female,59615.62,706.0,0.63,8,East,0
44,Male,55949.48,692.0,0.43,21,West,1
59,Male,70499.91,720.0,0.79,39,West,1
30,Male,63747.66,672.0,0.56,10,East,0
23,Female,70459.71,686.0,0.76,1,East,0
27,Male,65912.95,591.0,0.52,6,North,0
32,Female,62373.35,710.0,0.33,11,North,0
33,Female,62380.76,604.0,0.71,12,South,0
58,Female,41897.78,690.0,0.1,35,South,1
63,Female,76172.37,558.0,0.51,39,North,1
58,Female,48657.62,618.0,0.68,35,West,0
63,Male,67197.4,629.0,0.33,42,East,1
64,Female,101356.05,606.0,0.24,44,South,1
22,Male,104216.21,704.0,0.14,1,East,1
47,Male,68228.27,642.0,0.74,25,West,0
43,Male,30255.53,656.0,0.2,23,East,1
40,Male,69659.36,737.0,0.69,16,West,0
59,Female,64881.57,762.0,0.59,36,West,1
35,Male,59615.05,706.0,0.65,11,East,0
69,Male,59967.64,690.0,0.52,45,West,1
25,Male,51306.73,504.0,0.79,2,North,0
43,Female,48859.88,657.0,0.41,22,East,0
57,Male,91742.1,725.0,0.13,34,East,1
52,Female,59555.61,705.0,0.46,30,North,0
55,Male,81611.05,565.0,0.11,35,North,1
31,Female,51309.28,716.0,0.21,11,North,0
68,Female,93892.57,674.0,0.34,45,North,1
39,Male,56634.31,744.0,0.31,19,East,1
46,Male,76368.01,606.0,0.61,23,North,1
60,Female,52644.4,672.0,0.73,37,East,0
37,Female,70187.79,655.0,0.37,15,East,0
65,Female,71883.41,721.0,0.15,41,South,1
61,Male,25000.0,677.0,0.37,41,West,1
60,Female,89130.92,713.0,0.65,40,West,1
40,Male,74204.91,776.0,0.41,18,East,1
40,Male,67220.97,717.0,0.41,18,East,1
64,Female,68381.39,734.0,0.42,42,West,1
59,Female,78478.37,734.0,0.53,38,East,1
52,Male,81555.81,626.0,0.38,28,West,1
42,Female,87519.26,612.0,0.5,21,South,0
33,Female,51206.63,683.0,0.45,11,West,0
32,Male,89988.75,724.0,0.35,8,East,1
63,Female,54411.2,669.0,0.18,40,South,1
26,Male,34174.68,672.0,0.45,6,East,0
65,Female,70113.3,584.0,0.15,41,South,1
28,Female,50341.9,675.0,0.35,5,East,0
63,Female,77241.09,688.0,0.54,42,North,1
45,Female,53968.45,740.0,0.59,21,West,0
28,Male,65524.06,762.0,0.24,4,West,1
49,Female,63855.44,630.0,0.48,28,South,0
67,Male,78566.56,611.0,0.44,45,West,1
55,Female,81209.72,716.0,0.49,33,West,1
61,Female,101274.92,586.0,0.19,40,South,1
33,Male,67035.15,586.0,0.76,12,West,0
59,Female,73597.3,609.0,0.65,35,East,0
58,Female,76427.19,664.0,0.45,35,South,1
56,Female,29169.27,659.0,0.59,33,West,0
50,Male,59351.07,602.0,0.61,27,North,0
65,Female,59076.6,805.0,0.35,43,North,1
65,Female,67570.25,596.0,0.33,42,South,1
56,Female,75917.4,610.0,0.14,34,South,1
37,Male,89396.5,759.0,0.65,13,South,1
25,Female,38189.61,741.0,0.18,4,North,0
35,Male,44924.3,619.0,0.52,12,South,0
39,Female,68565.71,729.0,0.53,15,East,0
62,Male,65357.4,704.0,0.74,40,South,1
58,Female,66719.22,642.0,0.39,36,South,1
39,Female,40588.62,531.0,0.71,19,South,0
26,Male,76642.36,731.0,0.26,5,East,1
63,Female,117871.27,693.0,0.24,40,West,1
32,Female,77821.38,661.0,0.68,12,West,0
64,Female,79258.01,540.0,0.56,42,South,1
66,Male,55560.21,727.0,0.69,43,East,1
29,Female,86842.11,658.0,0.28,6,South,1
47,Female,70831.65,661.0,0.61,24,West,0
56,Female,75492.37,591.0,0.65,36,East,0
33,Male,58684.92,691.0,0.49,12,North,1
66,Female,91912.11,664.0,0.42,42,West,1
47,Female,42856.97,759.0,0.69,26,West,0
28,Female,66626.1,639.0,0.45,7,South,0
56,Male,48895.96,711.0,0.53,35,South,1
64,Male,73718.49,614.0,0.7,42,West,1
44,Female,85137.09,684.0,0.42,24,North,1
56,Female,51055.16,766.0,0.2,36,North,1
39,Female,59273.57,647.0,0.16,18,East,1
60,Male,45901.49,631.0,0.73,38,South,0
39,Female,53524.2,764.0,0.21,16,East,1
33,Male,25000.0,563.0,0.49,10,South,0
26,Male,51602.23,621.0,0.29,6,South,1
28,Male,67947.49,743.0,0.26,8,West,1
66,Male,51838.96,661.0,0.25,42,East,1
65,Male,49841.44,785.0,0.43,41,North,1
30,Female,53066.0,740.0,0.5,6,West,0
57,Female,74423.88,749.0,0.65,34,East,1
69,Male,71218.55,634.0,0.75,45,North,1
68,Female,65398.8,752.0,0.58,45,East,1
55,Female,74431.32,701.0,0.17,35,West,1
49,Male,80477.45,771.0,0.69,26,North,1
52,Female,76630.99,734.0,0.54,31,West,1
40,Female,85482.93,588.0,0.15,17,West,1
26,Male,95462.6,707.0,0.7,5,East,1
28,Female,31807.65,620.0,0.29,8,South,0
65,Female,85327.82,625.0,0.33,42,South,1
29,Male,89649.08,780.0,0.34,5,North,1
41,Female,90717.27,850.0,0.15,18,South,1
29,Female,25000.0,609.0,0.37,5,West,0
37,Female,60448.22,699.0,0.76,16,North,0
46,Female,34695.92,652.0,0.23,23,North,0
22,Male,51839.12,617.0,0.37,0,North,0
58,Male,58302.4,651.0,0.13,37,West,1
35,Male,81501.96,637.0,0.38,12,South,1
34,Female,50824.4,689.0,0.27,11,South,0
33,Female,43873.56,581.0,0.48,11,South,0
69,Male,35363.42,741.0,0.41,45,East,1
68,Female,70826.67,673.0,0.23,45,North,1
46,Female,76077.66,647.0,0.46,26,West,1
30,Male,80866.62,594.0,0.43,10,South,1
30,Female,52403.49,846.0,0.68,8,West,0
36,Female,93869.9,665.0,0.56,12,South,0
45,Male,70504.02,545.0,0.49,22,North,1
32,Female,54511.83,791.0,0.77,9,North,0
23,Female,41367.87,700.0,0.6,0,West,0
57,Male,77331.21,654.0,0.37,35,West,1
42,Female,57249.64,756.0,0.77,21,East,0
62,Female,34528.24,568.0,0.46,38,South,0
48,Female,99489.88,684.0,0.66,25,West,1
54,Female,38857.96,673.0,0.5,31,South,0
43,Female,60979.68,737.0,0.41,22,East,1
24,Male,71463.02,679.0,0.65,1,South,0
33,Female,54993.81,644.0,0.58,13,South,0
34,Female,71104.24,729.0,0.76,13,North,0
36,Female,56191.18,598.0,0.7,13,West,0
35,Male,49014.17,779.0,0.49,15,West,1
35,Male,69882.54,618.0,0.75,13,East,0
23,Female,97121.66,715.0,0.23,0,East,1
66,Female,67539.41,773.0,0.35,43,West,1
46,Female,36147.78,624.0,0.39,26,North,0
62,Female,62945.96,730.0,0.15,38,North,1
48,Male,78445.09,693.0,0.24,24,West,1
54,Male,57287.85,690.0,0.68,31,South,1
40,Female,84318.79,694.0,0.14,18,South,1
37,Female,61947.62,692.0,0.71,14,East,0
35,Male,65983.06,691.0,0.45,13,West,1
32,Male,102317.72,585.0,0.27,10,North,1
49,Male,45985.73,663.0,0.59,28,North,0
44,Female,38345.14,579.0,0.68,24,East,0
59,Female,57250.12,595.0,0.31,39,South,1
58,Female,67558.35,594.0,0.5,34,West,0
34,Male,89618.65,695.0,0.33,14,North,1
53,Male,54566.83,756.0,0.6,29,North,1
54,Female,79416.05,667.0,0.63,32,North,0
25,Female,80657.55,714.0,0.3,3,North,1
31,Male,55639.95,651.0,0.37,7,North,1
38,Male,92587.88,649.0,0.7,18,West,1
69,Male,77005.7,668.0,0.44,45,West,1
27,Male,110683.74,669.0,0.49,6,North,1
61,Male,37562.03,738.0,0.62,38,West,1
59,Male,73439.34,755.0,0.7,36,West,1
37,Male,36298.01,631.0,0.69,17,North,0
64,Female,61806.26,667.0,0.21,42,South,1
50,Female,85772.12,673.0,0.59,27,South,1
61,Female,53242.28,668.0,0.75,38,South,0
40,Male,38825.63,721.0,0.65,19,West,0
39,Female,54176.81,745.0,0.36,19,West,0
35,Male,91905.83,688.0,0.63,12,North,1
46,Female,73444.13,684.0,0.69,26,East,0
64,Male,57104.85,618.0,0.16,43,North,1
41,Female,88969.53,752.0,0.23,20,East,1
29,Female,47922.41,651.0,0.76,6,East,0
38,Female,62193.23,770.0,0.65,18,North,0
40,Male,25379.51,639.0,0.59,19,West,0
57,Male,59600.5,629.0,0.33,35,East,1
26,Male,52382.71,688.0,0.46,2,East,0
34,Male,78597.27,616.0,0.49,11,East,1
56,Male,60675.49,592.0,0.42,35,North,1
40,Male,46922.21,663.0,0.33,18,South,1
41,Female,78496.05,688.0,0.22,21,North,1
31,Female,44784.85,652.0,0.43,9,West,0
33,Female,86450.93,712.0,0.6,10,East,0
64,Female,64775.8,636.0,0.24,40,South,1
26,Male,115402.16,736.0,0.15,4,West,1
67,Male,65522.23,605.0,0.71,43,South,1
66,Female,66103.29,708.0,0.59,45,East,1
51,Male,65654.65,773.0,0.47,27,South,1
50,Male,74364.97,765.0,0.6,30,South,1
33,Female,69832.46,718.0,0.75,12,South,0
66,Female,65367.31,693.0,0.4,45,North,1
66,Female,45903.37,703.0,0.75,43,North,0
49,Male,63203.68,649.0,0.26,25,East,1
25,Female,49379.85,762.0,0.63,4,West,0
51,Male,57951.9,746.0,0.68,29,North,1
43,Male,37256.53,652.0,0.55,20,East,0
38,Male,70719.72,707.0,0.73,16,South,0
25,Male,53011.98,717.0,0.58,2,South,0
62,Male,77548.23,656.0,0.76,41,East,1
44,Male,50808.81,707.0,0.21,23,West,1
43,Male,25000.0,568.0,0.33,19,East,0
23,Female,66212.75,700.0,0.79,2,West,0
34,Male,64207.73,674.0,0.66,10,East,0
67,Female,73440.66,728.0,0.27,43,East,1
37,Male,70213.92,850.0,0.42,16,South,1
67,Male,131909.49,631.0,0.38,43,West,1
52,Male,92830.87,745.0,0.57,28,West,1
38,Female,62633.01,759.0,0.79,18,West,0
32,Male,80050.37,699.0,0.54,8,South,1
38,Female,61167.89,578.0,0.28,14,West,0
32,Male,57311.18,544.0,0.62,12,North,0
64,Female,34954.54,716.0,0.67,41,East,0
60,Male,71583.24,536.0,0.24,36,West,1
50,Female,32376.72,584.0,0.13,29,North,0
56,Male,75526.52,725.0,0.25,32,North,1
26,Female,50748.44,850.0,0.73,4,North,0
46,Male,25000.0,657.0,0.5,22,North,0
33,Male,25352.03,546.0,0.59,10,West,0
49,Male,90254.55,708.0,0.22,28,East,1
49,Male,52077.06,741.0,0.28,26,East,1
28,Male,37758.25,606.0,0.59,6,North,0
45,Female,111777.2,592.0,0.61,22,South,1
64,Male,72448.07,603.0,0.79,42,West,1
24,Male,61001.48,643.0,0.42,3,West,0
48,Female,51711.12,748.0,0.2,28,West,1
47,Female,92425.67,534.0,0.58,27,East,0
53,Male,88984.75,657.0,0.63,32,West,1
65,Female,61551.47,660.0,0.71,44,East,0
61,Female,52018.53,600.0,0.63,37,East,0
30,Female,87769.77,720.0,0.79,7,South,0
24,Female,28926.57,630.0,0.29,1,East,0
64,Male,65231.41,690.0,0.69,44,South,1
23,Male,85008.54,585.0,0.69,2,East,0
24,Male,31768.95,784.0,0.42,0,North,0
64,Female,84317.35,675.0,0.21,40,South,1
59,Female,86311.28,681.0,0.3,36,South,1
35,Female,61313.09,487.0,0.17,15,North,0
30,Male,81009.6,633.0,0.78,10,West,0
34,Female,38099.04,519.0,0.69,13,West,0
50,Female,25880.32,656.0,0.2,29,North,0
41,Male,72145.71,645.0,0.64,19,South,0
53,Female,54457.07,694.0,0.63,32,South,0
64,Male,58619.37,657.0,0.43,43,East,1
57,Male,78763.82,613.0,0.41,33,West,1
27,Male,67531.24,616.0,0.58,7,West,0
52,Male,25000.0,613.0,0.17,30,North,1
44,Female,67815.91,775.0,0.27,24,North,1
42,Male,76881.96,522.0,0.38,20,North,1
43,Female,60930.96,603.0,0.64,23,South,0
54,Female,51053.32,607.0,0.66,32,South,0
52,Male,80721.65,799.0,0.25,32,West,1
47,Male,69192.95,637.0,0.24,26,West,1
30,Female,83077.47,733.0,0.13,7,East,1
47,Male,34512.17,717.0,0.48,23,North,0
31,Female,55006.1,695.0,0.23,10,West,0
27,Male,48211.71,761.0,0.72,3,North,0
25,Female,59280.55,707.0,0.78,4,South,0
27,Female,81471.03,496.0,0.29,7,East,0
48,Female,77537.86,721.0,0.75,26,North,0
28,Female,83331.48,766.0,0.15,7,South,1
40,Male,103446.92,694.0,0.61,19,East,1
29,Male,68866.53,686.0,0.35,7,West,1
44,Female,73463.96,605.0,0.55,24,East,0
30,Male,38544.69,666.0,0.71,9,South,0
39,Female,68749.37,603.0,0.16,15,East,1
31,Female,96828.71,739.0,0.49,10,West,1
45,Male,74105.63,636.0,0.42,23,West,1
56,Female,81200.95,711.0,0.29,32,East,1
36,Male,71776.7,676.0,0.11,14,North,1
51,Female,69503.19,730.0,0.54,30,West,1
62,Female,73868.4,750.0,0.48,39,North,1
40,Male,56795.46,766.0,0.34,17,West,1
66,Male,83729.5,635.0,0.59,45,North,1
43,Male,82408.87,472.0,0.56,19,North,0
42,Female,77206.01,779.0,0.65,19,South,0
52,Male,51379.21,738.0,0.71,31,South,0
59,Male,73755.14,683.0,0.61,37,South,1
41,Female,52037.52,712.0,0.74,17,South,0
67,Male,61150.9,649.0,0.71,43,East,1
32,Male,25838.47,502.0,0.26,12,North,0
37,Female,54566.02,646.0,0.64,17,South,0
37,Female,40715.03,633.0,0.69,14,South,0
22,Female,59878.52,663.0,0.5,2,South,0
69,Female,84004.09,722.0,0.49,45,East,1
65,Male,39301.12,759.0,0.11,43,East,1
28,Female,86487.65,620.0,0.37,7,West,0
26,Male,75306.41,679.0,0.41,6,East,1
41,Male,76946.89,723.0,0.52,17,East,1
37,Female,71420.74,744.0,0.73,15,North,0
68,Male,46939.03,644.0,0.72,44,South,0
47,Male,66189.07,646.0,0.51,23,West,1
41,Male,37072.03,786.0,0.74,17,South,0
67,Male,46282.81,750.0,0.55,43,South,1
63,Male,71575.83,628.0,0.25,43,West,1
57,Male,65320.51,598.0,0.75,37,East,0
59,Male,67163.76,734.0,0.41,39,West,1
43,Female,55677.39,683.0,0.71,20,East,0
55,Male,33213.08,636.0,0.41,34,South,1
35,Female,70317.58,708.0,0.52,15,South,0
30,Male,52961.22,765.0,0.33,8,East,1
26,Female,33113.34,753.0,0.23,6,North,0
39,Male,103005.23,784.0,0.11,19,East,1
61,Male,51129.84,728.0,0.31,37,North,1
22,Male,57987.52,704.0,0.5,1,North,0
60,Female,71724.89,650.0,0.26,39,South,1
23,Male,58399.2,765.0,0.25,2,North,1
69,Female,67465.05,730.0,0.5,45,West,1
47,Female,108060.43,615.0,0.11,24,South,1
50,Female,82440.29,796.0,0.57,28,North,1
31,Male,79963.86,713.0,0.75,11,North,0
44,Female,50883.17,609.0,0.51,24,North,0
22,Male,98276.41,602.0,0.53,0,East,1
60,Male,81371.65,657.0,0.64,39,South,1
40,Female,59179.69,637.0,0.39,16,North,0
50,Male,69695.39,655.0,0.27,30,West,1
42,Female,51537.61,665.0,0.14,18,North,1
44,Male,61968.52,612.0,0.51,21,North,1
37,Male,59127.21,639.0,0.78,15,West,0
46,Female,42999.73,711.0,0.39,25,West,0
56,Female,88736.32,679.0,0.68,36,North,1
27,Female,27681.28,547.0,0.47,3,South,0
28,Male,70558.34,596.0,0.32,6,South,1
42,Female,84016.87,719.0,0.76,18,East,0
42,Female,31484.07,702.0,0.32,20,North,0
25,Male,69925.86,585.0,0.32,4,South,1
24,Female,46370.73,759.0,0.17,3,East,0
22,Male,81232.98,682.0,0.48,0,South,1
31,Male,58575.62,806.0,0.35,9,South,1
55,Female,58032.78,705.0,0.37,32,South,1
54,Male,62122.42,740.0,0.21,31,West,1
46,Male,66402.9,687.0,0.25,24,East,1
32,Male,50497.36,622.0,0.15,10,West,1
48,Male,65189.71,733.0,0.34,25,West,1
42,Female,82974.5,665.0,0.19,19,East,1
52,Female,90444.9,716.0,0.68,30,West,1
30,Male,80545.5,643.0,0.39,10,South,1
50,Male,69230.99,641.0,0.26,30,South,1
44,Female,27380.94,670.0,0.4,21,East,0
62,Female,60844.34,671.0,0.18,40,West,1
43,Female,70673.77,677.0,0.69,19,West,0
69,Male,77260.53,505.0,0.15,45,South,1
42,Female,74325.31,745.0,0.68,19,North,0
67,Male,46019.73,579.0,0.14,45,North,1
38,Male,43685.16,588.0,0.75,15,North,0
25,Male,64873.3,597.0,0.27,1,West,1
49,Male,75950.92,631.0,0.16,27,West,1
61,Male,70420.33,707.0,0.46,40,North,1
68,Female,66399.02,532.0,0.28,45,West,1
39,Female,74163.42,688.0,0.52,18,West,0
36,Female,64391.72,672.0,0.43,16,East,0
22,Male,39258.79,760.0,0.49,1,East,0
66,Female,60794.64,787.0,0.65,45,West,1
32,Male,80446.41,745.0,0.42,9,East,1
63,Male,89692.86,665.0,0.28,42,West,1
46,Female,68314.08,598.0,0.43,26,East,0
39,Male,71145.95,748.0,0.73,19,North,0
61,Female,74241.28,661.0,0.14,38,South,1
45,Female,50686.26,759.0,0.62,22,East,0
22,Male,33978.72,657.0,0.2,0,East,0
61,Female,56778.83,613.0,0.54,37,North,0
43,Male,60652.83,680.0,0.75,23,East,0
38,Male,76582.78,553.0,0.4,15,West,1
39,Male,64285.59,625.0,0.75,18,South,0
27,Male,65193.83,796.0,0.43,5,North,1
49,Male,74646.17,637.0,0.38,28,South,1
30,Female,60267.02,761.0,0.55,7,West,0
52,Male,91735.34,755.0,0.44,29,West,1
43,Male,57456.61,678.0,0.1,20,West,1
38,Female,85230.39,717.0,0.66,14,East,0
60,Male,62669.33,653.0,0.41,39,East,1
55,Male,25000.0,667.0,0.11,31,West,1
33,Male,61257.63,756.0,0.48,9,East,1
28,Male,73637.12,659.0,0.67,7,East,0
24,Female,74825.32,753.0,0.18,0,South,1
55,Female,87256.73,695.0,0.32,31,North,1
52,Male,42900.59,655.0,0.35,31,West,1
37,Male,111440.34,514.0,0.55,14,North,1
56,Female,59023.59,762.0,0.36,36,East,1
68,Male,96173.42,709.0,0.53,44,North,1
63,Female,54870.24,743.0,0.47,40,East,1
47,Male,78383.4,683.0,0.75,25,South,1
52,Male,40108.78,648.0,0.33,29,South,1
49,Female,71006.63,666.0,0.17,27,South,1
55,Female,33033.58,596.0,0.49,35,East,0
53,Male,107768.31,585.0,0.47,29,North,1
67,Male,79562.31,739.0,0.55,45,South,1
23,Female,45380.21,783.0,0.44,1,West,0
64,Male,78431.18,661.0,0.25,41,West,1
34,Male,59523.94,714.0,0.55,10,East,0
69,Female,65881.46,619.0,0.6,45,West,0
52,Female,85370.12,815.0,0.51,28,North,1
25,Female,82585.6,766.0,0.27,5,West,1
64,Male,43418.7,656.0,0.35,42,South,1
29,Male,77450.74,693.0,0.73,5,West,0
61,Male,91581.57,801.0,0.15,40,East,1
59,Male,83138.79,837.0,0.14,35,East,1
45,Female,60698.1,613.0,0.27,25,South,1
32,Male,44749.2,665.0,0.76,12,East,0
27,Female,39910.75,695.0,0.58,7,South,0
65,Male,44736.8,706.0,0.54,43,North,1
25,Female,57542.94,739.0,0.4,1,East,0
42,Male,77862.68,699.0,0.58,20,East,1
33,Male,113504.6,658.0,0.64,12,West,1
43,Female,45574.64,522.0,0.2,20,North,0
59,Male,38960.27,744.0,0.4,39,East,1
69,Female,67636.97,724.0,0.75,45,North,0
41,Male,78255.05,756.0,0.76,18,West,1
64,Male,57365.75,650.0,0.27,40,West,1
44,Female,62967.94,753.0,0.79,23,South,0
56,Male,58537.4,554.0,0.66,35,West,0
65,Female,67374.83,778.0,0.37,44,East,1
36,Male,72396.69,772.0,0.75,14,East,0
67,Female,40116.29,660.0,0.4,45,West,1
58,Female,65069.12,745.0,0.39,37,East,1
37,Male,57025.23,615.0,0.68,14,North,0
45,Female,32279.63,771.0,0.76,23,East,0
57,Female,95574.91,602.0,0.27,36,North,1
43,Female,72706.32,708.0,0.45,19,East,0
61,Female,80204.53,607.0,0.23,41,North,1
41,Male,82214.6,717.0,0.62,21,East,1
61,Male,48432.77,551.0,0.77,39,North,0
50,Female,29813.88,841.0,0.39,29,East,0
23,Female,62562.03,680.0,0.36,0,West,0
48,Female,81305.66,635.0,0.43,25,South,1
53,Female,70317.17,626.0,0.39,29,North,1
26,Female,101138.16,653.0,0.44,2,West,0
45,Male,75334.58,655.0,0.22,24,North,1
45,Female,25445.65,753.0,0.51,22,East,0
44,Female,65011.76,685.0,0.78,22,North,0
66,Male,54900.71,701.0,0.74,45,South,1
51,Female,69267.16,589.0,0.61,29,West,0
44,Female,75594.0,682.0,0.24,23,West,1
41,Female,49896.58,661.0,0.27,20,East,0
22,Male,67101.02,628.0,0.12,2,East,1
40,Female,54311.37,777.0,0.64,20,East,0
43,Female,69503.76,663.0,0.5,21,West,0
47,Female,33259.94,607.0,0.28,23,East,0
44,Male,38327.07,497.0,0.17,22,West,1
59,Male,53554.64,695.0,0.42,38,South,1
25,Male,75481.03,837.0,0.61,1,West,1
29,Male,68419.83,764.0,0.77,5,North,0
63,Male,86188.02,714.0,0.4,39,East,1
50,Male,46282.8,683.0,0.48,27,South,1
47,Female,79512.24,774.0,0.49,23,South,1
26,Female,73769.65,680.0,0.22,4,East,1
31,Male,61640.76,706.0,0.37,10,East,1
45,Male,85296.62,747.0,0.31,23,West,1
61,Female,70913.14,638.0,0.66,37,West,0
58,Female,56189.01,653.0,0.62,36,West,0
39,Male,56155.24,609.0,0.74,19,East,0
66,Female,62163.96,680.0,0.36,44,East,1
38,Female,61445.84,773.0,0.61,15,South,0
41,Male,47856.1,594.0,0.65,21,North,0
29,Female,114906.62,598.0,0.18,9,West,1
28,Female,80644.37,653.0,0.64,8,South,0
47,Female,72193.63,706.0,0.61,26,West,0
28,Female,109136.79,700.0,0.17,7,West,1
38,Female,94916.77,746.0,0.75,17,East,0
57,Male,71776.32,548.0,0.57,35,West,1
38,Female,73239.19,650.0,0.53,16,South,0
62,Male,37586.64,618.0,0.39,41,South,1
27,Male,42216.22,656.0,0.5,5,East,0
55,Male,88705.27,619.0,0.25,34,East,1
23,Female,74056.99,736.0,0.28,3,North,1
38,Female,94899.58,624.0,0.39,15,West,1
52,Female,52266.35,675.0,0.38,32,North,1
38,Male,91362.16,605.0,0.46,14,West,1
28,Female,42991.45,649.0,0.47,8,South,0
69,Female,84372.98,562.0,0.61,45,East,1
44,Female,63529.42,635.0,0.73,24,South,0
61,Female,95492.0,696.0,0.3,38,North,1
42,Male,112401.38,768.0,0.41,21,South,1
53,Female,35367.84,622.0,0.31,31,North,0
23,Female,49722.19,550.0,0.29,0,North,0
55,Female,47307.03,676.0,0.45,35,West,0
40,Male,67166.01,637.0,0.58,20,South,1
63,Female,82265.35,625.0,0.44,43,East,1
34,Female,76295.62,771.0,0.63,13,North,0
66,Male,88559.97,731.0,0.51,44,North,1
45,Male,81197.72,610.0,0.25,23,East,1
53,Male,81505.1,677.0,0.2,33,East,1
61,Male,67404.24,698.0,0.79,40,East,1
25,Male,63518.69,692.0,0.62,3,North,0
34,Male,43619.52,599.0,0.34,14,West,0
60,Male,65757.16,642.0,0.77,39,East,1
39,Female,80295.12,639.0,0.47,19,South,0
37,Male,67408.34,715.0,0.3,16,East,1
62,Male,48585.16,742.0,0.53,38,North,1
43,Male,43890.72,717.0,0.17,22,South,1
60,Male,25000.0,786.0,0.26,39,East,1
33,Male,73959.39,602.0,0.79,13,East,0
42,Male,30630.16,703.0,0.21,21,South,1
69,Male,68580.32,677.0,0.44,45,South,1
67,Male,54556.0,733.0,0.21,45,West,1
24,Male,52193.44,709.0,0.72,4,East,0
43,Male,96852.52,730.0,0.15,19,South,1
60,Male,65568.71,568.0,0.35,38,East,1
33,Male,77127.45,716.0,0.37,10,East,1
68,Female,79869.53,636.0,0.39,45,South,1
48,Female,43214.57,660.0,0.39,26,North,0
51,Male,25000.0,685.0,0.28,31,South,1
66,Female,38514.45,636.0,0.68,42,South,0
58,Male,66581.66,719.0,0.11,38,North,1
46,Male,80148.37,554.0,0.4,22,East,1
69,Female,75079.33,604.0,0.73,45,South,0
66,Female,73215.04,719.0,0.1,45,East,1
57,Female,56551.92,706.0,0.6,36,East,0
41,Female,45863.94,573.0,0.6,19,South,0
53,Female,60649.52,792.0,0.53,29,South,1
29,Female,67889.72,583.0,0.31,8,North,0
66,Female,71880.85,653.0,0.27,43,West,1
51,Female,66048.86,553.0,0.15,28,South,1
33,Female,87309.93,784.0,0.22,11,South,1
56,Male,30454.71,675.0,0.57,36,North,0
26,Female,32736.61,657.0,0.21,4,South,0
25,Male,51454.27,580.0,0.44,2,North,0
32,Female,68984.05,502.0,0.37,10,East,0
23,Female,58839.37,826.0,0.36,3,West,0
50,Female,46680.4,594.0,0.35,26,South,0
65,Female,69162.13,811.0,0.25,44,West,1
40,Female,61886.33,720.0,0.13,16,West,1
69,Male,39432.25,675.0,0.22,45,West,1
32,Male,118345.92,639.0,0.53,11,North,1
26,Male,74973.64,535.0,0.63,4,East,0
34,Male,106861.58,774.0,0.63,13,South,1
25,Female,31691.43,676.0,0.58,2,North,0
32,Male,28955.56,699.0,0.23,10,West,1
23,Male,104004.97,724.0,0.49,3,South,1
43,Male,82050.64,695.0,0.47,21,East,1
46,Male,50800.93,825.0,0.62,22,North,1
64,Female,63608.39,651.0,0.69,42,West,0
43,Male,71700.54,762.0,0.39,23,North,1
69,Male,55274.55,748.0,0.66,45,West,1
45,Female,52470.62,591.0,0.78,24,West,0
31,Female,39878.18,784.0,0.46,11,North,0
26,Male,80060.27,586.0,0.1,2,North,1
43,Female,68759.22,654.0,0.53,19,South,0
58,Male,66629.76,685.0,0.21,34,East,1
42,Male,89296.68,742.0,0.5,19,North,1
50,Female,39832.38,717.0,0.36,26,West,0
28,Male,73397.06,539.0,0.76,4,North,0
48,Female,40584.4,692.0,0.1,25,West,1
46,Male,55015.43,592.0,0.22,25,East,1
47,Female,68365.94,666.0,0.47,27,West,0
37,Female,99442.86,786.0,0.19,13,North,1
69,Female,61593.68,650.0,0.33,45,North,1
54,Male,68974.54,621.0,0.49,30,West,1
29,Female,26336.63,841.0,0.25,8,West,0
30,Male,47581.86,686.0,0.7,10,South,0
50,Female,70660.91,612.0,0.22,29,West,1
41,Female,80822.99,762.0,0.64,20,South,0
60,Female,57278.3,777.0,0.78,38,South,0
55,Female,68468.69,633.0,0.34,32,East,1
52,Female,73387.64,749.0,0.28,32,East,1
56,Female,70790.11,679.0,0.75,33,West,0
69,Female,80481.39,596.0,0.2,45,East,1
27,Male,58403.14,606.0,0.8,4,West,0
43,Female,51114.3,766.0,0.24,23,South,1
42,Female,54933.83,850.0,0.13,18,South,1
64,Female,76567.76,675.0,0.11,40,East,1
23,Male,68800.97,656.0,0.57,0,South,0
65,Male,50406.97,697.0,0.44,41,West,1
38,Male,39763.29,683.0,0.24,16,South,1
52,Male,65880.11,682.0,0.6,30,East,1
63,Female,25000.0,700.0,0.43,40,South,0
68,Female,64051.43,722.0,0.59,45,South,1
51,Male,33495.55,718.0,0.18,30,North,1
56,Female,83475.33,747.0,0.62,33,East,1
35,Male,69876.94,704.0,0.73,13,West,0
34,Male,56071.7,515.0,0.28,13,South,1
28,Male,78002.52,762.0,0.5,7,North,1
30,Female,72504.21,678.0,0.5,8,South,0
54,Male,59792.78,630.0,0.79,32,North,0
24,Female,84942.13,691.0,0.24,2,East,1
58,Female,64099.28,781.0,0.58,36,South,1
25,Female,53702.77,725.0,0.65,4,East,0
39,Male,78945.9,693.0,0.64,19,South,1
36,Male,59359.95,705.0,0.45,12,North,1
63,Female,94376.25,804.0,0.7,41,South,1
37,Male,63041.7,719.0,0.75,13,East,0
39,Female,79090.93,616.0,0.44,17,South,0
61,Male,59356.96,710.0,0.65,39,North,1
66,Female,51776.93,611.0,0.52,45,East,0
42,Female,66817.07,733.0,0.72,19,West,0
34,Male,62795.07,668.0,0.51,14,North,1
67,Female,83592.74,740.0,0.76,43,North,1
65,Male,67319.32,761.0,0.65,41,West,1
39,Male,72785.57,751.0,0.37,17,North,1
57,Female,101540.58,684.0,0.33,35,North,1
52,Female,58908.96,743.0,0.24,30,East,1
28,Female,70268.67,687.0,0.63,7,West,0
36,Female,64091.48,683.0,0.58,13,North,0
56,Female,68156.52,642.0,0.58,35,North,0
28,Female,57897.81,716.0,0.41,4,South,0
51,Male,67748.08,750.0,0.64,27,South,1
57,Male,58223.62,650.0,0.62,36,West,1
31,Male,78178.93,749.0,0.13,9,West,1
58,Male,38415.65,697.0,0.67,34,West,0
49,Male,66090.61,768.0,0.7,27,South,1
34,Male,42947.72,663.0,0.6,14,South,0
52,Male,96083.64,745.0,0.31,32,West,1
36,Male,45482.29,766.0,0.46,16,South,1
31,Male,87047.48,694.0,0.17,7,North,1
46,Female,80350.09,792.0,0.4,26,West,1
67,Male,65734.82,592.0,0.19,43,South,1
40,Female,37276.07,754.0,0.49,16,West,0
51,Male,28360.89,757.0,0.35,29,West,1
28,Male,60409.71,626.0,0.45,7,East,0
33,Female,42715.6,683.0,0.2,11,North,0
44,Female,29931.93,766.0,0.31,24,West,0
44,Male,67098.77,648.0,0.74,20,North,0
30,Male,69340.39,750.0,0.6,9,East,0
58,Female,40209.29,640.0,0.11,36,South,1
35,Female,57671.3,625.0,0.67,15,North,0
60,Male,82428.39,642.0,0.27,38,West,1
67,Female,97279.46,538.0,0.51,45,East,1
24,Male,53593.42,766.0,0.54,0,South,0
22,Male,66285.73,673.0,0.47,0,South,0
45,Male,35838.73,645.0,0.69,23,South,0
28,Female,27148.74,636.0,0.22,8,South,0
69,Male,64930.37,649.0,0.29,45,West,1
38,Female,90127.85,621.0,0.13,15,South,1
51,Male,41857.44,679.0,0.51,30,North,1
44,Female,53965.92,755.0,0.69,22,West,0
43,Female,73289.27,754.0,0.46,22,East,1
31,Male,30793.13,816.0,0.56,11,East,0
62,Female,52843.41,716.0,0.49,38,East,1
39,Female,55411.69,659.0,0.29,17,East,0
30,Male,80081.42,631.0,0.58,6,East,0
69,Female,63755.96,736.0,0.33,45,South,1
26,Male,78050.18,561.0,0.23,2,North,1
32,Male,30236.16,700.0,0.31,8,West,0
24,Male,54328.86,661.0,0.62,3,South,0
28,Male,67824.66,700.0,0.2,8,West,1
31,Female,80315.13,789.0,0.12,7,South,1
27,Male,73037.58,718.0,0.63,4,East,0
51,Male,75072.2,693.0,0.62,27,East,1
66,Female,62152.39,708.0,0.71,44,West,0
63,Female,34995.54,653.0,0.65,42,North,0
53,Female,109011.89,663.0,0.74,30,East,1
44,Male,70625.75,689.0,0.66,23,East,1
54,Female,55910.1,623.0,0.65,34,South,0
55,Male,64343.29,755.0,0.72,33,West,1
40,Female,78508.0,707.0,0.33,19,South,1
63,Female,91147.78,689.0,0.33,39,West,1
57,Male,67783.43,704.0,0.14,33,East,1
42,Female,87427.46,755.0,0.65,20,East,0
57,Female,72619.02,735.0,0.51,34,West,1
33,Male,48860.19,669.0,0.49,10,East,0
54,Male,57920.67,668.0,0.5,34,West,1
63,Male,66867.04,658.0,0.4,41,East,1
51,Female,32542.3,723.0,0.63,28,South,0
26,Female,91909.57,687.0,0.47,3,West,0
69,Male,39772.55,811.0,0.27,45,West,1
58,Male,51308.78,755.0,0.67,37,North,1
38,Female,80597.49,669.0,0.56,16,South,0
47,Female,83961.91,730.0,0.61,24,North,1
61,Male,57155.57,673.0,0.26,41,West,1
44,Female,61432.91,711.0,0.57,22,South,0
69,Male,65370.88,714.0,0.49,45,West,1
58,Male,91530.34,706.0,0.31,38,North,1
41,Male,48106.75,692.0,0.34,20,North,1
36,Male,51742.32,748.0,0.72,14,East,0
22,Female,65982.92,694.0,0.34,0,North,0
64,Female,49351.06,660.0,0.76,40,East,0
35,Female,45379.1,689.0,0.43,11,South,0
30,Female,100087.79,744.0,0.45,6,East,1
22,Female,84010.59,604.0,0.63,2,West,0
49,Male,56527.74,701.0,0.32,28,West,1
25,Male,51844.43,649.0,0.76,5,North,0
56,Male,57875.07,623.0,0.27,33,East,1
30,Male,45079.32,792.0,0.75,8,North,0
25,Male,64588.68,615.0,0.74,4,North,0
37,Female,82292.01,684.0,0.42,15,South,1
40,Female,46792.05,481.0,0.7,18,West,0
52,Male,41240.84,700.0,0.24,28,West,1
64,Male,70843.04,641.0,0.17,41,East,1
67,Male,46877.76,749.0,0.41,44,South,1
22,Male,47862.67,678.0,0.13,2,South,1
60,Female,67314.82,694.0,0.18,39,South,1
43,Male,62658.42,689.0,0.76,19,South,0
52,Male,51231.63,541.0,0.39,30,South,1
45,Female,44715.64,621.0,0.25,22,North,0
64,Male,82947.45,724.0,0.22,44,South,1
28,Male,72747.67,641.0,0.33,4,East,1
66,Female,49275.92,850.0,0.33,42,West,1
30,Female,68090.54,641.0,0.56,9,East,0
26,Female,70954.37,633.0,0.59,2,West,0
30,Female,84801.14,540.0,0.64,6,East,0
59,Male,84691.41,710.0,0.48,38,North,1
52,Female,27559.5,564.0,0.14,29,South,0
28,Male,51845.15,584.0,0.42,4,West,0
50,Female,62893.82,677.0,0.11,27,West,1
46,Male,54165.06,648.0,0.6,22,West,0
27,Male,73435.94,717.0,0.79,3,East,0
55,Female,29866.99,651.0,0.2,33,East,1
57,Female,77152.49,665.0,0.38,34,North,1
53,Female,68565.24,701.0,0.32,30,South,1
54,Female,68563.54,636.0,0.67,30,South,0
42,Female,55546.67,800.0,0.12,19,East,1
54,Male,62780.78,635.0,0.67,30,West,0
57,Male,62081.34,577.0,0.3,36,South,1
32,Female,80357.07,734.0,0.48,11,North,0
61,Female,85635.93,695.0,0.77,40,East,0
51,Female,102283.0,631.0,0.64,27,East,1
47,Female,77520.07,732.0,0.29,26,West,1
40,Male,89548.6,626.0,0.39,16,East,1
63,Male,82682.15,722.0,0.4,39,North,1
48,Male,101371.56,608.0,0.34,25,North,1
34,Male,68395.18,738.0,0.35,10,North,1
48,Female,27260.37,675.0,0.4,28,West,0
33,Male,69328.91,606.0,0.13,12,North,1
38,Female,52440.43,569.0,0.15,14,North,0
37,Female,76305.53,669.0,0.23,14,South,1
56,Female,67491.24,700.0,0.36,36,West,1
39,Female,51425.3,653.0,0.21,19,North,1
57,Female,35490.16,627.0,0.72,34,North,0
61,Female,67241.94,667.0,0.59,37,East,0
50,Male,73536.54,512.0,0.2,28,East,1
65,Female,96296.23,671.0,0.14,43,West,1
22,Female,48796.46,708.0,0.66,0,South,0
55,Male,90872.53,661.0,0.43,33,East,1
52,Female,41642.87,667.0,0.12,28,South,1
58,Male,58352.72,624.0,0.7,38,North,1
31,Male,90552.52,672.0,0.13,10,East,1
53,Male,67661.63,616.0,0.12,32,North,1
22,Female,65477.7,651.0,0.76,1,East,0
52,Female,27833.19,654.0,0.63,30,West,0
41,Male,47834.84,595.0,0.65,17,East,0
52,Female,38696.62,692.0,0.54,30,North,0
68,Male,60561.5,704.0,0.45,45,South,1
54,Female,69082.06,665.0,0.64,32,North,0
62,Male,59720.89,639.0,0.44,41,South,1
39,Female,71698.65,690.0,0.44,15,North,0
29,Female,92307.05,694.0,0.69,6,East,0
24,Female,81031.19,674.0,0.39,2,East,0
69,Male,72713.78,679.0,0.61,45,North,1
39,Male,73595.81,568.0,0.38,18,North,1
26,Male,33641.56,610.0,0.11,5,East,1
28,Male,41999.87,716.0,0.18,6,North,1
32,Male,79192.54,681.0,0.43,11,South,1
35,Male,30222.35,618.0,0.48,12,North,0
60,Female,55490.59,614.0,0.24,38,East,1
41,Male,51374.45,677.0,0.63,18,East,0
61,Male,49680.62,761.0,0.13,39,East,1
41,Female,91664.63,765.0,0.35,17,North,1
38,Female,50650.48,504.0,0.73,14,East,0
53,Female,48634.23,758.0,0.79,32,West,0
33,Female,43013.46,775.0,0.75,10,South,0
66,Female,54389.7,631.0,0.67,45,South,0
56,Female,56306.36,759.0,0.66,34,West,0
59,Male,28841.69,739.0,0.19,36,North,1
24,Male,77312.82,730.0,0.1,2,South,1
57,Male,81743.48,701.0,0.68,37,East,1
60,Female,63328.81,692.0,0.45,37,North,1
31,Female,90386.96,690.0,0.34,10,South,1
27,Female,79903.02,718.0,0.54,5,North,0
31,Female,64216.26,760.0,0.18,7,South,1
66,Female,67829.07,850.0,0.24,45,North,1
37,Female,46280.37,700.0,0.41,13,West,0
33,Female,53859.86,652.0,0.72,13,South,0
28,Male,63465.17,627.0,0.28,8,South,1
34,Male,40422.62,737.0,0.13,11,South,1
68,Female,63179.85,717.0,0.54,45,North,1
42,Female,46977.96,766.0,0.5,21,East,0
33,Female,61139.37,661.0,0.3,12,South,0
31,Male,69318.41,772.0,0.17,9,East,1
65,Male,59087.63,726.0,0.69,44,North,1
66,Female,74690.02,709.0,0.48,45,West,1
30,Female,51009.42,584.0,0.13,8,North,0
50,Female,77675.27,601.0,0.38,29,East,1
42,Female,40529.84,636.0,0.31,19,South,0
33,Female,43070.26,577.0,0.63,10,North,0
40,Female,64041.81,497.0,0.8,20,East,0
44,Male,71765.98,699.0,0.79,22,South,0
33,Female,78929.63,730.0,0.73,10,West,0
34,Male,25000.0,595.0,0.15,13,North,0
57,Male,25000.0,745.0,0.52,37,West,1
26,Female,75952.17,720.0,0.6,2,South,0
34,Female,50488.59,602.0,0.7,11,North,0
28,Female,64308.15,647.0,0.19,5,South,0
33,Male,73272.87,534.0,0.65,10,East,0
38,Female,74932.47,776.0,0.34,17,North,1
31,Male,82889.98,616.0,0.67,10,East,0
55,Female,68226.22,687.0,0.52,34,East,1
34,Male,78117.26,589.0,0.55,13,South,1
46,Male,44499.49,680.0,0.24,26,South,1
33,Female,88675.97,636.0,0.15,13,South,1
58,Female,41162.39,680.0,0.17,38,East,1
54,Male,59494.21,708.0,0.55,34,West,1
34,Male,41492.19,634.0,0.66,11,East,0
58,Male,76207.72,582.0,0.3,34,North,1
26,Female,47110.86,682.0,0.17,5,North,0
44,Female,52650.63,663.0,0.45,23,North,0
46,Female,124878.1,753.0,0.65,25,South,1
47,Female,87324.68,691.0,0.17,27,West,1
32,Male,88111.05,690.0,0.52,8,South,1
63,Female,86211.88,626.0,0.65,39,North,1
34,Female,65618.3,610.0,0.62,14,East,0
43,Male,32854.58,653.0,0.63,20,East,0
65,Female,100735.81,681.0,0.55,43,West,1
32,Female,52576.72,546.0,0.6,12,South,0
27,Male,59501.86,671.0,0.35,7,East,1
45,Male,57901.75,726.0,0.15,21,East,1
24,Male,44051.06,686.0,0.56,1,East,0
41,Female,38282.57,700.0,0.65,20,East,0
48,Female,68660.05,663.0,0.23,24,North,1
49,Male,75235.46,773.0,0.13,27,South,1
50,Female,81048.26,743.0,0.2,27,South,1
44,Female,70200.01,609.0,0.53,22,North,0
66,Male,69633.2,581.0,0.19,45,North,1
25,Female,75187.12,746.0,0.44,3,North,0
56,Male,87696.48,726.0,0.64,32,South,1
25,Male,68033.11,707.0,0.65,4,East,0
26,Female,56068.14,665.0,0.13,2,South,0
23,Female,47575.81,693.0,0.34,0,East,0
47,Male,70430.19,656.0,0.15,23,West,1
54,Male,43532.12,757.0,0.66,33,South,1
50,Male,25000.0,602.0,0.75,30,West,0
22,Male,84934.83,622.0,0.18,0,West,1
60,Female,88026.57,754.0,0.73,39,East,1
66,Female,65795.87,628.0,0.24,45,North,1
48,Female,70999.79,600.0,0.59,28,West,0
35,Male,90773.83,641.0,0.36,11,East,1
49,Female,76411.75,746.0,0.5,27,North,1
62,Female,47881.03,641.0,0.44,38,South,0
38,Female,91550.21,698.0,0.59,18,South,0
26,Male,64101.2,650.0,0.39,2,East,0
53,Female,69293.94,754.0,0.51,29,West,1
24,Male,104552.4,528.0,0.18,0,West,1
24,Male,51390.53,677.0,0.69,4,North,0
53,Male,81779.18,568.0,0.46,31,South,1
49,Male,41097.51,669.0,0.24,26,West,1
43,Female,67981.75,593.0,0.12,20,West,1
29,Male,80334.09,625.0,0.65,5,North,0
50,Male,47477.12,659.0,0.59,29,West,0
40,Male,69434.05,652.0,0.77,19,East,0
39,Female,50220.97,754.0,0.28,17,South,1
32,Male,94313.68,683.0,0.75,8,North,0
25,Female,64449.22,666.0,0.65,4,North,0
22,Female,47407.1,642.0,0.31,2,South,0
69,Male,84592.94,685.0,0.36,45,East,1
50,Male,78843.49,611.0,0.22,29,East,1
23,Female,63013.14,636.0,0.78,1,West,0
57,Male,53530.14,647.0,0.14,33,East,1
45,Female,74693.97,718.0,0.49,21,South,1
44,Male,42326.55,841.0,0.72,23,North,0
55,Male,57805.02,719.0,0.47,31,West,1
52,Male,75077.38,670.0,0.69,29,North,1
59,Male,88527.63,667.0,0.71,38,West,1
34,Male,80650.85,663.0,0.63,13,West,1
23,Female,60419.12,819.0,0.58,3,East,0
50,Male,49218.65,714.0,0.27,27,South,1
27,Male,61422.84,603.0,0.1,3,North,1
57,Female,50071.55,710.0,0.52,37,East,0
40,Male,86173.17,675.0,0.37,19,East,1
53,Male,43289.74,664.0,0.38,33,North,1
30,Female,106732.44,613.0,0.49,8,East,1
27,Male,61006.23,614.0,0.55,7,West,0
52,Male,26634.08,610.0,0.27,28,North,1
52,Female,74865.28,584.0,0.14,32,East,1
57,Male,55704.7,599.0,0.11,36,North,1
67,Female,85077.37,727.0,0.72,43,West,1
68,Female,78735.42,718.0,0.61,45,West,1
25,Male,99391.8,685.0,0.58,4,North,1
43,Female,44107.62,636.0,0.42,23,East,0
47,Male,83483.32,642.0,0.68,26,North,1
22,Female,79155.84,706.0,0.1,0,West,1
60,Male,89879.21,673.0,0.54,39,North,1
39,Female,101456.97,596.0,0.46,17,West,1
58,Male,36301.95,622.0,0.21,35,East,1
28,Female,47381.0,850.0,0.45,4,North,0
43,Male,70869.99,675.0,0.54,22,South,1
24,Female,86762.06,668.0,0.77,4,South,0
22,Female,46493.29,629.0,0.33,0,East,0
58,Female,127594.68,705.0,0.22,37,South,1
52,Female,105614.79,641.0,0.46,30,East,1
56,Male,73446.3,743.0,0.47,34,West,1
33,Male,38427.27,626.0,0.37,11,East,0
42,Male,59352.67,641.0,0.62,19,West,0
37,Female,53481.86,532.0,0.22,13,East,0
26,Female,64654.67,625.0,0.27,2,South,0
67,Female,57926.97,558.0,0.1,45,South,1
45,Male,66370.6,666.0,0.36,21,West,1
63,Female,55373.88,619.0,0.77,39,South,0
29,Male,58229.77,734.0,0.64,5,South,0
54,Male,60016.46,665.0,0.51,33,West,1
27,Male,68419.95,726.0,0.67,4,East,0
45,Female,34082.82,695.0,0.2,21,East,0
30,Female,81100.42,699.0,0.73,8,West,0
41,Male,75995.02,725.0,0.77,18,West,0
65,Male,67653.74,697.0,0.16,42,South,1
26,Male,67606.79,683.0,0.75,6,South,0
53,Male,62946.12,662.0,0.22,33,East,1
42,Female,118746.25,733.0,0.73,21,West,1
63,Male,77388.5,611.0,0.63,41,West,1
56,Male,60334.8,654.0,0.65,36,South,1
68,Female,60773.24,850.0,0.55,44,North,1
23,Female,64309.63,603.0,0.74,0,North,0
49,Male,73988.26,601.0,0.25,27,East,1
47,Male,51039.45,725.0,0.62,24,East,0
48,Female,99161.49,677.0,0.15,24,West,1
35,Male,47369.45,711.0,0.53,15,West,0
24,Male,56747.83,764.0,0.63,2,East,0
45,Male,66611.41,807.0,0.5,22,West,1
43,Male,63374.95,679.0,0.21,22,South,1
24,Male,30057.61,716.0,0.16,3,North,1
56,Male,74202.88,600.0,0.49,33,East,1
24,Male,75715.07,620.0,0.48,4,South,0
53,Male,60914.51,817.0,0.36,29,North,1
60,Female,67729.53,679.0,0.61,38,East,0
67,Female,62427.73,734.0,0.19,44,East,1
29,Male,76201.17,813.0,0.25,8,South,1
23,Male,74878.08,683.0,0.42,0,South,1
50,Female,84542.45,747.0,0.43,28,North,1
32,Male,73182.3,785.0,0.78,10,South,0
28,Male,59741.51,756.0,0.2,5,North,1
59,Female,65669.48,702.0,0.49,36,East,1
38,Male,31186.3,775.0,0.17,17,South,1
49,Male,59891.45,535.0,0.51,26,North,0
40,Male,47217.43,621.0,0.75,17,West,0
40,Female,89171.62,720.0,0.21,20,East,1
54,Male,71456.34,757.0,0.47,34,South,1
68,Male,53080.87,470.0,0.79,45,East,0
30,Female,64208.6,708.0,0.29,9,East,0
59,Male,99168.6,591.0,0.42,36,North,1
52,Female,71421.55,629.0,0.61,32,North,0
51,Male,81636.94,625.0,0.57,30,North,1
66,Male,55840.74,575.0,0.69,45,North,1
44,Female,91332.56,754.0,0.63,21,East,1
56,Female,56673.89,653.0,0.21,35,North,1
63,Female,50078.22,732.0,0.55,41,South,0
49,Female,49715.37,666.0,0.77,26,North,0
39,Female,51861.63,625.0,0.54,17,West,0
47,Female,62982.88,600.0,0.54,23,West,0
27,Male,38499.37,610.0,0.46,4,East,0
54,Male,25000.0,747.0,0.25,30,West,1
58,Female,102478.22,575.0,0.48,34,North,1
51,Female,100408.2,750.0,0.15,28,East,1
34,Male,90508.2,709.0,0.48,10,North,1
43,Male,88210.2,733.0,0.23,22,East,1
62,Male,40572.31,662.0,0.76,41,South,0
44,Male,89420.73,806.0,0.67,23,West,1
46,Male,50344.13,633.0,0.17,26,West,1
31,Female,78846.87,753.0,0.27,7,West,1
57,Female,64790.15,630.0,0.68,36,East,0
25,Male,57863.39,658.0,0.63,5,South,0
44,Male,77269.9,643.0,0.57,24,South,1
45,Female,39543.22,661.0,0.76,24,North,0
49,Male,44561.11,850.0,0.13,29,North,1
56,Male,65202.09,693.0,0.64,32,East,1
56,Female,69931.74,631.0,0.29,35,North,1
69,Male,72226.89,634.0,0.76,45,South,1
50,Female,103693.98,740.0,0.37,27,West,1
30,Male,61819.42,704.0,0.53,8,South,0
67,Female,56543.7,649.0,0.5,45,East,1
69,Male,28157.56,615.0,0.8,45,East,0
47,Female,74838.57,715.0,0.26,26,East,1
68,Male,67411.76,713.0,0.61,44,South,1
24,Male,50143.39,617.0,0.45,0,North,0
48,Female,54125.33,738.0,0.43,25,South,0
51,Female,25000.0,758.0,0.79,30,West,0
69,Male,89868.9,667.0,0.36,45,East,1
23,Male,27553.41,784.0,0.14,3,North,1
44,Female,50650.19,706.0,0.65,23,North,0
22,Female,57800.58,682.0,0.26,2,West,0
43,Female,90321.25,660.0,0.39,22,North,1
37,Male,72727.01,647.0,0.32,16,South,1
52,Male,42178.17,664.0,0.23,31,West,1
28,Female,50516.81,783.0,0.38,4,East,0
51,Male,37808.22,763.0,0.45,29,West,1
47,Female,63708.03,636.0,0.64,23,South,0
37,Female,34102.0,643.0,0.73,16,South,0
45,Male,66717.59,647.0,0.16,25,West,1
63,Female,63679.49,632.0,0.67,42,South,0
65,Male,90540.23,692.0,0.24,42,West,1
29,Female,72786.94,722.0,0.65,8,East,0
45,Male,78736.0,663.0,0.17,23,South,1
37,Female,59633.25,731.0,0.29,17,East,1
32,Female,76168.39,455.0,0.28,11,South,0
67,Female,41931.61,693.0,0.7,43,West,0
62,Female,82388.53,807.0,0.62,42,North,1
43,Female,73295.09,694.0,0.66,21,North,0
47,Male,96530.45,611.0,0.5,24,East,1
29,Female,101517.58,766.0,0.1,6,North,1
46,Male,60590.34,720.0,0.19,22,North,1
62,Female,31108.22,665.0,0.43,38,North,0
46,Male,65547.94,723.0,0.25,24,West,1
30,Male,66691.8,769.0,0.29,10,East,1
27,Female,94429.22,645.0,0.21,6,East,1
34,Male,38505.04,530.0,0.72,11,South,0
58,Male,25000.0,748.0,0.67,35,North,0
66,Female,26616.68,659.0,0.48,42,South,0
56,Female,44492.88,699.0,0.32,33,North,1
56,Female,80612.47,650.0,0.51,36,West,1
25,Female,78666.19,725.0,0.19,1,East,1
61,Female,70503.53,691.0,0.11,37,South,1
44,Female,83600.97,633.0,0.37,23,North,1
35,Female,59332.89,706.0,0.54,12,South,0
31,Male,54024.88,714.0,0.36,7,North,1
26,Female,70128.03,598.0,0.21,5,South,0
40,Male,67354.13,850.0,0.68,19,East,1
37,Female,51844.53,731.0,0.42,17,West,0
45,Female,49757.02,673.0,0.72,21,South,0
54,Female,62376.47,682.0,0.11,34,East,1
28,Male,44383.35,800.0,0.29,5,South,1
27,Male,61297.38,673.0,0.41,4,West,0
30,Female,39558.93,703.0,0.59,6,North,0
26,Male,52268.89,717.0,0.73,3,East,0
68,Male,66094.16,521.0,0.11,44,South,1
48,Male,62668.86,604.0,0.62,28,North,0
32,Male,67025.44,647.0,0.53,11,North,0
54,Female,60928.6,750.0,0.22,30,West,1
24,Female,91057.72,800.0,0.46,0,North,1
37,Male,31549.78,671.0,0.29,17,South,1
60,Male,77127.71,622.0,0.22,38,North,1
35,Female,53213.31,582.0,0.73,11,South,0
65,Male,89837.55,647.0,0.55,45,South,1
51,Female,98887.08,726.0,0.63,30,South,1
44,Male,70116.11,748.0,0.3,21,West,1
31,Male,60058.5,714.0,0.7,9,North,0
25,Female,45626.61,627.0,0.34,5,North,0
69,Male,34718.36,751.0,0.76,45,North,0
68,Male,65410.58,657.0,0.61,44,West,1
50,Male,61641.72,636.0,0.75,29,South,0
43,Male,80509.33,562.0,0.28,19,North,1
31,Female,96847.81,624.0,0.76,7,North,0
43,Female,113322.91,733.0,0.54,19,North,1
53,Male,58377.66,694.0,0.75,32,South,0
53,Male,42082.49,647.0,0.61,33,South,0
58,Female,75610.05,746.0,0.76,36,North,0
41,Female,87579.09,666.0,0.42,18,East,1
57,Female,108987.48,693.0,0.22,34,North,1
56,Male,54436.04,686.0,0.19,32,North,1
37,Female,33131.15,603.0,0.59,15,South,0
34,Female,78173.25,760.0,0.5,13,North,0
49,Female,67754.62,697.0,0.32,27,East,1
60,Female,54425.62,708.0,0.64,36,West,0
57,Male,67493.27,600.0,0.73,34,East,0
53,Female,53441.59,625.0,0.51,32,South,0
59,Female,38258.95,715.0,0.76,36,North,0
56,Male,52093.91,751.0,0.32,34,East,1
58,Male,46357.72,540.0,0.43,37,North,1
44,Male,54328.65,669.0,0.78,22,North,0
39,Female,102247.84,535.0,0.29,17,North,1
45,Female,60131.81,842.0,0.2,25,North,1
67,Female,67421.55,662.0,0.51,45,West,1
23,Female,66911.75,816.0,0.65,2,South,0
44,Male,60067.28,614.0,0.41,21,South,1
30,Female,51425.74,839.0,0.59,9,South,0
66,Female,79136.29,703.0,0.35,43,North,1
33,Female,25703.41,830.0,0.31,11,West,0
65,Male,67910.11,688.0,0.3,42,South,1
54,Male,54535.75,747.0,0.76,30,North,0
36,Female,77375.62,683.0,0.68,14,North,0
57,Male,94172.22,797.0,0.69,33,South,1
63,Male,60483.38,632.0,0.27,41,North,1
44,Male,59458.75,651.0,0.14,22,North,1
45,Female,36844.82,659.0,0.74,21,East,0
25,Male,55356.28,598.0,0.58,4,East,0
42,Female,77615.59,612.0,0.64,20,West,0
36,Female,51612.76,610.0,0.46,12,West,0
22,Male,54308.16,736.0,0.39,0,West,0
60,Female,69304.43,728.0,0.13,36,South,1
66,Female,59123.18,844.0,0.22,45,North,1
35,Male,33680.26,652.0,0.55,12,West,0
24,Male,48519.76,755.0,0.66,0,West,0
31,Female,84541.67,738.0,0.76,7,North,0
55,Female,57064.68,799.0,0.43,35,West,1
27,Female,61345.7,672.0,0.65,3,East,0
66,Male,63091.49,629.0,0.55,45,West,1
49,Male,66519.54,561.0,0.54,28,East,1
29,Female,69514.76,615.0,0.55,8,West,0
56,Male,78155.22,702.0,0.39,34,East,1
60,Female,47013.26,665.0,0.7,40,East,0
37,Male,39066.42,702.0,0.53,15,East,0
43,Female,55074.82,698.0,0.62,19,East,0
47,Male,59880.32,757.0,0.46,24,West,1
58,Male,61017.64,650.0,0.46,34,East,1
39,Male,85921.91,658.0,0.51,17,West,1
24,Male,68068.77,776.0,0.64,3,South,0
38,Female,44511.01,588.0,0.71,14,North,0
34,Female,55448.49,604.0,0.69,13,West,0
64,Male,74542.89,775.0,0.39,42,North,1
29,Male,41892.65,722.0,0.72,9,West,0
61,Female,71628.73,645.0,0.15,41,North,1
62,Female,30462.83,641.0,0.53,38,West,0
65,Female,52416.5,736.0,0.63,41,North,0
32,Male,60827.34,635.0,0.57,11,East,0
38,Female,81425.79,672.0,0.42,18,West,1
29,Female,51103.27,649.0,0.59,7,East,0
33,Male,66565.78,729.0,0.17,10,East,1
26,Male,75022.02,652.0,0.29,6,East,1
54,Male,94888.81,682.0,0.19,31,West,1
23,Male,33704.2,668.0,0.21,3,East,0
52,Male,53954.37,798.0,0.14,29,West,1
34,Female,78305.18,772.0,0.17,11,East,1
36,Male,35276.1,716.0,0.39,13,North,0
33,Male,98993.31,632.0,0.53,10,South,1
46,Male,58126.0,537.0,0.55,22,East,0
43,Female,70160.06,693.0,0.57,20,East,0
32,Female,40022.84,658.0,0.63,9,North,0
64,Male,47112.85,684.0,0.37,43,East,1
53,Female,58989.26,581.0,0.79,30,East,0
37,Male,94357.55,695.0,0.69,16,North,1
57,Female,54774.63,627.0,0.27,33,East,1
31,Male,62434.67,581.0,0.49,7,South,0
43,Female,59012.63,686.0,0.7,22,West,0
34,Male,54071.21,697.0,0.68,13,North,0
64,Male,62599.73,707.0,0.15,40,South,1
31,Female,69285.64,610.0,0.76,10,East,0
29,Male,51153.75,689.0,0.47,9,South,0
40,Male,30417.45,543.0,0.49,17,South,0
50,Female,37370.55,639.0,0.16,27,North,1
35,Female,93432.69,654.0,0.77,14,South,0
24,Male,77119.15,684.0,0.39,1,West,1
62,Male,47376.92,686.0,0.73,40,West,0
23,Male,63130.83,624.0,0.37,1,East,0
54,Female,72019.93,633.0,0.78,33,South,0
46,Male,53142.13,726.0,0.17,24,East,1
60,Male,80880.57,707.0,0.45,38,South,1
27,Male,74571.31,744.0,0.59,6,East,1
65,Female,56135.04,617.0,0.22,41,West,1
48,Female,70638.31,516.0,0.64,25,South,0
26,Male,101909.64,669.0,0.68,3,East,1
46,Female,83147.82,710.0,0.69,23,North,0
47,Male,50985.0,663.0,0.74,24,East,0
51,Female,89576.26,595.0,0.3,30,East,1
68,Female,68724.76,674.0,0.41,45,East,1
69,Male,52824.92,682.0,0.42,45,East,1
35,Female,103821.93,533.0,0.33,15,North,1
62,Female,62351.06,744.0,0.42,38,East,1
31,Female,61079.79,560.0,0.59,7,South,0
44,Female,112282.83,739.0,0.15,20,South,1
39,Male,64565.5,522.0,0.36,19,East,1
39,Male,25000.0,774.0,0.73,17,West,0
53,Male,110152.41,733.0,0.12,33,East,1
63,Female,85684.87,682.0,0.33,43,North,1
38,Female,60943.03,696.0,0.11,16,West,1
48,Male,58927.76,713.0,0.69,26,West,0
30,Male,72894.24,716.0,0.41,8,West,1
52,Female,51203.24,710.0,0.66,29,South,0
64,Male,64343.36,713.0,0.52,43,North,1
66,Female,72431.77,702.0,0.48,45,West,1
27,Female,56909.38,850.0,0.4,6,South,0
35,Male,94294.06,766.0,0.74,11,West,1
33,Male,81797.22,639.0,0.66,9,West,0
48,Female,106858.08,758.0,0.67,24,West,1
65,Female,77866.11,712.0,0.76,41,East,0
52,Male,87283.56,546.0,0.73,30,East,1
49,Male,49527.44,616.0,0.65,29,South,0
52,Male,55842.79,603.0,0.27,29,South,1
65,Male,42338.99,738.0,0.3,44,North,1
68,Female,66576.97,655.0,0.34,45,West,1
36,Female,66888.26,673.0,0.7,16,North,0
32,Female,80464.0,772.0,0.13,12,East,1
34,Female,75462.37,633.0,0.66,13,West,0
59,Male,88496.57,739.0,0.66,37,South,1
68,Male,61106.23,554.0,0.46,45,South,1
56,Female,37741.34,705.0,0.68,33,North,0
48,Female,60755.29,714.0,0.72,28,South,0
28,Female,57869.13,571.0,0.18,7,West,0
40,Female,98892.84,660.0,0.7,16,North,0
46,Female,78591.88,656.0,0.53,26,South,0
23,Male,62172.84,719.0,0.68,3,West,0
52,Female,64597.29,567.0,0.4,29,East,0
28,Male,68170.56,702.0,0.52,8,East,1
33,Female,55861.69,700.0,0.38,12,East,0
49,Male,75610.59,679.0,0.29,28,North,1
61,Male,56710.57,678.0,0.7,40,North,1
44,Male,90766.01,766.0,0.8,22,South,1
64,Female,71089.13,624.0,0.77,40,East,0
38,Female,77544.01,737.0,0.12,17,South,1
45,Male,42867.29,795.0,0.4,23,West,1
36,Male,84570.76,768.0,0.25,15,North,1
41,Female,63137.08,528.0,0.16,18,South,1
39,Female,25000.0,549.0,0.72,19,North,0
63,Male,50279.21,570.0,0.13,43,West,1
52,Female,73142.72,589.0,0.43,30,South,1
60,Male,85285.57,850.0,0.23,40,South,1
60,Male,53538.04,746.0,0.8,39,South,1
27,Male,80955.73,646.0,0.34,3,East,1
42,Female,84725.16,699.0,0.14,19,South,1
34,Female,48761.66,717.0,0.36,14,South,0
53,Male,79591.37,669.0,0.65,30,West,1
62,Male,88417.33,707.0,0.58,39,East,1
24,Female,37272.32,809.0,0.38,1,West,0
22,Female,93644.08,696.0,0.38,0,South,1
42,Female,75137.53,728.0,0.33,21,North,1
34,Female,68342.24,747.0,0.34,13,North,1
23,Female,101906.8,678.0,0.56,0,East,0
52,Male,81942.62,638.0,0.58,29,West,1
54,Male,52333.32,683.0,0.25,30,South,1
65,Female,60215.45,622.0,0.2,42,East,1
54,Female,48502.04,596.0,0.67,31,South,0
32,Male,101209.52,646.0,0.8,11,North,0
64,Male,39332.16,626.0,0.73,43,North,0
55,Male,106286.48,734.0,0.25,32,West,1
49,Male,58045.7,619.0,0.23,26,East,1
29,Female,31864.86,542.0,0.54,6,West,0
47,Female,57541.09,717.0,0.66,26,South,0
34,Female,79436.21,628.0,0.62,10,West,0
52,Male,51950.91,667.0,0.19,29,East,1
24,Female,63139.69,638.0,0.65,2,North,0
24,Female,76055.35,755.0,0.4,4,South,0
46,Male,38895.12,602.0,0.32,23,North,1
24,Female,92636.59,725.0,0.11,1,North,1
46,Male,97193.75,639.0,0.78,22,East,1
29,Female,40671.58,708.0,0.73,7,South,0
33,Male,68594.89,630.0,0.75,11,North,0
53,Female,60250.73,703.0,0.67,32,South,0
66,Male,60677.32,702.0,0.12,43,West,1
33,Female,45334.56,766.0,0.3,10,South,0
56,Male,61663.57,611.0,0.16,34,North,1
35,Male,68370.4,657.0,0.29,14,West,1
41,Female,59636.46,678.0,0.38,21,North,0
24,Female,77768.84,776.0,0.74,1,North,0
68,Female,53189.98,735.0,0.29,44,North,1
68,Male,63521.61,646.0,0.75,45,West,1
24,Male,59189.46,701.0,0.37,3,North,1
59,Male,86695.54,790.0,0.77,39,East,1
32,Male,46965.3,752.0,0.58,11,West,0
58,Female,71102.6,720.0,0.65,35,North,0
30,Female,105297.5,610.0,0.62,6,West,0
67,Male,87294.87,756.0,0.22,45,North,1
45,Female,93330.3,641.0,0.46,23,East,1
57,Female,90444.46,597.0,0.74,35,South,0
42,Male,84730.54,766.0,0.61,20,East,1
43,Female,44925.83,732.0,0.45,22,West,0
39,Female,76816.35,656.0,0.25,16,North,1
49,Male,47142.23,812.0,0.78,28,West,0
31,Female,80181.74,650.0,0.23,11,West,1
22,Male,68598.22,646.0,0.49,1,East,0
64,Female,59662.1,559.0,0.15,43,West,1
64,Male,58542.01,718.0,0.23,42,South,1
33,Female,81631.74,712.0,0.42,11,South,1
50,Male,70864.65,829.0,0.35,28,North,1
45,Female,25000.0,722.0,0.57,24,West,0
46,Female,40872.94,557.0,0.15,22,East,0
32,Female,50420.52,686.0,0.19,8,West,0
64,Female,97101.94,763.0,0.33,44,East,1
24,Female,51823.12,763.0,0.27,0,North,0
44,Male,70449.49,706.0,0.2,22,West,1
22,Male,38722.78,603.0,0.7,0,South,0
39,Female,90709.79,619.0,0.6,18,East,0
64,Female,51895.5,703.0,0.71,44,West,0
31,Female,44849.01,600.0,0.17,7,East,0
63,Female,48109.41,741.0,0.45,43,South,1
23,Male,89289.05,634.0,0.55,0,North,0
69,Female,55492.58,685.0,0.27,45,South,1
58,Male,39929.51,680.0,0.6,37,West,1
36,Male,64140.87,764.0,0.18,14,North,1
54,Female,81438.98,656.0,0.75,32,West,0
47,Female,57258.34,620.0,0.51,23,North,0
24,Female,45487.06,679.0,0.17,4,South,0
62,Female,41874.59,708.0,0.64,40,West,0
47,Male,39089.01,739.0,0.42,26,North,1
51,Female,62332.14,563.0,0.12,27,West,1
62,Male,75916.46,640.0,0.11,41,East,1
31,Female,66577.23,563.0,0.59,9,West,0
53,Female,81701.33,719.0,0.51,32,South,1
52,Female,44509.82,774.0,0.57,30,West,0
27,Male,66008.3,695.0,0.27,5,West,1
31,Male,95640.53,688.0,0.14,8,East,1
34,Male,77318.82,637.0,0.52,12,South,1
47,Male,48484.32,707.0,0.13,24,South,1
39,Female,75313.67,630.0,0.28,17,North,1
30,Male,32154.2,725.0,0.49,10,North,0
30,Female,59876.42,747.0,0.69,9,East,0
22,Male,68550.33,765.0,0.19,0,East,1
28,Male,57395.14,605.0,0.5,8,West,0
34,Male,63476.29,713.0,0.55,13,North,1
52,Male,39855.34,730.0,0.78,32,South,0
68,Male,74726.89,773.0,0.13,45,West,1
47,Female,87207.47,509.0,0.31,24,North,1
28,Male,62036.35,689.0,0.21,5,South,1
36,Male,81036.93,684.0,0.72,15,North,0
40,Male,57864.56,748.0,0.48,20,East,1
58,Female,48597.04,830.0,0.33,36,West,1
40,Male,34591.88,714.0,0.25,17,East,1
27,Male,87331.25,720.0,0.46,4,East,1
42,Female,71353.1,691.0,0.66,20,West,0
64,Male,66212.63,634.0,0.64,42,South,1
41,Female,78693.42,648.0,0.55,21,West,0
55,Male,42174.39,700.0,0.8,31,South,0
38,Male,49031.06,626.0,0.75,16,North,0
37,Male,60879.83,713.0,0.75,13,North,0
52,Female,72803.21,549.0,0.75,31,South,0
30,Female,34399.1,555.0,0.59,8,South,0
33,Female,67034.09,613.0,0.59,9,North,0
59,Female,68100.44,655.0,0.47,39,South,1
61,Male,38535.99,636.0,0.49,38,South,1
42,Female,30771.39,562.0,0.78,18,North,0
56,Male,84741.14,712.0,0.5,35,West,1
42,Male,87931.34,751.0,0.3,20,North,1
26,Female,55044.86,454.0,0.32,5,South,0
61,Female,30082.79,638.0,0.69,39,West,0
31,Male,54499.35,715.0,0.39,7,West,1
56,Female,74785.76,810.0,0.77,33,West,0
59,Female,87607.07,673.0,0.25,39,East,1
58,Female,67251.75,772.0,0.5,35,North,1
68,Male,49939.28,587.0,0.6,45,South,1
56,Male,67673.72,614.0,0.7,34,West,1
51,Female,48286.91,681.0,0.73,27,East,0
53,Female,44245.48,729.0,0.17,30,South,1
53,Female,97345.4,606.0,0.34,29,East,1
55,Male,85961.11,677.0,0.75,33,East,1
24,Female,80290.77,743.0,0.79,4,West,0
54,Female,95660.58,664.0,0.79,33,South,0
36,Male,50049.55,760.0,0.25,15,North,1
38,Female,60928.69,629.0,0.4,18,South,0
34,Female,94961.42,650.0,0.72,14,South,0
61,Female,87450.0,828.0,0.55,37,North,1
54,Female,62577.05,669.0,0.27,33,North,1
42,Female,65755.73,643.0,0.64,21,East,0
25,Female,62453.22,703.0,0.11,3,South,1
63,Male,67250.22,742.0,0.52,40,North,1
36,Female,46003.69,536.0,0.67,14,South,0
27,Female,74881.21,643.0,0.27,3,North,0
67,Female,48902.03,603.0,0.76,44,East,0
59,Female,36203.45,618.0,0.3,38,West,0
42,Male,76509.82,644.0,0.78,20,East,0
41,Female,61584.73,668.0,0.72,21,East,0
41,Female,61387.89,730.0,0.66,20,East,0
35,Male,77624.22,775.0,0.21,12,West,1
27,Female,72001.82,731.0,0.26,5,East,1
65,Female,104316.1,578.0,0.33,42,West,1
43,Female,47460.03,718.0,0.28,23,East,1
45,Female,55039.18,750.0,0.49,21,West,0
42,Male,45951.42,719.0,0.76,20,East,0
64,Male,91990.7,664.0,0.54,41,South,1
65,Female,71558.94,803.0,0.41,42,South,1
33,Male,63203.32,640.0,0.7,10,South,0
56,Male,96673.4,718.0,0.24,33,South,1
54,Female,89531.44,749.0,0.75,30,West,0
44,Female,87177.14,699.0,0.33,22,South,1
39,Male,72822.56,720.0,0.63,16,South,1
50,Male,96107.5,847.0,0.64,26,North,1
34,Female,34567.48,723.0,0.64,11,East,0
51,Male,67066.43,821.0,0.3,28,South,1
68,Female,25000.0,763.0,0.52,45,South,0
45,Male,62692.31,660.0,0.33,24,West,1
30,Male,55851.26,606.0,0.61,9,West,0
52,Male,70092.51,689.0,0.26,30,North,1
44,Male,90801.3,728.0,0.21,20,South,1
50,Female,89862.99,614.0,0.51,26,West,1
66,Male,76283.09,673.0,0.32,44,West,1
33,Male,58267.39,807.0,0.57,13,North,1
51,Male,99757.67,710.0,0.78,27,East,1
61,Male,59221.09,747.0,0.15,41,North,1
66,Male,62615.29,721.0,0.45,45,East,1
45,Male,74816.3,672.0,0.34,22,North,1
64,Female,59421.81,687.0,0.69,42,South,0
59,Female,37647.23,802.0,0.39,36,North,1
54,Male,100818.02,723.0,0.68,33,North,1
23,Male,98665.27,552.0,0.46,0,East,1
59,Female,69280.5,715.0,0.74,36,South,0
61,Male,84380.72,598.0,0.74,39,West,1
34,Female,65025.24,677.0,0.48,10,North,0
43,Female,62963.24,704.0,0.35,23,West,1
45,Male,105002.94,561.0,0.12,25,East,1
28,Male,54600.81,631.0,0.66,5,North,0
51,Male,53059.69,685.0,0.25,28,South,1
46,Female,85541.4,783.0,0.62,23,North,1
57,Male,82695.41,642.0,0.68,35,East,1
52,Male,119317.95,670.0,0.77,32,North,1
48,Male,28833.36,644.0,0.55,25,South,0
45,Female,102307.98,677.0,0.18,23,East,1
46,Female,60437.69,667.0,0.5,22,North,0
61,Female,53545.84,674.0,0.37,38,West,1
55,Male,78011.06,680.0,0.3,31,East,1
58,Male,47448.7,772.0,0.41,35,North,1
42,Female,43140.47,830.0,0.46,22,South,0
46,Male,105171.5,627.0,0.68,26,West,1
32,Female,64806.74,579.0,0.8,11,North,0
36,Female,74156.73,654.0,0.17,12,West,1
67,Female,66851.79,745.0,0.34,44,South,1
65,Male,83949.52,645.0,0.19,45,East,1
60,Female,87342.08,680.0,0.23,40,North,1
36,Female,92214.6,646.0,0.79,14,South,0
41,Female,41027.46,745.0,0.54,21,West,0
61,Male,98828.85,622.0,0.61,37,West,1
66,Male,68097.13,606.0,0.52,44,South,1
49,Male,70728.31,608.0,0.42,27,North,1
45,Male,40086.64,839.0,0.2,23,East,1
33,Female,50756.2,698.0,0.8,12,South,0
24,Female,81655.42,579.0,0.63,3,West,0
37,Female,40155.3,620.0,0.59,17,West,0
35,Male,70948.49,830.0,0.33,11,East,1
54,Male,52167.38,658.0,0.23,34,West,1
38,Male,41606.57,728.0,0.66,15,South,0
43,Female,54379.35,624.0,0.51,21,North,0
38,Female,44692.5,690.0,0.48,15,East,0
55,Female,96862.68,737.0,0.55,32,East,1
24,Male,96142.52,610.0,0.24,0,South,1
66,Male,87412.88,607.0,0.55,43,South,1
36,Male,100352.24,673.0,0.23,15,East,1
48,Male,67644.48,606.0,0.36,27,West,1
63,Male,88278.34,659.0,0.32,39,East,1
36,Female,55359.61,620.0,0.63,16,North,0
39,Female,69894.41,801.0,0.23,16,South,1
44,Female,98056.37,762.0,0.68,22,West,1
23,Female,44226.44,640.0,0.13,0,East,0
48,Female,61137.98,729.0,0.22,26,West,1
36,Female,55861.44,637.0,0.73,14,South,0
30,Male,42814.33,677.0,0.41,8,South,0
34,Female,62664.27,725.0,0.54,12,South,0
44,Male,55432.17,704.0,0.69,21,South,0
68,Female,78614.84,680.0,0.24,45,South,1
65,Male,25000.0,656.0,0.48,44,South,1
55,Male,80625.94,716.0,0.22,32,East,1
50,Male,51954.29,711.0,0.41,29,West,1
34,Female,49113.27,665.0,0.43,13,West,0
56,Male,68193.56,612.0,0.47,32,North,1
35,Female,99911.28,695.0,0.26,12,South,1
42,Female,54650.38,546.0,0.4,18,South,0
64,Male,25748.16,782.0,0.51,40,North,1
25,Female,53924.49,663.0,0.28,4,North,0
51,Male,50674.4,754.0,0.4,28,East,1
59,Female,64661.49,775.0,0.54,37,East,1
38,Female,106618.28,672.0,0.35,15,East,1
38,Female,79368.6,569.0,0.15,17,South,1
47,Female,35235.86,695.0,0.79,25,West,0
41,Female,128500.61,734.0,0.53,17,South,1
52,Female,68448.07,559.0,0.74,32,North,0
41,Female,53724.92,626.0,0.29,19,North,0
36,Male,62937.95,572.0,0.43,12,West,0
31,Male,42777.64,794.0,0.16,11,North,1
52,Male,60305.35,635.0,0.77,32,West,0
28,Female,43234.77,653.0,0.23,4,East,0
36,Female,49384.79,777.0,0.4,15,North,0
58,Female,40081.21,795.0,0.67,37,South,0
26,Female,62423.68,820.0,0.72,3,West,0
67,Female,47115.3,654.0,0.66,45,South,0
52,Female,66073.52,696.0,0.34,32,East,1
57,Male,93175.43,631.0,0.16,36,West,1
32,Female,67726.18,593.0,0.53,8,South,0
47,Female,74790.9,674.0,0.11,23,North,1
48,Male,61718.33,748.0,0.2,27,North,1
45,Male,25000.0,716.0,0.27,21,East,1
56,Male,67278.61,682.0,0.44,35,East,1
35,Male,82691.1,718.0,0.44,13,West,1
32,Male,76380.72,616.0,0.18,11,East,1
24,Male,27739.92,553.0,0.21,4,West,0
58,Male,73196.1,746.0,0.13,38,North,1
38,Male,57731.58,705.0,0.29,18,North,1
43,Female,46442.64,662.0,0.45,23,South,0
63,Male,80177.55,693.0,0.74,39,West,1
54,Female,46568.91,767.0,0.4,30,South,1
54,Male,84472.63,636.0,0.7,31,West,1
62,Female,97627.55,629.0,0.77,38,East,0
40,Female,71177.57,709.0,0.53,18,East,0
52,Female,42271.95,723.0,0.25,29,North,1
42,Female,88562.82,748.0,0.78,20,South,0
53,Male,49034.5,551.0,0.23,32,West,1
56,Female,54875.83,775.0,0.79,32,South,0
60,Male,79064.23,637.0,0.6,40,South,1
53,Female,91719.4,713.0,0.59,33,East,1
67,Female,47295.79,698.0,0.59,45,West,0
54,Female,47638.45,756.0,0.68,34,North,0
50,Female,75046.44,629.0,0.58,28,North,0
34,Male,78877.68,637.0,0.23,11,West,1
40,Male,69149.24,702.0,0.73,16,East,0
45,Male,78574.49,727.0,0.55,23,North,1
67,Female,40678.59,631.0,0.34,43,South,1
39,Male,80530.97,598.0,0.28,16,East,1
23,Male,85439.83,681.0,0.39,2,North,1
36,Male,67232.09,602.0,0.36,16,East,1
32,Female,38697.88,617.0,0.69,9,North,0
34,Male,88526.79,682.0,0.78,12,South,0
28,Male,68253.41,622.0,0.5,8,North,0
54,Female,54372.5,639.0,0.37,30,North,0
48,Male,48087.99,574.0,0.48,24,East,0
39,Female,83180.37,543.0,0.17,16,East,1
55,Male,66587.19,661.0,0.61,34,North,1
63,Male,115350.34,640.0,0.29,43,East,1
43,Male,52523.68,681.0,0.56,20,West,0
24,Female,56239.51,481.0,0.33,4,South,0
30,Male,45796.15,750.0,0.35,7,South,1
51,Male,48401.38,634.0,0.33,28,South,1
45,Female,56507.73,534.0,0.78,21,East,0
43,Male,102005.9,693.0,0.58,23,West,1
34,Female,71022.97,612.0,0.2,14,South,1
31,Female,51461.71,553.0,0.61,10,West,0
38,Male,88087.05,689.0,0.2,17,West,1
44,Male,81133.4,697.0,0.32,23,West,1
56,Male,102182.3,677.0,0.34,32,East,1
26,Female,31029.13,622.0,0.54,2,West,0
33,Male,46675.84,751.0,0.33,10,North,1
67,Male,73833.7,606.0,0.62,43,North,1
44,Female,58327.22,773.0,0.63,21,North,0
38,Male,59437.59,677.0,0.73,16,East,0
25,Female,43047.09,620.0,0.14,1,South,0
36,Female,60307.02,733.0,0.12,13,South,1
56,Female,55120.39,668.0,0.45,34,South,0
58,Female,60584.94,710.0,0.48,36,East,1
52,Female,42440.8,731.0,0.14,30,North,1
38,Female,34696.69,625.0,0.21,14,South,0
64,Female,56828.9,665.0,0.29,44,East,1
48,Male,99485.91,672.0,0.42,25,East,1
25,Female,53359.9,741.0,0.29,4,South,0
66,Female,67647.82,652.0,0.14,45,South,1
57,Male,67471.92,768.0,0.3,33,East,1
65,Male,53638.39,770.0,0.22,45,East,1
49,Male,66470.5,755.0,0.36,26,North,1
55,Male,55826.84,717.0,0.3,33,West,1
37,Female,63027.66,579.0,0.4,13,West,0
35,Male,67083.53,714.0,0.36,13,West,1
64,Female,59798.22,559.0,0.65,41,West,0
60,Female,72149.59,626.0,0.1,37,North,1
48,Female,80379.95,608.0,0.24,25,East,1
46,Female,65965.12,603.0,0.69,24,North,0
51,Female,57954.93,755.0,0.59,31,North,0
25,Female,76677.25,675.0,0.47,2,South,0
23,Female,74573.07,759.0,0.78,3,West,0
59,Female,93580.99,632.0,0.67,39,West,1
31,Female,62800.06,673.0,0.29,8,North,0
32,Female,57485.07,639.0,0.36,10,North,0
39,Male,72978.05,643.0,0.33,17,North,1
63,Female,78352.26,667.0,0.49,41,West,1
54,Female,30604.76,471.0,0.67,34,East,0
48,Male,46584.34,654.0,0.28,24,East,1
65,Male,96606.01,787.0,0.78,41,East,1
40,Female,56219.62,704.0,0.61,17,South,0
27,Male,43756.82,589.0,0.35,3,South,0
68,Female,54630.4,588.0,0.59,45,East,0
49,Female,58455.94,609.0,0.16,28,South,1
51,Female,45690.19,683.0,0.74,27,West,0
44,Male,75195.33,683.0,0.72,21,South,0
39,Female,54279.97,567.0,0.36,18,East,0
37,Female,84280.25,627.0,0.71,17,North,0
56,Male,72366.55,564.0,0.56,32,East,1
33,Male,78970.62,622.0,0.72,12,South,0
56,Male,32356.35,663.0,0.63,34,North,0
67,Male,82145.3,708.0,0.76,45,East,1
58,Male,74450.02,718.0,0.78,38,South,1
44,Female,78293.76,790.0,0.71,20,North,0
23,Male,77507.49,514.0,0.33,0,North,1
67,Female,58966.07,687.0,0.14,45,East,1
64,Male,68879.83,708.0,0.29,43,South,1
50,Male,85548.82,710.0,0.29,26,West,1
69,Male,67888.37,749.0,0.54,45,South,1
44,Male,65149.72,595.0,0.34,20,East,1
47,Male,73759.43,545.0,0.11,24,South,1
58,Female,60874.13,606.0,0.46,37,North,0
47,Male,112766.25,607.0,0.24,26,South,1
28,Female,58449.95,598.0,0.2,7,East,0
43,Male,69938.27,733.0,0.73,22,North,1
46,Female,66653.83,652.0,0.12,24,East,1
41,Female,57992.57,670.0,0.53,17,West,0
66,Male,25000.0,762.0,0.48,43,East,1
43,Female,95997.43,683.0,0.49,22,West,1
49,Male,65835.38,688.0,0.24,27,West,1
62,Male,42453.6,729.0,0.47,39,West,1
53,Female,86221.81,581.0,0.66,33,South,0
44,Female,74445.41,678.0,0.65,21,East,0
68,Female,65416.99,728.0,0.6,45,West,1
50,Female,56921.06,717.0,0.6,29,West,0
47,Female,36077.95,660.0,0.57,25,East,0
23,Female,59093.17,703.0,0.42,0,East,0
63,Male,44771.16,673.0,0.61,43,West,1
47,Male,53738.39,718.0,0.79,27,East,0
45,Male,74221.27,786.0,0.39,21,South,1
51,Female,81752.14,650.0,0.75,30,North,0
32,Female,25000.0,727.0,0.76,9,East,0
30,Male,78820.4,661.0,0.16,9,South,1
43,Male,80697.89,695.0,0.13,23,South,1
68,Female,79206.17,566.0,0.33,44,West,1
64,Female,76894.42,603.0,0.2,43,West,1
54,Female,87947.72,715.0,0.25,32,East,1
44,Female,57242.48,722.0,0.79,22,South,0
31,Male,63292.91,785.0,0.51,11,West,1
35,Male,70821.68,715.0,0.46,14,East,1
33,Male,52903.36,660.0,0.48,12,West,0
42,Female,66244.74,621.0,0.47,20,South,0
26,Male,54408.87,659.0,0.24,6,South,1
44,Female,68605.33,770.0,0.66,22,East,0
52,Male,81972.39,698.0,0.38,29,West,1
67,Male,62253.54,667.0,0.15,44,South,1
57,Male,31222.23,721.0,0.76,36,South,0
66,Male,57370.59,717.0,0.5,45,North,1
47,Male,104353.83,735.0,0.35,26,South,1
47,Male,56022.04,669.0,0.59,23,East,0
59,Male,70821.48,636.0,0.67,35,North,1
44,Male,50681.28,754.0,0.57,23,East,1
59,Male,65375.05,634.0,0.39,38,East,1
65,Male,61226.91,639.0,0.22,42,East,1
59,Male,71706.92,816.0,0.16,36,East,1
29,Female,77896.97,787.0,0.17,5,South,1
43,Male,54752.71,741.0,0.71,23,West,0
48,Female,48787.76,661.0,0.47,25,West,0
53,Female,77689.04,609.0,0.73,31,West,0
38,Female,78658.28,716.0,0.13,14,West,1
22,Male,52780.92,715.0,0.51,0,South,0
48,Female,57077.88,648.0,0.55,28,West,0
65,Male,54731.19,628.0,0.54,43,North,1
51,Female,44461.24,817.0,0.31,30,West,1
30,Female,95962.29,698.0,0.63,9,North,0
36,Female,61542.45,722.0,0.39,13,East,0
66,Male,25000.0,590.0,0.32,44,East,1
34,Male,67075.08,722.0,0.62,12,South,0
68,Female,71196.6,835.0,0.46,44,North,1
62,Male,40423.97,706.0,0.66,42,South,1
69,Female,76975.59,635.0,0.72,45,East,0
38,Male,84271.44,628.0,0.21,17,East,1
34,Female,90341.55,533.0,0.73,14,East,0
23,Male,54464.64,681.0,0.78,1,South,0
38,Female,72026.55,736.0,0.45,16,West,0
39,Female,108881.13,689.0,0.29,15,North,1
46,Female,90848.96,553.0,0.36,25,West,1
53,Male,62853.11,738.0,0.31,33,East,1
38,Female,85150.25,666.0,0.55,18,East,0
46,Female,56105.0,633.0,0.27,26,West,1
47,Female,80656.8,764.0,0.28,24,East,1
24,Female,29049.55,599.0,0.8,4,South,0
41,Female,55844.02,617.0,0.46,20,South,0
39,Male,65264.57,713.0,0.61,16,South,1
57,Female,76130.44,619.0,0.26,34,West,1
23,Male,66006.96,700.0,0.26,2,North,1
32,Female,80597.69,671.0,0.74,8,West,0
53,Female,78254.03,676.0,0.55,29,North,1
30,Male,67996.14,766.0,0.73,9,West,0
47,Male,25000.0,626.0,0.4,26,South,0
39,Male,82420.82,664.0,0.48,17,North,1
26,Male,30881.69,619.0,0.16,2,West,0
65,Female,41587.08,646.0,0.78,44,East,0
25,Male,81595.22,620.0,0.12,1,North,1
42,Female,73436.47,586.0,0.23,19,East,1
55,Male,46172.49,757.0,0.3,33,East,1
58,Female,74509.69,585.0,0.51,38,East,1
55,Female,39622.48,745.0,0.62,32,North,0
55,Female,53014.88,657.0,0.72,35,West,0
46,Female,76057.8,759.0,0.41,23,South,1
60,Male,71547.72,687.0,0.2,38,West,1
53,Female,71204.84,616.0,0.55,30,East,0
47,Female,65044.92,663.0,0.15,24,South,1
65,Male,80291.48,746.0,0.3,44,South,1
49,Female,66163.1,747.0,0.34,28,South,1
59,Female,118204.52,618.0,0.42,35,West,1
52,Female,59448.19,765.0,0.56,28,South,0
68,Female,96957.58,734.0,0.12,45,East,1
51,Male,85613.0,769.0,0.52,31,North,1
57,Female,87559.98,728.0,0.12,34,East,1
25,Female,63120.93,620.0,0.23,3,South,0
42,Male,50149.41,720.0,0.28,18,North,1
50,Female,43150.79,612.0,0.67,27,South,0
22,Female,118206.31,707.0,0.79,0,East,0
28,Male,68025.64,779.0,0.47,8,East,1
33,Female,71979.7,617.0,0.26,12,East,1
69,Male,69454.98,768.0,0.62,45,North,1
50,Female,80187.72,615.0,0.16,26,East,1
49,Female,111710.42,573.0,0.38,29,South,1
62,Male,76314.66,706.0,0.13,38,South,1
55,Female,28445.96,695.0,0.68,34,East,0
33,Male,33275.22,677.0,0.33,11,East,0
36,Male,67444.36,739.0,0.16,12,South,1
64,Male,63127.6,734.0,0.37,44,South,1
31,Male,70813.21,536.0,0.39,7,South,0
68,Female,91761.32,792.0,0.33,44,East,1
66,Male,70972.62,788.0,0.61,42,South,1
30,Female,56686.31,604.0,0.61,7,North,0
59,Female,81219.93,649.0,0.78,38,East,0
55,Female,79667.8,736.0,0.57,31,East,1
32,Male,45098.97,709.0,0.77,8,West,0
46,Female,79469.03,735.0,0.54,23,West,1
48,Male,87364.49,774.0,0.12,27,East,1
56,Female,64251.23,747.0,0.52,35,North,1
43,Female,111138.88,623.0,0.8,22,South,0
53,Female,56906.98,739.0,0.14,30,North,1
66,Female,78871.19,732.0,0.17,42,East,1
58,Female,90725.12,626.0,0.41,37,West,1
51,Female,93046.9,564.0,0.4,30,West,1
54,Male,44511.49,744.0,0.24,33,South,1
28,Male,62359.61,562.0,0.64,5,North,0
60,Male,34501.02,717.0,0.27,38,South,1
40,Male,98059.12,692.0,0.24,16,South,1
48,Female,53581.26,744.0,0.65,28,North,0
52,Male,68071.97,722.0,0.12,29,South,1
34,Female,114379.04,850.0,0.78,14,West,1
52,Female,65134.77,772.0,0.33,31,East,1
47,Female,53204.89,650.0,0.76,25,North,0
65,Female,56461.83,570.0,0.75,42,North,0
43,Male,72294.78,800.0,0.77,19,West,1
26,Female,64679.21,727.0,0.39,6,West,0
25,Male,40497.03,598.0,0.49,3,West,0
22,Male,81013.63,613.0,0.21,0,South,1
52,Female,84159.3,646.0,0.56,29,West,1
64,Male,59343.47,710.0,0.6,40,West,1
45,Female,59050.98,751.0,0.26,23,East,1
49,Male,77229.52,774.0,0.4,25,East,1
58,Female,102651.91,607.0,0.62,36,East,1
41,Male,64216.76,636.0,0.28,20,West,1
63,Female,80515.45,752.0,0.69,40,East,1
66,Female,26475.36,662.0,0.44,42,North,0
34,Male,52341.99,682.0,0.65,13,East,0
47,Male,93082.07,745.0,0.35,24,West,1
54,Male,46387.34,687.0,0.73,33,North,0
22,Male,85131.29,586.0,0.2,1,North,1
30,Male,45805.04,605.0,0.49,10,West,0
56,Female,56655.07,635.0,0.55,34,South,0
52,Female,80812.57,681.0,0.53,28,West,1
44,Female,67290.1,628.0,0.15,22,North,1
42,Female,78713.57,705.0,0.56,22,North,0
45,Male,54977.68,701.0,0.42,22,East,1
46,Male,61200.91,676.0,0.11,24,East,1
62,Male,86060.11,628.0,0.46,40,East,1
23,Male,43056.1,753.0,0.39,2,South,0
51,Male,79839.39,581.0,0.68,29,North,1
24,Male,82031.89,723.0,0.32,3,West,1
63,Female,89823.79,759.0,0.27,41,South,1
32,Male,93870.54,799.0,0.25,10,South,1
49,Male,56383.84,770.0,0.42,29,West,1
43,Male,74800.63,784.0,0.28,20,West,1
49,Male,72042.14,726.0,0.11,26,East,1
22,Male,81308.08,593.0,0.51,2,West,0
53,Female,62906.02,748.0,0.29,31,South,1
36,Male,68385.88,753.0,0.12,14,North,1
40,Male,77205.94,660.0,0.43,16,South,1
62,Male,90638.92,650.0,0.55,39,North,1
50,Male,40612.79,576.0,0.45,27,West,0
53,Male,94672.75,612.0,0.2,32,North,1
38,Male,70802.28,759.0,0.22,18,West,1
41,Male,68543.25,690.0,0.34,17,West,1
65,Male,63595.2,643.0,0.28,44,West,1
39,Female,96934.06,609.0,0.47,18,East,1
64,Male,94351.54,723.0,0.34,43,South,1
45,Male,96942.42,632.0,0.43,21,North,1
36,Male,48238.41,801.0,0.66,15,North,0
58,Male,66523.57,628.0,0.32,35,South,1
39,Male,55183.65,574.0,0.4,18,West,1
45,Male,76721.11,649.0,0.8,23,South,0
36,Female,56592.81,620.0,0.72,14,South,0
36,Female,46708.28,736.0,0.25,15,West,0
29,Male,84769.92,679.0,0.71,5,East,0
47,Male,103425.09,660.0,0.62,23,North,1
29,Male,40347.45,571.0,0.53,6,South,0
64,Male,68148.48,729.0,0.56,42,South,1
46,Female,61304.59,637.0,0.74,26,West,0
54,Male,65377.38,734.0,0.32,32,East,1
30,Male,62297.3,640.0,0.58,7,East,0
25,Male,54367.56,620.0,0.78,3,East,0
49,Female,53539.9,649.0,0.45,27,South,0
58,Male,67019.04,598.0,0.73,35,West,0
47,Female,82920.94,795.0,0.31,25,North,1
39,Female,70742.49,703.0,0.68,17,North,0
54,Female,57333.88,668.0,0.21,31,South,1
55,Male,38809.88,664.0,0.67,33,South,0
64,Male,86564.31,588.0,0.51,40,South,1
29,Male,30785.64,692.0,0.59,9,South,0
27,Female,57591.83,762.0,0.13,4,North,1
48,Female,53936.16,683.0,0.11,26,South,1
51,Female,39838.02,651.0,0.6,29,North,0
28,Male,55036.78,748.0,0.68,8,West,0
45,Male,97789.02,680.0,0.56,23,South,1
66,Male,25000.0,774.0,0.74,45,East,0
34,Female,74993.92,785.0,0.79,14,North,0
63,Male,66719.22,617.0,0.22,42,East,1
47,Male,45655.49,701.0,0.79,25,West,0
42,Female,29095.59,718.0,0.77,22,West,0
26,Female,44821.68,644.0,0.61,5,North,0
41,Female,64416.42,603.0,0.22,19,South,1
62,Female,80310.95,607.0,0.62,40,West,1
34,Female,60618.26,558.0,0.18,11,North,0
27,Female,37178.58,735.0,0.31,4,West,0
67,Female,72210.16,611.0,0.22,43,North,1
30,Female,94662.8,730.0,0.29,10,North,1
58,Male,83859.62,839.0,0.63,37,North,1
32,Male,110756.29,669.0,0.19,9,West,1
38,Male,35883.63,613.0,0.61,17,East,0
60,Male,44345.05,690.0,0.15,40,North,1
60,Female,87213.28,647.0,0.48,40,South,1
23,Male,77991.94,804.0,0.26,0,South,1
38,Male,41349.55,535.0,0.73,18,West,0
59,Female,85660.57,713.0,0.78,37,North,0
54,Male,43562.42,682.0,0.42,34,South,1
33,Male,63979.66,686.0,0.23,10,East,1
27,Male,29401.93,823.0,0.15,3,North,1
55,Female,67200.23,689.0,0.54,34,East,1
60,Male,42785.58,622.0,0.64,40,North,0
68,Male,70034.86,681.0,0.53,45,West,1
30,Male,37641.18,577.0,0.14,6,West,1
38,Female,64528.87,749.0,0.78,14,South,0
65,Female,61983.52,702.0,0.15,42,East,1
48,Male,40397.55,628.0,0.66,26,East,0
31,Female,60480.73,697.0,0.68,8,West,0
30,Female,103142.07,699.0,0.28,8,North,1
62,Male,74321.75,570.0,0.33,39,South,1
62,Female,113205.06,668.0,0.23,39,East,1
27,Male,70950.78,574.0,0.44,7,North,0
36,Female,63574.1,579.0,0.8,14,East,0
44,Female,84848.93,637.0,0.45,20,East,1
52,Female,77959.79,706.0,0.44,30,South,1
46,Male,62440.45,746.0,0.3,25,West,1
26,Female,86446.56,818.0,0.65,2,West,0
54,Male,78778.85,720.0,0.71,33,North,1
68,Male,36657.77,608.0,0.28,45,North,1
36,Male,44847.4,480.0,0.74,13,East,0
44,Male,76389.85,784.0,0.61,23,South,1
24,Male,71727.21,711.0,0.61,3,East,0
50,Female,49406.3,691.0,0.72,29,South,0
27,Male,47529.29,637.0,0.15,7,West,1
62,Male,78170.82,736.0,0.68,39,West,1
43,Male,88702.36,751.0,0.72,19,North,1
38,Male,101648.92,739.0,0.65,16,North,1
37,Female,76898.2,640.0,0.69,14,South,0
57,Female,27791.32,699.0,0.59,36,South,0
36,Male,66588.47,572.0,0.44,16,East,1
51,Male,54476.66,623.0,0.1,30,North,1
44,Male,53363.59,613.0,0.72,21,South,0
35,Male,88275.53,673.0,0.4,15,North,1
42,Male,43401.7,694.0,0.28,21,West,1
61,Male,39363.16,689.0,0.24,38,South,1
60,Male,86138.28,715.0,0.41,38,East,1
66,Female,102264.87,701.0,0.34,45,North,1
42,Female,42285.95,575.0,0.62,20,East,0
65,Female,57603.77,587.0,0.23,41,West,1
64,Male,102996.29,588.0,0.11,41,South,1
69,Male,106712.57,682.0,0.44,45,West,1
29,Female,66594.44,631.0,0.39,5,West,0
37,Female,25000.0,726.0,0.34,17,East,0
61,Female,37600.89,731.0,0.13,39,East,1
23,Male,93824.67,493.0,0.46,3,South,1
68,Male,88127.18,696.0,0.37,44,South,1
29,Female,77432.82,623.0,0.48,8,North,0
37,Male,38392.1,680.0,0.32,14,West,1
68,Male,79616.1,674.0,0.5,45,West,1
61,Female,63289.74,708.0,0.21,38,North,1
27,Female,76052.58,620.0,0.13,5,North,1
29,Female,46371.09,652.0,0.3,5,South,0
24,Male,67531.07,628.0,0.65,0,East,0
34,Female,77826.86,645.0,0.53,13,West,0
33,Male,80820.47,638.0,0.21,10,East,1
32,Male,45174.4,690.0,0.47,11,South,0
52,Female,74131.24,632.0,0.33,29,South,1
24,Male,63093.2,719.0,0.41,1,West,1
56,Female,26568.38,755.0,0.1,34,South,1
22,Male,25000.0,752.0,0.62,1,West,0
30,Male,40196.67,557.0,0.79,9,South,0
31,Female,40830.51,672.0,0.22,11,South,0
54,Female,76163.73,579.0,0.37,30,East,1
58,Female,25917.35,678.0,0.6,35,West,0
24,Female,57946.01,679.0,0.66,4,West,0
53,Male,57430.56,632.0,0.33,33,West,1
30,Female,61323.42,635.0,0.1,6,South,1
37,Female,48959.14,802.0,0.64,13,South,0
25,Female,90920.48,733.0,0.57,5,North,0
64,Female,85863.29,556.0,0.29,41,East,1
22,Female,59353.39,626.0,0.44,2,East,0
66,Female,53214.63,664.0,0.68,45,East,0
52,Male,69779.72,844.0,0.36,28,South,1
57,Male,95225.43,555.0,0.59,36,East,1
39,Male,102995.56,706.0,0.71,16,West,1
35,Female,75882.27,801.0,0.69,11,South,0
36,Male,90434.18,666.0,0.2,15,South,1
27,Female,67155.05,567.0,0.74,6,West,0
29,Female,57742.18,704.0,0.33,9,East,0
49,Male,67031.38,653.0,0.68,29,West,1
38,Female,75556.3,604.0,0.68,15,East,0
22,Male,62785.11,703.0,0.57,1,East,0
43,Male,57910.1,658.0,0.69,19,North,0
46,Female,58558.93,675.0,0.33,26,East,1
41,Male,43591.9,582.0,0.38,21,North,0
65,Male,52572.27,653.0,0.25,45,South,1
66,Male,94396.51,645.0,0.65,42,East,1
45,Female,89689.11,771.0,0.72,21,East,0
48,Male,67664.04,671.0,0.55,25,West,1
34,Female,61169.94,830.0,0.41,12,East,0
44,Female,106835.07,594.0,0.76,21,West,0
24,Male,77912.62,615.0,0.14,4,North,1
42,Male,60365.01,607.0,0.42,21,South,1
37,Female,59683.5,809.0,0.21,13,North,1
31,Male,85247.0,568.0,0.12,8,North,1
62,Female,54280.83,777.0,0.64,38,South,0
65,Male,56492.46,661.0,0.15,44,North,1
48,Female,82022.46,700.0,0.64,25,North,0
68,Female,63646.06,672.0,0.52,45,North,1
24,Male,83051.46,664.0,0.22,1,East,1
34,Female,43845.54,663.0,0.73,14,West,0
34,Female,95736.21,770.0,0.49,12,South,1
66,Male,69840.88,641.0,0.36,45,East,1
49,Female,78243.49,701.0,0.26,28,East,1
22,Male,73601.71,649.0,0.51,0,North,0
43,Female,47173.47,735.0,0.4,21,East,0
60,Female,25000.0,771.0,0.62,40,West,0
35,Male,25000.0,632.0,0.53,14,East,0
35,Female,114736.21,607.0,0.39,12,North,1
43,Female,46501.54,672.0,0.37,20,East,0
60,Female,86402.18,764.0,0.69,37,West,1
50,Male,91897.31,627.0,0.23,28,East,1
40,Male,61973.29,503.0,0.7,19,South,0
42,Male,72342.34,664.0,0.26,21,East,1
64,Female,55887.35,663.0,0.66,42,South,0
46,Female,48302.49,777.0,0.49,26,North,0
28,Female,48678.92,621.0,0.52,4,East,0
49,Female,63627.14,635.0,0.3,26,North,1
39,Female,99909.55,471.0,0.66,16,East,0
25,Female,74689.36,702.0,0.1,1,North,1
43,Male,73426.81,781.0,0.44,22,West,1
55,Male,51948.0,709.0,0.73,32,North,0
29,Male,57239.92,672.0,0.14,8,North,1
54,Female,75987.37,738.0,0.75,33,West,0
35,Female,105410.06,780.0,0.59,15,South,1
28,Female,61071.05,581.0,0.43,7,East,0
40,Male,65824.91,772.0,0.46,18,East,1
28,Male,68118.43,810.0,0.44,5,South,1
63,Male,75921.15,817.0,0.45,40,East,1
55,Female,67798.18,787.0,0.16,32,West,1
42,Female,61662.28,645.0,0.8,22,South,0
46,Male,87753.85,725.0,0.11,26,South,1
62,Male,52674.74,682.0,0.34,40,East,1
45,Male,74417.55,710.0,0.34,23,North,1
26,Female,82800.41,771.0,0.32,2,South,1
37,Male,59176.92,589.0,0.74,15,East,0
28,Male,32222.71,810.0,0.25,5,North,1
38,Male,52130.6,662.0,0.63,16,West,0
54,Female,83298.28,727.0,0.71,30,East,0
47,Male,73258.12,687.0,0.14,26,West,1
62,Male,50350.24,592.0,0.14,42,East,1
36,Male,47388.46,666.0,0.25,15,South,1
64,Male,52126.86,562.0,0.12,41,North,1
40,Male,59341.92,762.0,0.69,19,West,0
23,Female,34811.77,710.0,0.32,0,North,0
31,Male,56796.49,559.0,0.55,8,West,0
44,Male,58114.09,641.0,0.59,22,West,0
31,Female,65345.12,758.0,0.63,9,South,0
66,Male,25000.0,536.0,0.29,42,South,1
53,Male,91840.55,599.0,0.46,31,North,1
39,Female,95082.45,627.0,0.29,16,South,1
68,Female,88158.85,611.0,0.13,45,West,1
62,Male,63533.6,712.0,0.11,40,South,1
53,Female,82595.78,726.0,0.67,31,North,1
56,Male,87704.64,517.0,0.5,36,East,1
41,Male,62897.6,596.0,0.78,20,South,0
51,Male,39203.66,652.0,0.8,29,West,0
53,Male,81445.72,620.0,0.15,29,South,1
38,Female,47355.36,769.0,0.48,14,East,0
38,Female,40568.49,694.0,0.55,16,East,0
35,Male,58225.45,609.0,0.58,14,East,0
40,Female,35089.86,721.0,0.32,17,South,0
35,Male,44849.03,811.0,0.32,14,East,1
53,Male,89852.98,742.0,0.18,32,South,1
59,Female,38527.77,684.0,0.19,37,East,1
41,Male,68321.81,826.0,0.16,19,East,1
43,Female,78949.21,686.0,0.59,19,West,0
68,Male,54149.38,754.0,0.45,45,South,1
50,Male,49586.61,685.0,0.61,27,West,0
40,Male,70266.24,668.0,0.43,18,West,1
37,Male,50141.03,673.0,0.58,17,South,0
25,Male,73427.01,675.0,0.14,5,South,1
23,Male,65173.89,724.0,0.29,1,North,1
30,Female,25000.0,810.0,0.18,7,West,0
37,Male,90306.35,715.0,0.12,17,East,1
52,Male,52629.68,807.0,0.12,30,East,1
47,Male,61413.22,609.0,0.23,24,West,1
30,Female,87597.25,666.0,0.13,9,South,1
38,Male,71309.5,616.0,0.52,15,North,1
36,Male,97831.43,654.0,0.48,14,West,1
41,Female,25000.0,672.0,0.42,18,East,0
65,Female,50343.02,667.0,0.44,43,South,1
62,Female,55831.15,639.0,0.12,42,West,1
25,Male,93269.85,747.0,0.66,2,North,1
52,Female,25000.0,646.0,0.61,30,West,0
24,Male,91569.31,695.0,0.27,4,West,1
27,Female,34749.04,646.0,0.44,7,East,0
47,Male,83121.85,697.0,0.61,23,West,1
36,Female,34601.64,540.0,0.34,14,West,0
50,Male,66118.36,721.0,0.46,29,West,1
24,Female,38473.46,679.0,0.3,4,South,0
69,Male,98794.08,664.0,0.12,45,West,1
68,Female,48175.83,718.0,0.39,45,West,1
49,Male,67628.32,700.0,0.17,26,East,1
37,Male,54923.41,577.0,0.62,17,South,0
29,Male,94386.28,579.0,0.15,5,South,1
48,Male,41816.53,752.0,0.75,27,West,0
24,Male,62372.94,666.0,0.64,2,West,0
52,Male,64006.49,659.0,0.79,32,South,0
33,Female,76199.23,598.0,0.12,11,North,1
51,Female,65849.68,700.0,0.76,28,North,0
50,Male,109478.61,648.0,0.68,29,East,1
27,Male,50300.68,723.0,0.64,6,West,0
51,Female,51866.47,626.0,0.46,30,South,0
57,Female,100839.61,681.0,0.15,35,South,1
32,Female,69298.6,800.0,0.1,12,South,1
50,Female,96075.37,729.0,0.42,29,East,1
59,Female,28409.11,596.0,0.2,35,West,0
65,Male,82096.51,644.0,0.59,42,West,1
43,Male,65237.45,618.0,0.5,19,North,1
30,Male,78039.12,718.0,0.66,10,North,0
27,Female,50685.11,651.0,0.19,7,North,0
28,Male,62765.53,563.0,0.24,8,North,1
51,Male,84196.37,660.0,0.57,28,West,1
68,Male,91907.29,602.0,0.68,45,South,1
64,Female,97012.82,745.0,0.26,44,West,1
51,Female,80897.71,726.0,0.21,31,North,1
53,Female,37822.24,722.0,0.17,33,North,1
30,Male,57592.25,648.0,0.56,9,East,0
47,Female,51568.86,694.0,0.64,23,North,0
60,Male,93957.82,695.0,0.27,38,West,1
41,Male,102805.49,568.0,0.15,19,East,1
30,Female,68601.61,733.0,0.34,9,South,0
33,Female,53643.42,645.0,0.44,9,South,0
39,Female,55344.11,701.0,0.46,17,West,0
61,Male,98069.96,631.0,0.71,40,North,1
45,Female,91731.65,609.0,0.36,23,East,1
47,Female,74340.75,628.0,0.56,25,South,0
26,Male,70734.09,693.0,0.78,6,East,0
33,Female,98621.28,697.0,0.4,13,East,1
64,Female,70852.98,560.0,0.29,42,East,1
34,Male,66286.68,692.0,0.15,12,North,1
37,Female,114443.43,740.0,0.53,17,West,1
56,Female,65619.51,609.0,0.55,33,East,0
61,Female,64359.73,699.0,0.13,40,West,1
63,Female,51203.8,647.0,0.12,42,South,1
67,Male,57662.0,717.0,0.61,45,East,1
59,Male,91115.9,673.0,0.37,38,North,1
27,Male,56119.73,695.0,0.77,7,South,0
50,Male,72134.49,705.0,0.3,26,West,1
51,Male,61271.83,621.0,0.23,27,North,1
29,Male,37722.53,610.0,0.31,7,North,0
58,Male,81535.91,618.0,0.72,36,South,1
40,Female,34441.46,790.0,0.77,16,West,0
36,Male,69040.5,644.0,0.79,14,East,0
33,Male,109042.19,675.0,0.11,11,North,1
27,Female,59453.57,775.0,0.65,5,West,0
43,Male,97329.03,575.0,0.32,20,West,1
54,Male,34357.04,713.0,0.42,31,North,1
53,Female,62448.96,774.0,0.13,33,West,1
29,Male,69912.17,675.0,0.26,9,East,1
25,Female,70119.12,721.0,0.56,2,North,0
45,Male,87895.12,601.0,0.71,23,North,1
49,Male,30664.87,665.0,0.78,29,North,0
39,Male,50061.08,694.0,0.41,19,West,1
47,Female,58164.34,669.0,0.3,27,South,1
35,Female,105449.14,727.0,0.75,13,East,0
43,Male,107582.48,721.0,0.59,22,North,1
41,Female,76402.86,652.0,0.65,21,East,0
37,Female,90186.7,674.0,0.11,17,East,1
56,Male,60401.6,622.0,0.36,33,East,1
33,Male,78739.24,598.0,0.16,9,North,1
49,Male,68488.17,631.0,0.5,29,East,1
31,Male,67317.25,559.0,0.51,9,West,0
46,Female,38892.85,672.0,0.27,25,North,0
59,Male,82645.32,566.0,0.67,39,South,1
34,Female,35179.95,722.0,0.46,14,South,0
38,Male,75974.72,715.0,0.32,18,East,1
39,Female,43872.46,666.0,0.58,19,East,0
24,Female,46709.13,608.0,0.1,1,East,0
30,Male,42598.14,775.0,0.33,8,North,1
60,Male,92859.81,655.0,0.44,38,East,1
69,Female,93067.3,752.0,0.58,45,East,1
29,Male,70071.59,761.0,0.34,7,East,1
68,Male,89560.07,599.0,0.23,45,South,1
44,Male,41818.5,797.0,0.3,20,East,1
60,Female,92774.95,575.0,0.52,36,West,1
35,Female,60162.99,667.0,0.1,13,South,1
69,Male,38241.27,624.0,0.28,45,North,1
26,Male,50878.82,649.0,0.53,3,West,0
57,Male,50497.12,616.0,0.74,35,South,0
44,Male,83239.52,650.0,0.77,20,East,0
26,Female,89962.49,624.0,0.37,4,East,0
37,Male,59670.73,736.0,0.61,14,North,0
34,Male,75864.59,586.0,0.78,13,North,0
32,Female,91788.98,676.0,0.56,10,North,0
23,Male,69267.15,703.0,0.17,2,South,1
55,Male,66360.23,715.0,0.17,35,East,1
38,Female,32922.61,624.0,0.77,18,North,0
68,Male,79642.14,624.0,0.38,45,North,1
67,Male,44969.8,658.0,0.25,44,West,1
28,Female,79513.7,634.0,0.26,6,East,1
53,Female,56741.02,769.0,0.8,33,North,0
27,Female,64630.18,625.0,0.76,7,South,0
58,Male,74074.6,731.0,0.29,36,West,1
38,Male,59932.38,617.0,0.2,15,South,1
35,Female,83527.16,690.0,0.46,15,East,1
43,Female,40046.72,591.0,0.67,19,West,0
58,Female,64868.3,652.0,0.79,34,South,0
26,Female,70987.38,807.0,0.2,3,North,1
39,Male,57296.02,705.0,0.65,17,South,0
68,Female,47502.18,743.0,0.14,45,West,1
43,Female,66358.88,592.0,0.75,20,West,0
67,Female,82742.69,722.0,0.42,45,North,1
67,Female,73759.71,598.0,0.18,45,West,1
31,Female,63437.97,752.0,0.19,9,North,1
26,Female,40232.61,686.0,0.78,3,West,0
41,Male,71247.22,690.0,0.73,21,East,0
47,Female,88798.86,749.0,0.51,26,West,1
42,Male,34419.89,558.0,0.47,22,South,0
66,Female,51374.03,621.0,0.53,45,East,0
42,Male,52079.82,850.0,0.14,20,West,1
63,Male,61568.25,770.0,0.19,43,North,1
44,Male,95167.39,668.0,0.63,20,South,1
27,Female,77606.9,618.0,0.79,5,West,0
54,Female,82636.34,607.0,0.51,31,East,1
58,Female,39324.51,631.0,0.24,36,North,1
29,Female,41210.0,600.0,0.5,9,South,0
45,Female,72589.77,695.0,0.11,24,East,1
55,Male,46116.27,707.0,0.56,32,West,1
62,Male,29495.57,596.0,0.59,38,South,0
63,Male,58810.54,728.0,0.41,42,West,1
67,Female,99166.97,753.0,0.62,43,West,1
50,Male,88350.78,847.0,0.52,30,South,1
45,Female,52563.54,562.0,0.3,22,South,0
69,Male,81956.32,715.0,0.14,45,East,1
67,Male,42254.7,700.0,0.62,45,South,1
33,Male,40135.92,660.0,0.75,9,North,0
58,Male,59707.94,785.0,0.73,34,South,1
22,Male,51535.2,636.0,0.31,2,West,0
48,Female,37964.85,625.0,0.46,28,South,0
54,Female,76301.56,660.0,0.53,33,West,1
43,Female,82501.41,681.0,0.75,21,North,0
55,Female,66777.81,636.0,0.73,32,West,0
38,Female,74719.03,714.0,0.12,15,East,1
22,Female,72551.74,769.0,0.26,2,East,1
26,Female,90491.39,757.0,0.14,6,East,1
23,Female,55851.77,593.0,0.49,0,West,0
37,Male,25000.0,685.0,0.52,13,East,0
50,Male,54671.83,646.0,0.71,28,South,0
53,Female,49995.72,604.0,0.64,32,North,0
25,Male,73843.92,791.0,0.24,1,North,1
46,Female,65570.28,654.0,0.16,26,West,1
54,Female,64269.73,699.0,0.36,30,South,1
49,Male,88239.79,631.0,0.26,25,North,1
50,Female,61440.29,593.0,0.78,27,North,0
56,Male,49161.23,735.0,0.52,32,South,1
33,Female,44420.49,793.0,0.1,11,South,1
42,Female,29475.95,822.0,0.2,19,South,1
38,Male,66653.28,712.0,0.57,14,East,1
61,Male,85401.85,621.0,0.47,37,North,1
66,Female,72219.48,638.0,0.74,45,East,0
51,Female,63586.46,602.0,0.55,31,East,0
42,Male,43981.83,567.0,0.73,18,West,0
63,Male,74757.06,793.0,0.61,43,West,1
23,Male,54729.29,714.0,0.73,1,North,0
61,Female,59000.96,760.0,0.21,39,East,1
60,Male,95408.78,634.0,0.53,38,South,1
40,Female,38404.03,626.0,0.5,18,West,0
28,Male,31954.07,669.0,0.7,5,West,0
69,Female,92211.25,664.0,0.23,45,East,1
63,Female,39420.62,685.0,0.26,40,South,1
25,Male,95984.4,735.0,0.27,2,South,1
64,Male,71890.06,718.0,0.79,42,West,1
42,Female,48560.92,850.0,0.72,22,East,0
38,Male,62505.17,671.0,0.7,18,South,0
60,Male,72691.22,663.0,0.45,39,North,1
47,Male,93987.18,647.0,0.12,24,West,1
59,Male,87487.61,766.0,0.61,37,East,1
25,Female,49245.01,847.0,0.55,3,East,0
62,Female,31722.18,659.0,0.52,39,East,0
54,Male,76501.95,621.0,0.23,34,North,1
36,Male,54352.63,645.0,0.24,14,North,1
62,Female,61571.7,750.0,0.19,41,North,1
67,Male,66799.73,680.0,0.5,45,West,1
44,Male,85878.3,632.0,0.24,24,South,1
45,Female,63079.74,770.0,0.38,23,South,1
51,Female,55876.67,600.0,0.21,28,East,1
46,Male,75024.78,593.0,0.47,25,West,1
31,Female,53296.14,621.0,0.31,8,South,0
27,Female,69393.54,767.0,0.7,7,West,0
56,Male,54861.56,691.0,0.73,32,South,0
39,Male,58799.03,660.0,0.45,18,South,1
28,Female,43102.91,756.0,0.58,7,North,0
23,Male,92682.82,661.0,0.8,0,East,0
41,Female,62482.15,629.0,0.17,18,West,1
43,Male,65319.14,772.0,0.6,20,North,1
33,Male,36391.25,630.0,0.76,10,North,0
54,Female,58204.67,720.0,0.42,34,South,1
29,Female,49435.81,670.0,0.41,8,North,0
69,Female,49912.44,771.0,0.76,45,South,0
61,Female,56317.16,571.0,0.75,40,North,0
44,Female,56340.22,669.0,0.65,22,North,0
38,Male,80084.77,742.0,0.6,18,East,1
23,Female,83061.95,677.0,0.52,3,West,0
44,Male,51359.26,685.0,0.49,21,North,1
60,Female,67810.1,704.0,0.3,39,North,1
56,Female,92944.89,788.0,0.26,33,East,1
27,Female,67515.01,705.0,0.66,7,North,0
47,Female,104965.04,605.0,0.22,26,South,1
26,Female,53974.23,682.0,0.79,4,East,0
43,Male,76703.43,609.0,0.38,21,South,1
50,Female,68628.46,544.0,0.17,29,North,1
29,Male,97002.98,588.0,0.13,6,North,1
52,Male,40918.21,695.0,0.7,31,South,0
33,Male,87194.57,699.0,0.42,9,North,1
47,Female,75035.61,791.0,0.13,26,West,1
39,Female,84372.33,728.0,0.67,17,West,0
59,Male,29475.52,693.0,0.5,37,West,1
31,Female,43710.61,696.0,0.7,7,North,0
29,Female,70414.98,612.0,0.43,9,East,0
50,Male,87313.1,652.0,0.55,28,North,1
48,Female,78233.99,602.0,0.67,28,West,0
49,Female,73838.96,647.0,0.27,28,North,1
66,Female,82099.4,715.0,0.34,45,South,1
42,Male,78904.11,626.0,0.51,18,North,1
64,Female,81173.29,806.0,0.68,41,East,1
42,Male,45726.88,651.0,0.12,22,North,1
37,Male,49117.96,688.0,0.62,14,East,0
53,Male,76458.18,700.0,0.45,31,East,1
24,Female,56841.13,727.0,0.53,4,North,0
26,Female,79895.11,704.0,0.45,3,West,0
34,Male,47825.86,718.0,0.24,12,West,1
55,Female,72113.83,628.0,0.36,32,West,1
26,Male,54982.18,652.0,0.12,2,South,1
42,Male,87789.79,700.0,0.5,20,South,1
68,Female,85079.5,705.0,0.68,44,East,1
29,Male,67937.72,642.0,0.59,6,South,0
46,Male,71231.73,596.0,0.21,26,South,1
45,Male,94248.41,719.0,0.32,25,East,1
49,Female,96414.19,660.0,0.68,25,South,0
68,Male,59468.04,562.0,0.72,45,North,1
64,Female,105281.92,677.0,0.72,41,South,1
53,Female,40962.24,731.0,0.55,29,North,0
35,Female,59300.13,679.0,0.31,11,East,0
64,Female,102540.04,679.0,0.36,42,North,1
57,Female,76218.56,676.0,0.11,33,West,1
50,Male,38175.35,613.0,0.44,29,South,1
65,Male,69131.26,547.0,0.35,44,South,1
69,Male,47901.17,671.0,0.37,45,North,1
24,Female,25000.0,588.0,0.47,1,North,0
28,Female,61718.86,725.0,0.38,7,North,0
47,Male,32156.33,719.0,0.52,26,West,0
39,Male,49628.69,643.0,0.37,15,South,1
44,Female,64102.21,615.0,0.66,23,South,0
23,Female,72871.52,627.0,0.36,2,North,0
36,Male,45611.26,652.0,0.74,14,East,0
40,Male,57702.37,707.0,0.7,18,East,0
31,Male,48000.37,610.0,0.42,7,West,0
65,Male,61870.07,524.0,0.21,44,East,1
36,Female,107150.14,542.0,0.42,12,East,1
51,Male,66110.24,691.0,0.52,29,West,1
51,Male,63250.61,788.0,0.7,29,South,1
40,Female,67571.23,614.0,0.11,20,East,1
25,Female,74279.29,773.0,0.45,1,South,0
53,Female,44977.43,503.0,0.13,33,West,1
43,Female,65976.08,623.0,0.5,23,North,0
27,Female,54505.2,654.0,0.11,3,North,0
62,Female,51733.63,708.0,0.42,41,North,1
23,Male,86199.99,706.0,0.37,2,North,1
49,Female,41168.58,679.0,0.33,28,East,0
51,Male,33437.19,712.0,0.26,28,West,1
50,Male,78336.13,778.0,0.7,26,East,1
25,Male,56010.59,753.0,0.29,5,East,1
23,Female,60303.59,782.0,0.61,2,West,0
37,Male,62405.09,691.0,0.69,14,East,0
62,Female,86106.04,721.0,0.35,39,South,1
65,Male,85844.18,745.0,0.43,42,East,1
41,Male,70643.7,631.0,0.16,20,West,1
59,Male,47455.34,651.0,0.14,36,West,1
29,Male,64546.43,734.0,0.4,7,South,1
35,Female,96473.95,774.0,0.15,14,West,1
66,Female,67204.07,556.0,0.63,45,North,0
23,Male,62470.67,762.0,0.23,3,East,1
51,Male,73295.61,714.0,0.65,30,North,1
65,Male,64905.83,713.0,0.74,41,East,1
36,Male,46974.56,626.0,0.26,13,North,1
33,Male,56273.04,726.0,0.25,11,East,1
24,Male,72218.07,672.0,0.65,2,South,0
68,Male,47709.59,712.0,0.33,45,East,1
46,Male,43120.04,611.0,0.49,22,East,0
62,Male,44999.47,613.0,0.52,38,North,1
31,Female,32315.82,688.0,0.14,10,South,0
47,Female,127957.32,793.0,0.31,23,West,1
54,Male,57490.64,518.0,0.41,32,North,1
57,Female,72984.33,522.0,0.36,36,West,1
42,Male,66779.94,655.0,0.23,20,East,1
51,Female,32032.57,673.0,0.14,31,North,1
50,Male,76845.44,541.0,0.61,30,East,1
35,Male,83372.66,650.0,0.33,15,East,1
64,Female,64132.68,607.0,0.59,42,West,0
58,Female,80204.13,605.0,0.78,36,South,0
43,Female,65996.19,594.0,0.18,21,South,1
53,Male,75469.34,798.0,0.14,31,South,1
44,Male,77709.91,691.0,0.29,24,East,1
30,Female,63916.18,594.0,0.77,9,South,0
53,Male,54578.58,776.0,0.57,33,South,1
41,Female,75802.74,544.0,0.39,20,East,0
30,Male,43781.87,583.0,0.25,8,West,0
22,Female,57668.98,720.0,0.61,2,North,0
43,Female,65530.27,680.0,0.62,21,South,0
34,Male,25000.0,664.0,0.48,11,South,0
59,Female,74044.42,712.0,0.42,36,East,1
33,Female,102890.61,597.0,0.14,9,West,1
44,Female,62027.38,752.0,0.3,23,East,1
69,Female,80276.91,606.0,0.41,45,East,1
48,Male,64345.38,429.0,0.24,26,North,1
29,Female,61587.77,796.0,0.44,7,West,0
24,Female,62110.73,654.0,0.77,1,West,0
61,Male,74953.34,671.0,0.46,37,West,1
49,Male,62075.95,734.0,0.46,28,South,1
49,Female,42742.92,613.0,0.4,25,South,0
47,Male,93596.05,721.0,0.78,24,South,1
59,Female,51045.77,703.0,0.55,38,East,0
61,Male,80088.49,582.0,0.7,37,North,1
28,Male,51926.05,823.0,0.74,6,North,0
52,Female,37641.7,661.0,0.51,30,North,0
51,Male,73420.09,697.0,0.54,31,West,1
37,Male,70637.3,753.0,0.28,16,North,1
53,Female,97158.27,655.0,0.15,30,South,1
68,Male,25000.0,638.0,0.5,44,North,1
68,Female,30777.95,723.0,0.58,45,East,0
31,Male,59254.87,624.0,0.53,8,South,0
57,Male,75181.79,669.0,0.79,36,South,1
24,Female,48815.19,687.0,0.67,0,West,0
33,Male,86889.46,715.0,0.22,10,West,1
59,Female,56293.59,662.0,0.59,39,West,0
27,Female,92550.31,534.0,0.74,5,East,0
38,Female,72773.26,667.0,0.29,18,East,1
23,Female,74696.77,592.0,0.36,3,North,0
36,Male,25130.96,662.0,0.65,13,East,0
51,Female,56558.66,723.0,0.77,30,North,0
33,Female,64833.72,638.0,0.13,10,West,1
50,Male,39750.91,732.0,0.33,27,East,1
52,Male,77660.45,726.0,0.49,32,South,1
31,Male,35623.7,658.0,0.35,11,South,0
46,Male,72081.54,712.0,0.35,22,South,1
60,Male,73217.39,699.0,0.39,36,South,1
35,Female,58144.03,647.0,0.78,12,South,0
23,Female,59686.13,597.0,0.67,2,South,0
55,Male,61381.84,779.0,0.67,32,East,1
56,Female,52784.71,650.0,0.48,32,East,0
22,Female,50498.43,616.0,0.2,0,North,0
53,Female,70481.12,746.0,0.14,33,South,1
32,Male,66751.22,540.0,0.14,8,South,1
57,Female,79451.5,568.0,0.8,34,West,0
52,Male,74271.17,783.0,0.39,29,North,1
61,Female,66390.14,528.0,0.19,37,East,1
27,Male,78376.42,729.0,0.15,4,East,1
44,Female,70758.38,685.0,0.69,21,East,0
34,Male,25000.0,639.0,0.11,11,North,1
34,Male,92751.58,677.0,0.28,11,North,1
40,Male,59910.83,656.0,0.27,17,West,1
58,Female,30216.8,638.0,0.71,38,East,0
59,Female,57310.96,712.0,0.27,36,West,1
49,Male,63948.62,615.0,0.41,29,East,1
64,Male,75053.44,551.0,0.19,44,West,1
66,Male,46734.86,788.0,0.35,42,East,1
56,Male,75009.77,672.0,0.76,36,South,1
53,Female,75271.04,628.0,0.59,29,East,0
56,Male,25000.0,661.0,0.67,34,North,0
26,Female,106058.97,649.0,0.56,3,North,0
44,Female,48612.5,752.0,0.1,21,North,1
29,Female,60197.05,571.0,0.49,7,East,0
65,Female,34779.43,635.0,0.68,41,South,0
65,Male,45504.01,709.0,0.12,44,South,1
40,Female,63059.85,752.0,0.37,18,East,1
45,Female,44831.96,678.0,0.71,21,East,0
29,Female,46100.16,656.0,0.28,8,East,0
36,Female,64956.72,685.0,0.32,16,East,1
25,Male,67058.72,493.0,0.47,5,South,0
48,Male,41458.38,737.0,0.49,27,South,1
39,Female,74513.21,723.0,0.59,16,West,0
41,Female,73521.76,538.0,0.77,20,South,0
46,Female,93757.86,597.0,0.22,26,West,1
49,Male,69635.06,772.0,0.62,26,East,1
25,Male,26280.39,734.0,0.38,2,East,0
43,Female,68873.41,795.0,0.61,23,West,0
64,Female,54047.66,603.0,0.53,40,South,0
67,Female,65050.2,732.0,0.73,44,West,0
39,Female,80795.82,733.0,0.36,17,West,1
69,Male,50550.4,646.0,0.44,45,West,1
36,Female,70757.24,673.0,0.26,12,South,1
29,Male,51434.8,581.0,0.25,9,North,1
65,Male,72533.89,585.0,0.73,43,East,1
29,Female,62298.24,728.0,0.47,6,South,0
25,Female,83487.8,760.0,0.38,3,West,1
63,Female,76099.2,699.0,0.2,43,North,1
57,Female,60034.01,701.0,0.68,34,East,0
32,Female,35256.77,573.0,0.48,11,North,0
47,Male,67141.21,660.0,0.15,24,South,1
23,Male,58791.65,711.0,0.41,0,East,0
46,Female,65375.45,769.0,0.37,26,South,1
49,Female,78055.92,653.0,0.24,29,West,1
48,Female,75073.08,692.0,0.11,27,East,1
22,Female,42014.19,699.0,0.65,2,West,0
22,Male,82379.37,767.0,0.58,0,South,1
32,Male,43979.64,721.0,0.56,11,West,0
24,Male,72325.48,670.0,0.76,0,West,0
26,Female,87711.27,790.0,0.58,6,East,0
64,Male,71539.48,737.0,0.6,43,West,1
39,Female,89377.35,578.0,0.51,16,West,0
65,Male,78958.01,664.0,0.75,42,North,1
42,Male,66207.95,764.0,0.47,22,West,1
43,Male,53084.85,748.0,0.73,20,West,0
39,Female,36993.65,553.0,0.29,18,North,0
67,Male,25226.21,771.0,0.71,45,East,0
37,Male,66203.55,614.0,0.78,16,North,0
51,Female,92735.87,625.0,0.63,27,South,0
66,Male,43100.55,681.0,0.15,45,South,1
38,Male,52895.91,697.0,0.76,14,East,0
33,Male,115456.96,742.0,0.75,12,North,1
64,Female,66921.01,738.0,0.32,40,North,1
24,Female,66971.59,585.0,0.44,2,South,0
46,Female,83774.89,643.0,0.11,26,East,1
59,Female,48416.01,586.0,0.55,36,West,0
34,Female,55512.02,704.0,0.56,12,South,0
54,Female,43241.61,697.0,0.58,33,North,0
57,Male,78563.32,753.0,0.16,35,East,1
48,Male,84063.98,792.0,0.47,26,West,1
60,Female,81602.39,713.0,0.12,39,East,1
42,Female,53817.65,564.0,0.67,19,East,0
39,Female,55975.73,698.0,0.7,15,North,0
66,Male,49774.82,788.0,0.16,44,North,1
41,Male,86027.34,656.0,0.43,19,North,1
63,Female,79549.74,674.0,0.11,43,South,1
22,Female,25000.0,695.0,0.41,0,West,0
23,Female,54343.97,850.0,0.2,2,South,1
65,Female,42137.04,712.0,0.39,45,North,1
35,Female,38474.72,760.0,0.33,12,South,0
67,Male,64540.23,556.0,0.65,45,West,1
48,Male,41910.7,740.0,0.77,28,West,0
44,Male,85294.2,590.0,0.75,22,West,0
22,Female,92392.82,637.0,0.13,2,North,1
69,Female,110122.62,656.0,0.32,45,South,1
31,Female,37998.61,713.0,0.57,11,South,0
47,Female,32877.67,672.0,0.3,25,West,0
37,Female,102700.59,697.0,0.44,13,West,1
57,Male,42807.49,660.0,0.26,33,North,1
34,Female,43396.54,685.0,0.74,14,South,0
40,Male,82188.2,732.0,0.63,17,West,1
48,Female,69844.75,743.0,0.34,26,East,1
65,Male,40933.26,702.0,0.52,44,South,1
31,Female,36854.6,515.0,0.3,7,North,0
48,Male,25000.0,637.0,0.47,28,South,0
29,Male,87918.81,698.0,0.66,9,East,1
28,Male,52917.52,697.0,0.24,6,West,1
63,Male,84247.41,535.0,0.13,43,East,1
54,Male,70388.46,740.0,0.46,30,North,1
65,Male,71161.21,711.0,0.49,43,East,1
47,Female,57148.77,746.0,0.59,26,East,0
39,Male,62734.48,775.0,0.65,19,West,1
27,Male,58728.14,655.0,0.67,4,South,0
38,Female,80896.62,634.0,0.55,18,East,0
33,Male,93077.76,720.0,0.54,9,East,1
55,Male,72201.11,746.0,0.44,32,South,1
63,Male,67132.29,625.0,0.6,39,West,1
58,Male,57657.33,740.0,0.39,35,West,1
64,Male,120604.04,598.0,0.62,42,South,1
23,Male,80484.12,611.0,0.4,0,East,1
37,Female,118926.91,740.0,0.29,13,East,1
31,Female,103935.78,723.0,0.53,11,South,1
31,Female,80936.96,786.0,0.28,8,North,1
34,Female,40066.27,671.0,0.5,11,South,0
24,Female,96413.57,699.0,0.43,1,South,0
59,Female,72507.0,647.0,0.42,36,West,1
64,Female,61174.29,778.0,0.71,41,West,0
30,Male,56489.4,783.0,0.64,9,South,0
50,Male,85298.89,656.0,0.47,30,North,1
59,Male,52631.08,748.0,0.17,35,South,1
35,Female,105188.68,624.0,0.23,12,North,1
65,Male,61129.44,675.0,0.21,43,South,1
43,Female,65640.6,630.0,0.28,23,North,1
49,Male,37365.01,778.0,0.63,28,North,0
50,Male,112942.07,772.0,0.21,29,East,1
54,Male,74481.68,849.0,0.5,33,North,1
25,Male,81883.94,694.0,0.5,4,West,1
65,Female,89788.17,730.0,0.68,45,West,1
43,Female,74600.54,693.0,0.5,22,North,0
48,Female,71070.01,737.0,0.13,25,West,1
33,Male,53503.02,683.0,0.24,11,West,1
37,Male,58029.65,589.0,0.33,15,East,1
65,Male,76955.35,564.0,0.6,45,North,1
56,Male,72136.67,634.0,0.62,34,South,1
58,Female,36627.0,724.0,0.54,38,North,0
64,Male,51788.82,578.0,0.78,44,West,0
68,Male,27192.71,625.0,0.6,45,West,0
45,Female,66900.12,786.0,0.76,25,North,0
27,Male,47000.29,779.0,0.65,4,West,0
34,Male,50650.07,696.0,0.13,13,West,1
64,Male,50311.75,636.0,0.25,41,East,1
53,Male,52723.53,739.0,0.32,31,South,1
31,Male,71420.13,794.0,0.26,8,East,1
66,Male,25000.0,658.0,0.32,43,East,1
43,Male,75355.38,688.0,0.61,20,South,1
65,Female,81712.46,633.0,0.23,44,North,1
42,Male,52159.82,622.0,0.53,21,North,0
45,Female,68703.6,672.0,0.67,22,North,0
60,Male,59865.62,659.0,0.43,36,South,1
41,Female,35609.1,664.0,0.24,21,North,0
68,Female,65628.32,690.0,0.18,44,East,1
50,Female,58254.23,632.0,0.59,30,South,0
68,Female,77770.99,690.0,0.61,45,South,1
65,Male,68494.21,613.0,0.29,44,North,1
26,Female,64337.21,691.0,0.47,3,North,0
69,Male,53423.99,659.0,0.3,45,South,1
22,Female,43709.52,655.0,0.2,1,North,0
63,Male,59620.67,583.0,0.52,41,North,1
43,Female,57606.73,596.0,0.34,21,West,0
34,Female,60118.76,700.0,0.42,11,South,0
52,Male,105301.67,638.0,0.66,30,South,1
49,Female,65275.17,679.0,0.51,28,West,0
31,Female,74803.93,787.0,0.71,10,North,0
47,Female,44845.37,796.0,0.39,23,East,0
33,Female,47491.92,730.0,0.5,13,West,0
67,Female,54899.1,708.0,0.2,43,East,1
40,Male,54340.79,718.0,0.42,20,North,1
54,Female,62831.98,668.0,0.21,34,East,1
37,Male,87694.3,788.0,0.71,17,East,1
67,Male,54597.76,736.0,0.14,44,North,1
35,Male,57252.26,749.0,0.38,11,East,1
62,Female,57809.13,597.0,0.64,39,East,0
29,Female,45627.1,735.0,0.76,9,North,0
59,Male,50429.5,850.0,0.12,37,North,1
38,Male,53148.47,687.0,0.63,18,West,0
35,Male,82423.63,850.0,0.64,15,East,1
46,Male,72908.48,776.0,0.78,26,East,1
32,Female,43194.53,717.0,0.79,12,East,0
22,Female,63941.24,761.0,0.74,1,South,0
34,Female,36554.25,843.0,0.18,12,North,1
39,Female,75523.37,786.0,0.62,19,West,0
61,Male,91632.92,782.0,0.75,40,South,1
32,Male,70384.84,688.0,0.25,12,North,1
68,Male,54827.26,553.0,0.31,45,West,1
43,Male,58418.48,719.0,0.33,19,North,1
51,Male,66975.98,692.0,0.27,29,North,1
50,Male,32980.99,700.0,0.62,29,North,0
33,Female,69402.62,642.0,0.6,12,North,0
50,Male,52592.22,672.0,0.57,30,West,1
30,Male,38466.01,770.0,0.4,6,South,0
47,Female,79209.71,694.0,0.57,23,West,0
50,Male,71446.83,553.0,0.64,26,West,0
22,Male,85404.26,631.0,0.48,2,North,1
34,Female,74586.63,665.0,0.58,14,North,0
65,Female,83327.92,778.0,0.55,42,North,1
51,Male,32886.0,751.0,0.36,29,West,1
65,Female,65090.85,701.0,0.21,42,West,1
62,Female,82510.51,616.0,0.22,38,North,1
23,Male,50559.78,539.0,0.49,2,East,0
65,Female,58833.59,692.0,0.32,42,North,1
51,Female,65852.49,728.0,0.45,27,South,1
58,Male,75805.64,676.0,0.75,36,East,1
27,Female,62348.6,572.0,0.47,3,West,0
37,Male,33893.66,601.0,0.17,15,East,1
47,Female,26403.19,628.0,0.44,27,East,0
53,Female,88130.74,624.0,0.66,30,South,0
25,Male,34903.62,738.0,0.51,1,West,0
33,Female,61021.78,657.0,0.34,10,West,0
23,Female,66006.15,606.0,0.48,0,West,0
41,Female,79798.71,714.0,0.75,21,East,0
33,Female,82948.71,565.0,0.15,10,North,1
42,Female,61519.64,682.0,0.49,18,North,0
50,Female,62160.14,646.0,0.79,29,West,0
47,Male,62952.82,639.0,0.13,27,West,1
53,Male,90476.11,821.0,0.43,31,South,1
40,Male,89627.51,736.0,0.49,18,East,1
24,Female,76718.01,656.0,0.64,0,West,0
33,Female,75606.46,763.0,0.24,9,West,1
46,Male,66681.03,713.0,0.62,25,South,1
47,Female,53198.23,662.0,0.52,26,East,0
60,Male,75408.72,703.0,0.26,36,West,1
69,Female,90441.46,811.0,0.23,45,South,1
60,Female,98909.75,771.0,0.42,37,West,1
24,Female,80925.85,696.0,0.52,3,North,0
66,Female,80568.16,628.0,0.73,42,East,0
25,Female,69314.57,659.0,0.29,5,South,0
52,Male,78680.41,739.0,0.15,29,South,1
48,Male,30268.65,683.0,0.22,26,North,1
60,Female,63690.93,704.0,0.56,36,East,0
27,Female,64393.65,602.0,0.49,4,West,0
41,Female,62345.58,703.0,0.4,18,North,0
47,Male,97887.88,666.0,0.3,25,North,1
59,Male,96474.55,669.0,0.34,38,South,1
31,Female,59429.48,800.0,0.31,7,East,0
57,Female,87716.63,721.0,0.44,34,West,1
68,Female,88595.27,671.0,0.59,45,West,1
60,Male,70827.23,780.0,0.52,36,South,1
63,Male,73404.78,672.0,0.23,40,North,1
52,Female,96744.95,614.0,0.25,28,East,1
53,Male,87019.38,643.0,0.49,29,East,1
63,Male,62613.36,771.0,0.59,40,East,1
39,Female,49805.86,785.0,0.33,15,North,0
55,Female,82062.41,781.0,0.76,32,East,0
49,Male,68732.76,630.0,0.76,25,East,0
23,Female,65865.1,658.0,0.46,3,North,0
46,Female,79587.63,768.0,0.79,22,South,0
34,Female,72872.5,707.0,0.23,13,South,1
42,Female,75063.81,580.0,0.78,20,West,0
34,Male,61853.35,753.0,0.19,14,South,1
58,Male,64840.24,731.0,0.78,36,West,1
41,Female,46384.37,760.0,0.24,19,South,1
50,Female,92937.53,723.0,0.14,30,South,1
50,Male,29521.05,727.0,0.14,27,South,1
26,Female,57936.74,717.0,0.61,2,North,0
60,Male,65856.56,691.0,0.58,40,West,1
29,Male,71937.3,715.0,0.14,6,East,1
43,Male,71713.72,850.0,0.47,19,North,1
24,Male,59181.3,797.0,0.39,2,East,1
51,Female,50265.36,595.0,0.22,30,South,1
50,Female,78369.35,687.0,0.33,27,West,1
52,Female,39839.91,668.0,0.74,32,South,0
58,Male,74833.03,720.0,0.75,37,South,1
69,Female,77310.38,654.0,0.56,45,West,1
44,Male,96235.89,761.0,0.19,22,East,1
23,Male,38862.22,593.0,0.41,3,South,0
67,Female,93572.8,815.0,0.64,45,North,1
34,Female,91494.21,662.0,0.37,11,West,1
30,Female,59369.42,654.0,0.11,9,East,1
59,Female,46106.62,587.0,0.21,36,East,1
53,Female,48475.84,752.0,0.34,32,West,1
43,Male,87314.42,700.0,0.29,20,West,1
40,Male,58135.8,730.0,0.59,19,East,1
66,Female,45210.11,795.0,0.64,45,East,0
44,Male,28568.15,657.0,0.5,20,West,0
43,Male,87853.25,661.0,0.67,19,East,1
61,Male,62790.53,687.0,0.48,37,West,1
49,Male,66176.74,679.0,0.6,25,East,1
23,Female,95681.22,782.0,0.67,0,West,0
43,Male,98571.91,765.0,0.75,20,West,1
39,Female,54754.04,539.0,0.8,16,East,0
46,Male,50892.32,615.0,0.28,24,South,1
39,Female,52712.58,713.0,0.66,19,West,0
22,Female,47636.5,734.0,0.59,0,East,0
37,Male,73607.99,801.0,0.22,13,South,1
39,Female,76664.31,788.0,0.15,16,East,1
57,Female,68004.06,615.0,0.33,35,West,1
51,Female,67092.73,664.0,0.51,30,East,0
63,Female,84105.85,656.0,0.56,41,East,1
45,Female,40391.44,721.0,0.77,22,East,0
36,Female,72543.0,630.0,0.22,16,South,1
33,Female,62865.05,766.0,0.56,11,East,0
38,Female,88069.09,630.0,0.35,16,East,1
63,Male,71676.41,597.0,0.5,40,South,1
43,Male,54541.73,699.0,0.79,23,East,0
46,Male,81190.92,666.0,0.67,24,North,1
56,Male,71347.72,654.0,0.57,35,South,1
22,Male,54395.16,638.0,0.64,0,South,0
56,Male,29843.55,660.0,0.41,32,South,1
50,Male,115511.77,850.0,0.26,27,East,1
66,Male,57806.27,618.0,0.65,44,East,1
29,Female,48777.98,585.0,0.56,5,North,0
23,Female,77554.04,795.0,0.77,0,South,0
55,Female,83842.11,600.0,0.31,35,East,1
29,Male,75565.51,703.0,0.44,6,West,1
33,Female,95687.41,656.0,0.6,12,South,0
49,Female,52576.77,787.0,0.62,27,South,0
29,Female,50571.19,609.0,0.7,9,West,0
40,Male,61365.57,581.0,0.1,20,South,1
63,Male,77555.95,642.0,0.5,39,West,1
28,Female,38182.87,816.0,0.27,8,West,0
33,Female,55318.82,751.0,0.51,9,West,0
67,Female,94958.63,523.0,0.59,45,South,1
31,Male,43949.11,657.0,0.18,7,West,1
28,Male,41713.61,691.0,0.28,7,South,1
38,Male,96768.3,598.0,0.38,14,North,1
61,Male,50454.99,628.0,0.22,41,West,1
51,Female,85273.53,573.0,0.76,27,North,0
28,Male,70901.67,712.0,0.59,7,East,0
66,Female,65053.4,761.0,0.73,45,East,0
25,Female,47728.47,850.0,0.79,5,North,0
66,Male,47267.24,656.0,0.57,44,West,1
41,Female,96559.11,698.0,0.6,19,East,1
51,Female,91994.81,679.0,0.23,28,South,1
48,Female,96006.4,618.0,0.48,27,North,1
37,Female,87523.3,723.0,0.62,14,West,0
60,Male,74689.81,737.0,0.52,40,North,1
39,Female,29650.17,653.0,0.19,15,West,0
51,Male,55196.69,732.0,0.61,31,West,1
59,Male,71198.77,543.0,0.53,37,East,1
40,Male,58967.09,665.0,0.7,16,East,0
24,Female,48868.29,666.0,0.23,2,West,0
49,Female,46441.99,683.0,0.28,25,East,1
53,Male,73256.0,532.0,0.36,29,South,1
65,Male,64622.84,703.0,0.41,43,South,1
54,Female,66547.26,627.0,0.69,30,South,0
48,Male,59645.37,707.0,0.32,27,East,1
42,Male,59495.9,693.0,0.79,22,East,0
46,Female,25000.0,650.0,0.39,24,West,0
39,Male,72619.77,708.0,0.29,17,West,1
63,Male,34208.22,773.0,0.23,39,East,1
23,Female,46249.33,656.0,0.7,0,South,0
43,Female,103159.34,712.0,0.68,22,West,1
30,Male,52467.69,527.0,0.28,9,South,0
39,Female,43827.48,626.0,0.41,18,South,0
23,Female,109096.1,763.0,0.42,1,South,1
43,Female,68155.18,716.0,0.28,20,South,1
52,Female,44424.58,669.0,0.76,32,North,0
56,Male,97909.53,564.0,0.38,34,East,1
58,Female,72635.22,674.0,0.43,34,North,1
44,Male,54052.07,591.0,0.21,24,West,1
67,Female,60487.63,609.0,0.56,45,West,0
31,Male,29396.57,696.0,0.1,8,East,1
40,Male,55377.67,671.0,0.31,18,West,1
24,Male,95429.0,595.0,0.42,1,South,1
42,Male,81220.39,706.0,0.73,19,South,1
30,Female,34773.98,636.0,0.27,8,North,0
47,Female,53441.81,642.0,0.23,27,West,1
22,Male,36982.1,617.0,0.73,0,West,0
51,Female,101733.88,761.0,0.3,27,East,1
31,Male,71091.63,756.0,0.79,11,West,0
36,Female,64331.78,723.0,0.63,13,West,0
56,Female,92264.87,698.0,0.25,33,West,1
69,Female,47621.89,584.0,0.68,45,East,0
51,Female,58118.15,669.0,0.41,27,South,0
40,Female,56800.46,644.0,0.52,18,South,0
53,Male,85582.96,784.0,0.54,32,East,1
63,Male,55171.71,554.0,0.45,41,East,1
47,Female,76770.99,642.0,0.59,24,East,0
31,Male,27424.91,768.0,0.61,10,North,0
63,Female,49231.69,597.0,0.52,42,West,0
54,Male,43144.87,567.0,0.42,31,West,1
34,Male,32430.52,656.0,0.76,11,North,0
57,Female,74959.57,612.0,0.37,33,South,1
25,Female,70807.38,622.0,0.69,2,South,0
68,Male,27719.06,600.0,0.52,45,North,1
50,Female,83242.94,748.0,0.3,27,North,1
51,Male,55953.45,729.0,0.16,28,West,1
69,Female,101450.69,711.0,0.15,45,South,1
61,Male,110569.48,795.0,0.76,39,North,1
59,Male,89668.5,699.0,0.67,36,South,1
47,Female,101922.74,578.0,0.11,23,East,1
47,Female,58550.61,627.0,0.78,24,South,0
27,Female,64125.93,683.0,0.45,5,North,0
60,Female,69628.53,741.0,0.18,38,West,1
68,Female,86065.53,801.0,0.17,44,North,1
29,Male,91540.3,801.0,0.53,7,East,1
52,Male,54331.2,777.0,0.55,31,North,1
24,Female,78447.75,704.0,0.74,0,North,0
23,Female,82087.55,669.0,0.75,2,East,0
28,Male,70762.16,657.0,0.65,6,South,0
66,Female,36961.0,602.0,0.74,44,West,0
42,Female,59342.48,590.0,0.75,21,East,0
25,Female,71620.95,678.0,0.68,4,West,0
49,Male,46203.09,786.0,0.68,25,West,0
42,Male,39216.2,484.0,0.72,22,West,0
31,Female,99829.9,642.0,0.64,10,West,0
25,Female,49437.34,685.0,0.34,1,West,0
42,Female,68849.16,624.0,0.17,18,West,1
40,Female,29022.81,701.0,0.29,18,East,0
44,Female,28692.81,519.0,0.13,22,West,0
27,Male,91352.75,727.0,0.66,7,North,1
33,Female,87247.02,632.0,0.42,9,East,0
58,Male,42151.65,717.0,0.44,35,West,1
45,Male,82019.96,639.0,0.4,22,North,1
35,Male,85707.6,697.0,0.51,11,West,1
38,Female,54654.3,721.0,0.21,17,North,1
64,Male,85925.64,837.0,0.14,44,East,1
42,Male,31600.43,666.0,0.18,20,North,1
38,Female,51615.43,670.0,0.31,15,North,0
67,Male,85079.09,662.0,0.54,45,West,1
61,Male,71484.03,731.0,0.56,38,East,1
65,Male,67887.62,643.0,0.59,41,East,1
62,Female,53452.66,533.0,0.47,42,East,0
34,Female,91663.79,624.0,0.37,11,North,1
32,Female,64738.04,592.0,0.34,12,North,0
69,Female,56019.73,595.0,0.55,45,West,0
23,Male,56105.8,722.0,0.21,2,East,1
25,Male,67860.46,749.0,0.23,1,North,1
62,Female,51772.18,677.0,0.33,40,East,1
29,Female,79355.5,813.0,0.69,5,West,0
35,Male,27856.15,738.0,0.34,11,West,0
57,Female,28755.88,758.0,0.17,37,North,1
57,Male,85437.1,814.0,0.69,35,West,1
60,Male,52413.49,746.0,0.55,37,North,1
47,Male,65044.39,661.0,0.14,24,East,1
22,Male,82729.51,712.0,0.31,0,North,1
40,Female,46343.76,769.0,0.64,18,West,0
49,Female,44829.76,670.0,0.57,28,East,0
44,Female,86773.04,629.0,0.27,21,West,1
59,Female,62307.59,719.0,0.71,39,West,0
63,Female,60422.53,634.0,0.13,40,South,1
55,Female,68148.63,704.0,0.36,35,East,1
41,Female,49346.43,801.0,0.29,20,East,1
51,Male,63959.34,596.0,0.19,30,East,1
66,Male,91870.46,693.0,0.27,45,South,1
47,Male,61786.37,726.0,0.52,26,West,1
57,Female,90154.04,753.0,0.45,36,North,1
24,Male,43175.47,731.0,0.45,0,East,0
47,Male,53837.34,713.0,0.18,26,East,1
54,Female,64939.98,661.0,0.43,32,North,1
56,Female,61732.3,678.0,0.29,34,South,1
46,Female,64344.98,654.0,0.33,25,South,1
58,Male,100039.47,760.0,0.69,34,North,1
25,Male,49513.25,745.0,0.48,4,East,0
36,Female,59380.83,651.0,0.34,12,West,0
59,Female,71152.38,630.0,0.53,36,North,1
47,Female,25000.0,655.0,0.43,27,South,0
49,Male,60211.28,705.0,0.52,28,West,1
59,Female,107634.58,719.0,0.3,37,East,1
32,Female,30279.75,761.0,0.26,12,South,0
39,Male,86483.3,680.0,0.38,15,East,1
32,Female,80964.24,660.0,0.26,9,North,1
60,Male,51974.84,764.0,0.29,36,West,1
69,Female,56628.86,626.0,0.39,45,West,1
27,Female,75823.03,649.0,0.72,4,West,0
52,Male,79065.33,657.0,0.35,28,South,1
51,Male,25000.0,718.0,0.56,30,West,0
51,Male,76362.86,595.0,0.13,31,West,1
25,Male,47833.35,573.0,0.7,2,East,0
27,Male,80284.82,523.0,0.69,3,North,0
59,Female,53927.99,691.0,0.37,39,South,1
51,Male,61191.76,719.0,0.11,27,South,1
65,Female,68802.96,628.0,0.54,43,West,1
32,Male,33867.05,718.0,0.72,9,North,0
47,Female,85363.31,737.0,0.56,26,East,1
57,Female,91110.68,758.0,0.77,33,East,1
22,Female,43795.91,572.0,0.51,0,South,0
25,Female,44502.26,672.0,0.72,4,North,0
40,Female,68980.64,700.0,0.5,18,North,0
64,Male,54110.21,632.0,0.33,40,North,1
48,Male,78322.34,634.0,0.28,27,West,1
43,Male,50275.05,742.0,0.74,22,West,0
25,Female,75395.66,635.0,0.28,3,South,0
48,Male,48844.0,551.0,0.47,26,East,0
23,Male,54090.8,653.0,0.25,3,West,1
48,Male,55267.73,542.0,0.22,26,East,1
66,Female,57443.08,661.0,0.38,45,South,1
46,Male,77421.19,650.0,0.63,25,South,1
62,Female,51960.4,659.0,0.33,40,South,1
28,Male,73541.67,515.0,0.36,5,East,0
41,Male,75400.77,704.0,0.23,18,South,1
62,Female,76189.28,589.0,0.33,41,West,1
45,Female,78054.46,599.0,0.61,22,East,0
44,Male,30430.26,660.0,0.73,20,East,0
28,Male,31608.65,601.0,0.79,8,East,0
67,Female,47388.25,524.0,0.14,44,East,1
63,Male,28637.31,739.0,0.26,42,West,1
54,Male,72278.63,690.0,0.33,34,East,1
38,Female,25000.0,674.0,0.39,14,South,0
44,Female,91830.53,775.0,0.23,22,North,1
48,Male,73105.7,599.0,0.45,27,East,1
50,Male,48906.81,706.0,0.72,29,South,0
22,Female,60261.29,671.0,0.67,2,South,0
57,Female,80823.03,631.0,0.32,34,North,1
28,Male,83360.64,725.0,0.2,7,East,1
25,Female,68021.71,815.0,0.18,1,East,1
39,Female,65343.71,701.0,0.27,19,West,1
53,Female,51894.98,627.0,0.12,31,North,1
26,Male,73316.92,739.0,0.76,5,South,0
49,Female,54845.25,775.0,0.3,28,South,1
39,Male,79960.82,770.0,0.16,18,East,1
69,Female,108836.04,704.0,0.65,45,West,1
56,Female,68124.56,595.0,0.61,32,South,0
32,Male,32553.48,632.0,0.61,11,East,0
58,Female,84352.9,825.0,0.4,38,North,1
35,Female,62449.49,832.0,0.67,11,East,0
68,Male,46244.41,676.0,0.35,45,South,1
22,Female,96394.09,709.0,0.6,0,East,0
33,Female,52134.92,684.0,0.17,12,West,1
34,Female,62120.58,672.0,0.12,14,East,1
22,Male,56678.89,755.0,0.51,2,South,0
37,Female,69465.06,772.0,0.19,17,North,1
25,Female,91444.16,708.0,0.33,5,East,1
51,Male,27796.5,676.0,0.78,29,West,0
37,Female,93847.39,813.0,0.31,15,East,1
53,Female,104818.65,768.0,0.54,30,West,1
29,Male,101754.87,702.0,0.42,5,East,1
58,Male,53801.3,802.0,0.28,35,South,1
34,Female,61623.68,614.0,0.44,14,West,0
50,Male,65384.3,804.0,0.19,26,North,1
25,Male,70367.12,656.0,0.49,5,North,0
29,Female,44110.55,720.0,0.45,9,West,0
48,Female,88765.46,789.0,0.48,26,East,1
63,Male,69609.85,711.0,0.24,41,South,1
58,Female,60847.11,686.0,0.58,36,North,0
28,Male,35805.35,669.0,0.15,7,South,1
23,Male,44698.47,652.0,0.18,0,South,1
68,Female,115251.52,529.0,0.41,45,East,1
37,Female,90141.25,761.0,0.13,13,North,1
30,Male,51205.45,704.0,0.71,10,East,0
27,Male,56246.77,679.0,0.66,4,East,0
34,Female,55618.4,711.0,0.45,10,North,0
23,Male,65791.07,811.0,0.19,2,South,1
62,Male,50914.82,644.0,0.47,41,East,1
61,Female,50452.91,614.0,0.58,40,South,0
55,Male,31704.33,548.0,0.44,33,East,0
30,Male,60209.63,706.0,0.39,7,South,1
60,Male,72662.66,586.0,0.52,36,South,1
60,Male,56393.37,655.0,0.26,38,West,1
56,Male,54428.53,841.0,0.73,33,South,1
58,Female,74661.05,699.0,0.66,34,East,0
22,Male,32716.15,689.0,0.63,2,North,0
41,Male,97972.13,730.0,0.45,19,North,1
69,Female,40308.32,698.0,0.77,45,North,0
54,Male,108101.48,742.0,0.42,34,South,1
56,Male,90395.01,666.0,0.59,36,West,1
50,Male,76511.21,656.0,0.52,28,West,1
23,Female,75790.09,724.0,0.21,0,North,1
24,Male,67107.69,699.0,0.69,0,North,0
60,Female,84488.19,597.0,0.61,37,South,1
58,Male,64566.03,758.0,0.58,37,North,1
24,Female,62147.97,648.0,0.13,3,West,0
62,Male,51866.3,674.0,0.4,41,East,1
34,Female,94386.89,674.0,0.28,10,West,1
69,Male,77530.16,663.0,0.76,45,South,1
40,Female,68192.25,682.0,0.44,18,West,0
62,Female,35947.24,588.0,0.17,39,South,1
26,Female,69396.18,739.0,0.25,4,East,1
24,Male,62402.77,641.0,0.47,4,West,0
28,Male,69716.7,736.0,0.68,4,West,0
34,Male,73284.71,664.0,0.4,13,East,1
55,Female,113922.85,669.0,0.12,31,North,1
44,Male,65623.53,621.0,0.16,23,West,1
60,Male,83753.52,700.0,0.52,37,West,1
63,Female,29565.09,654.0,0.59,41,West,0
22,Male,44816.26,675.0,0.55,0,South,0
40,Female,53384.42,539.0,0.32,20,North,0
29,Female,71051.79,699.0,0.57,9,East,0
25,Female,55589.35,713.0,0.21,5,South,0
26,Male,75873.14,802.0,0.49,2,West,1
45,Male,104599.6,663.0,0.57,23,West,1
46,Male,85148.37,447.0,0.65,26,South,0
49,Female,103330.06,711.0,0.31,26,South,1
28,Female,71423.94,658.0,0.37,7,West,0
55,Male,67722.82,627.0,0.38,31,West,1
22,Female,73977.53,639.0,0.53,2,North,0
38,Male,94302.21,757.0,0.15,18,North,1
36,Female,83627.73,736.0,0.57,12,West,0
44,Female,53458.13,642.0,0.73,20,West,0
53,Male,42203.84,649.0,0.15,33,North,1
29,Female,49301.93,667.0,0.42,7,East,0
39,Male,36900.58,601.0,0.32,16,West,0
42,Male,90728.91,589.0,0.74,21,North,0
29,Female,43412.75,687.0,0.58,8,West,0
52,Male,25000.0,715.0,0.28,29,South,1
50,Female,69606.08,627.0,0.66,30,North,0
61,Female,55026.71,700.0,0.24,41,East,1
29,Female,83168.26,482.0,0.53,7,East,0
33,Male,82439.97,639.0,0.76,11,East,0
42,Male,93220.41,711.0,0.35,22,East,1
32,Female,25000.0,636.0,0.28,9,North,0
60,Female,60031.82,817.0,0.64,36,North,1
56,Female,83297.99,644.0,0.6,32,North,1
38,Female,52155.91,637.0,0.62,16,East,0
36,Female,33811.93,568.0,0.28,14,South,0
40,Male,44033.95,709.0,0.69,20,West,0
22,Male,84299.65,734.0,0.6,2,North,1
39,Male,43115.51,623.0,0.39,16,North,0
69,Male,56031.88,744.0,0.1,45,South,1
35,Male,70637.88,548.0,0.14,15,West,1
64,Female,41112.26,606.0,0.23,43,North,1
42,Male,95846.98,563.0,0.64,18,South,1
45,Male,45309.85,702.0,0.71,24,South,0
22,Female,50816.54,677.0,0.48,1,South,0
24,Male,57136.02,651.0,0.58,3,North,0
60,Female,86231.31,654.0,0.76,37,North,0
57,Male,76808.05,718.0,0.77,34,West,1
25,Female,58148.91,655.0,0.68,1,South,0
22,Female,27994.61,721.0,0.48,0,South,0
27,Female,75330.77,635.0,0.5,6,South,0
51,Female,41656.78,667.0,0.49,29,East,0
53,Female,58755.65,698.0,0.54,29,North,0
38,Female,76281.45,679.0,0.35,15,South,1
54,Female,89218.36,565.0,0.18,30,South,1
42,Female,82334.06,644.0,0.52,20,South,0
28,Male,53861.41,708.0,0.51,8,South,0
43,Male,91070.1,800.0,0.41,19,South,1
58,Female,101060.25,678.0,0.4,35,South,1
51,Male,54393.02,548.0,0.33,30,South,1
59,Female,56257.43,625.0,0.71,36,South,0
56,Male,43382.22,654.0,0.21,36,North,1
29,Female,99353.76,680.0,0.75,8,East,0
23,Female,45365.16,662.0,0.45,2,West,0
65,Male,60401.29,758.0,0.72,45,South,1
60,Female,85818.4,772.0,0.32,39,South,1
55,Male,80304.92,729.0,0.29,31,South,1
33,Male,89701.09,720.0,0.13,9,East,1
47,Female,43503.61,723.0,0.25,25,North,1
47,Male,46737.77,716.0,0.11,27,West,1
39,Male,45752.35,755.0,0.43,19,South,1
69,Male,53272.52,678.0,0.17,45,North,1
23,Male,74031.83,805.0,0.32,0,North,1
24,Female,64202.49,665.0,0.32,4,North,0
68,Male,25000.0,586.0,0.66,45,North,0
60,Male,52036.36,794.0,0.23,36,West,1
37,Female,88336.05,545.0,0.48,17,South,0
31,Female,102549.2,621.0,0.58,7,East,0
22,Male,53471.89,647.0,0.17,2,North,1
66,Male,105599.4,622.0,0.49,45,South,1
39,Male,52741.03,688.0,0.54,18,North,0
26,Female,93599.77,718.0,0.65,5,South,0
42,Male,61619.59,645.0,0.55,22,West,1
23,Female,67896.54,639.0,0.65,2,South,0
34,Female,71326.95,655.0,0.21,10,North,1
39,Male,95719.66,600.0,0.36,16,North,1
66,Female,73640.0,551.0,0.61,42,West,0
23,Female,94034.94,763.0,0.58,2,East,0
51,Male,78387.84,749.0,0.5,29,North,1
60,Male,35109.17,577.0,0.2,40,North,1
63,Male,72211.26,704.0,0.55,41,North,1
61,Male,52081.96,695.0,0.28,40,South,1
56,Male,55617.55,596.0,0.27,32,West,1
25,Female,77321.15,850.0,0.49,1,East,0
29,Male,32773.06,582.0,0.31,7,East,0
53,Female,52465.51,716.0,0.61,33,East,0
55,Female,68263.36,705.0,0.65,35,East,0
53,Male,58964.55,706.0,0.39,32,West,1
43,Female,65280.2,760.0,0.63,22,East,0
63,Female,66730.65,606.0,0.29,39,East,1
30,Male,46931.38,671.0,0.49,6,South,0
56,Male,64482.27,686.0,0.42,34,North,1
52,Female,69242.02,688.0,0.47,31,West,1
49,Male,60659.13,781.0,0.65,25,South,1
49,Male,46965.82,730.0,0.43,25,East,1
48,Female,50597.62,647.0,0.12,26,South,1
61,Male,68829.28,717.0,0.7,41,East,1
43,Female,93095.81,713.0,0.19,22,East,1
57,Male,72431.12,709.0,0.69,34,North,1
47,Male,94114.91,566.0,0.75,24,North,1
47,Male,91790.62,670.0,0.11,26,North,1
68,Male,25000.0,666.0,0.35,44,North,1
34,Male,78399.27,674.0,0.5,11,South,1
33,Male,62401.12,847.0,0.17,11,North,1
33,Female,81478.05,626.0,0.28,11,South,1
39,Male,51537.94,639.0,0.56,18,West,0
44,Female,58192.62,657.0,0.76,20,South,0
34,Female,57315.09,730.0,0.58,11,South,0
34,Male,77037.96,692.0,0.28,12,North,1
57,Female,53421.5,816.0,0.26,33,East,1
63,Male,73916.49,541.0,0.12,39,South,1
53,Male,37688.23,640.0,0.45,29,North,1
23,Female,37150.63,756.0,0.6,0,West,0
43,Male,62603.01,602.0,0.55,23,North,1
50,Male,52505.7,655.0,0.15,29,North,1
67,Female,74656.86,787.0,0.46,44,West,1
33,Female,81156.37,659.0,0.15,10,South,1
54,Male,66911.31,598.0,0.24,34,West,1
22,Female,77112.54,693.0,0.59,2,North,0
64,Female,98184.27,756.0,0.59,42,North,1
38,Female,111475.78,815.0,0.57,18,West,1
23,Female,92825.84,618.0,0.35,0,North,0
31,Female,83029.57,719.0,0.59,10,West,0
43,Female,88989.57,634.0,0.59,23,East,0
28,Male,70658.86,679.0,0.41,6,West,1
27,Male,71187.02,676.0,0.15,6,North,1
66,Female,73858.04,647.0,0.36,42,North,1
42,Female,37944.03,684.0,0.25,21,West,0
32,Female,54339.27,738.0,0.14,8,West,1
45,Male,45111.15,675.0,0.47,22,East,1
63,Female,50901.28,655.0,0.62,43,East,0
45,Male,66728.31,642.0,0.14,24,South,1
57,Male,68679.35,754.0,0.53,34,South,1
59,Male,76695.19,778.0,0.5,37,East,1
50,Male,42562.95,608.0,0.27,29,West,1
37,Female,90481.5,692.0,0.75,14,East,0
64,Female,52074.03,711.0,0.37,42,West,1
58,Female,74429.35,596.0,0.55,36,West,0
60,Male,114613.31,629.0,0.25,39,West,1
37,Female,43623.19,704.0,0.25,16,North,0
47,Female,50412.39,678.0,0.17,26,South,1
55,Female,72851.79,609.0,0.45,31,East,1
59,Female,66956.13,815.0,0.33,37,North,1
46,Male,75724.3,710.0,0.17,26,East,1
26,Female,65010.46,818.0,0.72,5,South,0
37,Female,80429.52,847.0,0.29,16,South,1
48,Female,38723.98,524.0,0.74,24,East,0
38,Female,105002.91,648.0,0.47,15,South,1
65,Male,76893.24,738.0,0.27,44,South,1
40,Female,53239.92,590.0,0.59,18,East,0
66,Female,46357.2,587.0,0.66,44,East,0
36,Female,46946.95,738.0,0.64,13,South,0
47,Female,62684.09,664.0,0.74,23,East,0
60,Male,71558.48,684.0,0.46,36,South,1
37,Male,74211.01,528.0,0.46,17,East,1
63,Female,87684.94,707.0,0.21,42,North,1
54,Female,82261.44,669.0,0.14,34,South,1
60,Female,81088.25,743.0,0.21,38,West,1
27,Female,59835.0,760.0,0.49,3,East,0
59,Female,54995.24,669.0,0.11,37,West,1
36,Female,84131.52,726.0,0.36,13,West,1
55,Male,62934.24,623.0,0.3,34,North,1
46,Female,49876.25,798.0,0.74,22,North,0
64,Male,80089.45,758.0,0.24,41,West,1
44,Female,68720.43,628.0,0.55,20,North,0
44,Female,82806.48,666.0,0.45,22,West,1
65,Female,74962.74,667.0,0.6,41,West,1
23,Female,90592.88,710.0,0.5,1,West,0
55,Female,37900.39,656.0,0.39,32,West,0
38,Male,76543.8,642.0,0.68,17,West,0
68,Male,68729.14,624.0,0.57,45,South,1
24,Male,58231.54,576.0,0.31,2,West,0
37,Female,33985.2,701.0,0.49,16,South,0
32,Female,30465.87,644.0,0.22,9,West,0
30,Male,114427.68,644.0,0.42,9,East,1
64,Female,25000.0,746.0,0.68,44,East,0
54,Male,59529.15,720.0,0.14,30,East,1
37,Male,57173.01,596.0,0.28,13,West,1
24,Female,71647.47,729.0,0.24,4,North,1
26,Male,62302.6,639.0,0.13,5,South,1
59,Male,53889.93,628.0,0.41,37,West,1
68,Female,116311.24,677.0,0.33,45,East,1
59,Female,39163.99,547.0,0.16,39,East,1
49,Male,96356.39,621.0,0.12,28,West,1
36,Female,63285.06,695.0,0.74,15,North,0
54,Male,69340.48,583.0,0.27,30,North,1
26,Female,62860.36,604.0,0.12,3,East,0
25,Male,86329.99,580.0,0.79,3,West,0
30,Male,53439.29,574.0,0.41,6,North,0
68,Female,61575.57,621.0,0.24,45,South,1
42,Male,68708.0,640.0,0.27,18,South,1
38,Male,46726.51,722.0,0.31,14,East,1
24,Male,72110.85,567.0,0.62,1,West,0
59,Female,93641.23,556.0,0.76,37,North,0
26,Female,107503.48,712.0,0.54,2,North,0
50,Male,51748.61,832.0,0.24,30,South,1
65,Male,39692.64,551.0,0.34,44,South,1
41,Female,75061.63,629.0,0.49,21,North,0
22,Male,32025.91,489.0,0.64,0,East,0
50,Male,79108.59,798.0,0.63,27,West,1
61,Male,51861.62,652.0,0.67,37,North,1
42,Male,25877.73,699.0,0.34,22,North,1
46,Male,68306.51,656.0,0.52,22,North,1
51,Female,79163.8,680.0,0.32,30,West,1
37,Male,54561.72,689.0,0.7,15,East,0
62,Male,46649.14,709.0,0.31,42,East,1
27,Female,55202.69,811.0,0.53,6,South,0
37,Male,45899.92,695.0,0.29,14,West,1
38,Male,65590.2,751.0,0.64,14,North,0
55,Male,70848.37,801.0,0.64,32,South,1
44,Female,93112.12,656.0,0.6,20,North,0
65,Female,59632.46,687.0,0.16,42,East,1
32,Female,64481.11,723.0,0.72,10,West,0
48,Female,59277.87,605.0,0.59,25,East,0
53,Male,25000.0,629.0,0.39,31,North,0
57,Female,62748.75,713.0,0.16,37,South,1
38,Female,37948.99,692.0,0.52,18,North,0
54,Male,65120.02,740.0,0.33,30,West,1
26,Male,82782.92,697.0,0.21,5,West,1
48,Male,58197.16,677.0,0.41,26,East,1
37,Male,57559.1,538.0,0.22,16,West,1
43,Female,61002.79,692.0,0.22,23,South,1
50,Male,59838.7,748.0,0.2,28,West,1
26,Male,71622.71,712.0,0.3,5,North,1
22,Male,71078.83,657.0,0.3,2,South,1
33,Male,60066.17,604.0,0.14,12,North,1
53,Male,32588.91,588.0,0.48,30,West,0
23,Female,85216.32,610.0,0.71,0,East,0
27,Female,48174.84,723.0,0.24,7,West,0
37,Male,67489.9,787.0,0.4,15,East,1
30,Male,69196.48,665.0,0.13,8,South,1
31,Male,58217.88,685.0,0.34,8,East,1
56,Female,96435.36,684.0,0.55,35,South,1
46,Female,43288.13,574.0,0.35,22,West,0
54,Male,49243.3,650.0,0.61,30,West,0
51,Female,46244.07,653.0,0.47,29,South,0
65,Male,78066.31,697.0,0.14,44,South,1
68,Female,27129.94,714.0,0.71,45,West,0
23,Female,77978.54,696.0,0.34,2,South,0
49,Male,27169.71,704.0,0.72,27,East,0
41,Male,53733.78,589.0,0.28,17,West,1
30,Female,55518.22,733.0,0.27,7,South,0
22,Male,89324.87,608.0,0.12,2,East,1
40,Female,73604.66,601.0,0.2,16,South,1
59,Female,76872.79,652.0,0.46,38,North,1
60,Male,68361.74,805.0,0.52,37,West,1
39,Female,76277.99,750.0,0.56,16,South,0
45,Male,47935.61,559.0,0.67,22,North,0
61,Female,72585.92,602.0,0.26,38,North,1
35,Male,59646.04,710.0,0.54,13,West,0
31,Male,85730.32,691.0,0.61,11,North,1
55,Female,57092.14,538.0,0.71,31,South,0
61,Male,42640.04,712.0,0.75,40,West,0
23,Female,75056.11,606.0,0.32,2,North,0
25,Female,64792.86,689.0,0.4,2,North,0
47,Male,52868.67,759.0,0.28,23,South,1
44,Male,59499.19,693.0,0.5,21,West,1
66,Female,74491.98,689.0,0.19,45,East,1
42,Male,36038.12,635.0,0.55,21,South,0
28,Male,54795.92,649.0,0.34,8,North,1
23,Male,99049.71,570.0,0.56,2,East,1
35,Female,106952.85,686.0,0.32,12,West,1
47,Female,60549.34,689.0,0.36,23,South,1
65,Female,94431.62,669.0,0.47,43,South,1
69,Female,55402.98,736.0,0.1,45,West,1
55,Male,81603.1,745.0,0.34,35,West,1
36,Female,60840.92,611.0,0.44,13,South,0
66,Female,77940.13,614.0,0.25,42,South,1
32,Male,59649.1,702.0,0.31,10,North,1
34,Male,61866.07,726.0,0.53,13,East,1
37,Female,49245.39,685.0,0.44,15,South,0
37,Male,108051.46,561.0,0.31,14,East,1
36,Male,71057.27,679.0,0.66,15,North,0
56,Female,41405.34,654.0,0.15,35,East,1
42,Female,25000.0,721.0,0.15,21,North,0
26,Male,109953.6,638.0,0.73,4,West,1
38,Female,59375.44,755.0,0.27,18,South,1
23,Female,60411.11,768.0,0.31,1,West,0
62,Female,95484.31,643.0,0.12,38,East,1
33,Female,53732.35,704.0,0.24,10,North,0
62,Female,59510.81,579.0,0.38,40,West,1
60,Male,56895.63,505.0,0.41,36,North,1
49,Male,25000.0,825.0,0.65,25,West,0
45,Female,68846.94,653.0,0.27,22,North,1
27,Male,60016.25,651.0,0.67,6,West,0
68,Male,73956.97,600.0,0.66,45,West,1
36,Male,49815.27,797.0,0.68,12,West,0
44,Male,81596.53,653.0,0.76,24,North,0
47,Female,63375.44,772.0,0.4,23,North,1
66,Female,68378.86,636.0,0.25,45,North,1
25,Female,51296.03,629.0,0.38,2,West,0
63,Female,109528.83,829.0,0.29,39,East,1
52,Female,58931.43,684.0,0.25,31,North,1
52,Female,75001.67,733.0,0.36,31,East,1
53,Female,90409.18,580.0,0.78,31,South,0
44,Male,25000.0,791.0,0.15,21,West,1
34,Male,101685.97,841.0,0.73,14,West,1
65,Male,64490.78,702.0,0.66,41,East,1
67,Female,63825.74,804.0,0.35,44,North,1
50,Male,46952.37,512.0,0.77,30,West,0
32,Female,85209.56,688.0,0.74,10,North,0
25,Male,59150.39,739.0,0.13,1,West,1
63,Female,46131.2,690.0,0.75,43,West,0
38,Male,82831.29,748.0,0.28,14,East,1
49,Female,50240.26,678.0,0.51,26,East,0
33,Male,69543.56,558.0,0.46,13,West,0
24,Female,43622.61,642.0,0.46,1,East,0
45,Female,75937.86,636.0,0.23,25,West,1
55,Female,92095.38,680.0,0.59,31,South,1
51,Male,55491.51,704.0,0.14,30,East,1
55,Female,72986.4,682.0,0.17,33,North,1
66,Female,67605.95,616.0,0.37,44,East,1
67,Female,68899.1,598.0,0.41,44,South,1
27,Male,48175.42,669.0,0.46,7,South,0
62,Female,82001.87,717.0,0.62,38,East,1
68,Female,82145.39,696.0,0.17,45,South,1
41,Female,90629.48,584.0,0.77,19,West,0
44,Male,77002.33,699.0,0.74,23,South,1
53,Female,65952.03,776.0,0.79,30,South,0
68,Male,76191.29,664.0,0.57,45,East,1
37,Male,68106.54,654.0,0.6,15,North,0
56,Male,43639.48,746.0,0.69,34,South,0
35,Male,86575.4,773.0,0.11,15,South,1
53,Female,65675.02,718.0,0.61,31,South,0
61,Male,89445.72,663.0,0.43,40,West,1
48,Male,63767.37,627.0,0.45,25,South,1
43,Female,106893.03,726.0,0.12,22,West,1
32,Female,79637.94,625.0,0.12,10,South,1
37,Male,51308.4,757.0,0.48,14,North,1
42,Male,83532.09,708.0,0.44,21,North,1
63,Male,105980.0,652.0,0.68,43,East,1
51,Male,59225.89,590.0,0.71,30,East,0
24,Female,54400.91,503.0,0.52,1,East,0
67,Male,97395.32,679.0,0.6,43,South,1
66,Female,111423.1,674.0,0.5,42,West,1
68,Male,73101.51,850.0,0.15,45,South,1
30,Male,44993.53,809.0,0.26,10,West,1
67,Female,70253.56,712.0,0.12,45,West,1
45,Male,50360.15,717.0,0.52,23,South,1
27,Male,94306.12,598.0,0.39,3,West,1
23,Female,83392.68,735.0,0.58,1,West,0
58,Female,69999.2,653.0,0.52,34,North,1
36,Female,85283.29,663.0,0.71,14,East,0
29,Female,63701.85,634.0,0.57,5,South,0
67,Female,67747.3,692.0,0.79,43,East,0
58,Female,41191.5,700.0,0.57,35,West,0
35,Female,66403.81,779.0,0.21,15,South,1
35,Female,75593.78,766.0,0.24,11,East,1
24,Female,45123.39,648.0,0.62,3,East,0
32,Female,25582.63,594.0,0.36,10,East,0
26,Male,84197.56,774.0,0.73,6,North,0
40,Female,46288.52,730.0,0.74,20,South,0
69,Female,58835.95,643.0,0.39,45,South,1
47,Male,73385.59,715.0,0.3,23,East,1
49,Female,87862.64,721.0,0.63,29,East,1
48,Male,55364.56,809.0,0.63,24,South,1
59,Male,40430.25,797.0,0.31,36,East,1
68,Male,65946.13,688.0,0.38,45,East,1
37,Female,74726.55,641.0,0.33,16,South,1
36,Male,49255.16,704.0,0.69,15,North,0
54,Male,63169.59,601.0,0.5,32,East,1
24,Male,36105.82,657.0,0.25,4,South,0
53,Male,59684.92,608.0,0.2,32,East,1
63,Female,78268.61,609.0,0.54,39,West,1
59,Female,56540.01,709.0,0.13,39,South,1
39,Female,75071.75,666.0,0.64,18,South,0
61,Male,69549.86,659.0,0.51,39,North,1
29,Female,50378.28,680.0,0.69,9,South,0
35,Female,81861.79,625.0,0.52,15,East,0
45,Male,92545.16,694.0,0.21,24,South,1
65,Female,47726.42,737.0,0.63,44,North,0
39,Female,37114.48,665.0,0.29,16,North,0
25,Male,47266.7,817.0,0.18,4,West,1
63,Female,54870.09,727.0,0.34,42,South,1
65,Male,55367.68,705.0,0.44,44,East,1
31,Female,53826.94,601.0,0.78,10,East,0
62,Female,74146.87,651.0,0.57,39,South,1
36,Male,50021.41,635.0,0.37,14,North,1
52,Male,53828.5,793.0,0.44,32,West,1
30,Male,58667.94,632.0,0.39,6,West,0
47,Male,47092.06,666.0,0.17,27,North,1
24,Female,107945.86,727.0,0.46,3,East,1
50,Female,25000.0,620.0,0.75,29,North,0
61,Male,90079.0,660.0,0.64,40,South,1
44,Female,43098.6,520.0,0.76,21,North,0
56,Male,91974.36,609.0,0.65,35,East,1
47,Female,81916.94,590.0,0.14,24,West,1
43,Female,42449.94,680.0,0.53,23,West,0
33,Male,88384.53,622.0,0.11,10,East,1
66,Female,61713.21,666.0,0.6,43,East,0
54,Female,71432.24,623.0,0.74,31,West,0
49,Female,71817.74,677.0,0.65,25,South,0
44,Male,68901.26,638.0,0.37,21,North,1
33,Male,60995.91,659.0,0.11,13,West,1
23,Female,80418.05,691.0,0.3,3,South,1
46,Male,46775.4,707.0,0.54,23,North,0
43,Female,68479.46,739.0,0.63,19,South,0
68,Female,78564.09,587.0,0.76,45,South,0
58,Female,59992.18,576.0,0.46,35,South,0
42,Female,64050.34,719.0,0.45,22,East,0
68,Female,50702.75,734.0,0.6,45,West,0
65,Male,31681.81,663.0,0.14,42,North,1
37,Male,68042.17,628.0,0.48,16,East,1
46,Female,79448.74,736.0,0.11,24,West,1
47,Male,91946.32,610.0,0.1,24,West,1
63,Male,87482.65,693.0,0.69,40,South,1
36,Male,43920.75,631.0,0.62,12,East,0
37,Female,77515.53,706.0,0.56,15,North,0
66,Female,54292.2,672.0,0.71,45,West,0
22,Female,65936.77,644.0,0.57,2,East,0
29,Female,85619.54,666.0,0.74,9,East,0
48,Male,66663.71,738.0,0.75,25,North,0
55,Male,80179.57,631.0,0.18,34,West,1
31,Male,40223.82,681.0,0.25,9,North,1
27,Male,101226.96,795.0,0.17,3,South,1
52,Female,47932.78,680.0,0.46,29,North,0
61,Male,91221.77,738.0,0.11,41,East,1
65,Male,83819.17,630.0,0.24,44,South,1
66,Female,86882.62,850.0,0.67,43,West,1
45,Female,29735.2,572.0,0.47,23,South,0
34,Male,61084.83,637.0,0.39,14,South,1
58,Male,25000.0,574.0,0.59,36,West,0
37,Female,40441.99,525.0,0.21,17,South,0
40,Male,81551.26,703.0,0.59,16,East,1
40,Male,81697.41,657.0,0.52,17,East,1
51,Male,25261.0,747.0,0.67,29,East,0
43,Female,58128.05,572.0,0.59,21,East,0
50,Male,72954.7,745.0,0.38,28,South,1
35,Female,40376.65,656.0,0.8,12,West,0
57,Male,50120.07,715.0,0.38,33,North,1
48,Male,66108.9,657.0,0.35,27,West,1
57,Female,52794.61,746.0,0.79,35,North,0
41,Male,74809.99,632.0,0.62,20,West,1
60,Male,94855.11,714.0,0.57,38,West,1
30,Female,37082.11,621.0,0.3,8,South,0
50,Male,32718.08,737.0,0.51,26,North,0
33,Female,57257.96,552.0,0.74,12,East,0
51,Male,39526.45,731.0,0.47,29,East,1
47,Male,75514.32,597.0,0.62,26,South,1
45,Female,66754.94,619.0,0.71,22,South,0
34,Male,58063.98,721.0,0.19,11,South,1
45,Female,25000.0,565.0,0.77,23,East,0
69,Female,51204.49,822.0,0.43,45,South,1
67,Female,38677.37,583.0,0.18,44,East,1
35,Female,101894.66,598.0,0.7,11,South,0
69,Male,66119.57,695.0,0.29,45,West,1
25,Male,73606.14,698.0,0.76,4,North,0
54,Female,70895.34,606.0,0.29,32,North,1
31,Female,48755.43,637.0,0.22,9,South,0
49,Male,63101.72,613.0,0.46,28,West,1
57,Male,88509.82,704.0,0.65,34,East,1
52,Female,115521.66,774.0,0.73,31,North,1
32,Male,50209.47,603.0,0.59,10,North,0
62,Male,73131.88,670.0,0.26,42,North,1
58,Female,89976.28,604.0,0.15,38,East,1
42,Male,68064.29,817.0,0.12,19,West,1
56,Male,68138.53,656.0,0.57,35,North,1
33,Male,94149.71,802.0,0.39,13,West,1
28,Female,73728.44,576.0,0.19,4,South,0
47,Female,85831.84,603.0,0.44,27,South,1
38,Female,75230.31,636.0,0.17,16,East,1
37,Female,83471.19,566.0,0.26,13,North,1
32,Female,58387.89,637.0,0.58,10,West,0
32,Female,51417.7,721.0,0.21,12,South,1
35,Male,76215.39,616.0,0.33,15,West,1
51,Female,74479.84,642.0,0.2,31,South,1
38,Female,25000.0,833.0,0.29,17,West,0
35,Female,51019.46,675.0,0.6,12,South,0
36,Male,64969.94,745.0,0.33,16,North,1
24,Female,99401.83,625.0,0.8,2,West,0
46,Female,46937.03,667.0,0.1,25,East,1
58,Male,55794.92,638.0,0.52,38,North,1
42,Male,75584.34,689.0,0.21,22,North,1
47,Male,58705.4,632.0,0.38,26,East,1
57,Female,70129.03,714.0,0.65,36,East,0
50,Male,69746.25,595.0,0.26,28,West,1
52,Male,88888.86,773.0,0.39,31,South,1
66,Female,49690.71,630.0,0.56,42,West,0
46,Male,62103.21,700.0,0.21,25,East,1
42,Female,63212.21,632.0,0.66,19,East,0
23,Female,62809.19,736.0,0.59,1,South,0
30,Male,37896.74,678.0,0.45,10,North,0
36,Female,57212.97,798.0,0.29,12,West,1
52,Male,73325.71,605.0,0.15,30,West,1
33,Female,38504.08,655.0,0.59,12,South,0
42,Male,81580.39,630.0,0.28,21,South,1
59,Male,68614.22,650.0,0.7,37,West,1
25,Male,76461.05,724.0,0.1,4,South,1
29,Male,61742.16,663.0,0.79,7,South,0
45,Male,50065.26,667.0,0.49,23,East,1
27,Male,74534.06,608.0,0.5,3,South,0
24,Male,71668.67,706.0,0.16,0,South,1
31,Male,35459.48,585.0,0.51,8,West,0
43,Female,57923.0,630.0,0.51,21,North,0
26,Male,36262.27,723.0,0.57,2,West,0
62,Male,66717.56,730.0,0.4,40,South,1
66,Female,25000.0,763.0,0.38,43,West,1
53,Male,80178.22,599.0,0.61,32,East,1
24,Female,42577.99,698.0,0.14,3,South,0
64,Male,47907.72,702.0,0.21,43,North,1
58,Male,69582.54,741.0,0.78,34,North,1
25,Male,33604.43,678.0,0.26,5,South,0
65,Female,72594.35,587.0,0.46,42,South,1
64,Male,53235.31,674.0,0.73,44,South,1
57,Female,52165.25,767.0,0.21,33,West,1
43,Male,55020.66,693.0,0.45,22,South,1
45,Female,35129.02,616.0,0.57,25,East,0
36,Male,34421.54,700.0,0.63,13,East,0
29,Female,28871.21,754.0,0.74,9,North,0
65,Female,64265.19,672.0,0.12,41,North,1
34,Male,50867.97,754.0,0.56,11,West,0
25,Male,100449.64,767.0,0.53,4,East,1
38,Male,73530.12,669.0,0.14,17,North,1
41,Female,36218.5,671.0,0.74,21,East,0
57,Male,45838.95,590.0,0.41,35,North,1
59,Male,105582.16,687.0,0.37,36,East,1
47,Male,61406.3,726.0,0.59,23,South,1
37,Female,44397.19,687.0,0.47,14,South,0
25,Female,54182.56,670.0,0.45,4,West,0
47,Male,69555.16,567.0,0.77,25,South,0
60,Female,45260.67,675.0,0.38,36,West,1
37,Male,65269.22,576.0,0.74,14,East,0
47,Female,66405.69,639.0,0.34,23,West,1
50,Male,81013.63,691.0,0.31,30,South,1
66,Male,51102.08,541.0,0.15,45,East,1
24,Female,56154.32,763.0,0.36,3,North,0
65,Female,50333.69,583.0,0.47,41,West,0
44,Female,80773.07,747.0,0.46,23,North,1
67,Male,70224.41,707.0,0.24,45,North,1
45,Male,88323.4,617.0,0.58,24,South,1
60,Male,46740.96,631.0,0.61,40,West,1
29,Female,62327.3,670.0,0.22,7,South,0
43,Female,69663.65,633.0,0.4,22,West,0
36,Female,102863.64,848.0,0.74,13,West,1
37,Female,26785.3,776.0,0.24,17,South,0
69,Female,80133.45,588.0,0.13,45,East,1
31,Male,92618.9,661.0,0.14,7,East,1
68,Male,78309.62,708.0,0.32,45,West,1
40,Female,97303.25,761.0,0.78,20,South,0
39,Male,70697.1,734.0,0.47,19,East,1
66,Male,60022.02,654.0,0.59,45,North,1
44,Male,97702.16,715.0,0.78,21,South,1
29,Female,50728.8,639.0,0.72,5,West,0
32,Female,81688.75,690.0,0.6,11,North,0
26,Female,78583.66,732.0,0.65,5,North,0
63,Female,86147.73,625.0,0.22,41,South,1
46,Male,47347.26,596.0,0.17,26,East,1
44,Female,81395.96,713.0,0.54,21,West,0
63,Female,78783.95,850.0,0.36,41,North,1
25,Female,79062.25,742.0,0.53,5,East,0
42,Female,99879.56,590.0,0.23,22,South,1
49,Male,116240.89,673.0,0.36,26,West,1
69,Female,47668.11,547.0,0.55,45,South,0
38,Male,38012.15,635.0,0.19,17,West,1
42,Male,85066.09,624.0,0.2,21,North,1
22,Female,69090.42,772.0,0.27,1,East,1
64,Male,58459.45,691.0,0.65,42,North,1
25,Male,25000.0,702.0,0.11,1,East,1
62,Female,83734.94,602.0,0.45,39,North,1
37,Male,81328.25,814.0,0.76,13,North,1
44,Female,72190.0,760.0,0.55,20,South,0
69,Male,94039.17,755.0,0.47,45,North,1
44,Male,51531.43,729.0,0.19,22,East,1
34,Female,60237.56,621.0,0.78,14,East,0
46,Male,98704.48,660.0,0.59,23,North,1
36,Female,61251.57,634.0,0.67,13,East,0
57,Female,98345.4,743.0,0.57,35,East,1
60,Female,75534.51,652.0,0.58,40,West,1
46,Female,78421.3,759.0,0.61,26,North,1
58,Male,69230.55,698.0,0.3,37,South,1
61,Male,81916.16,684.0,0.26,38,North,1
64,Female,87911.54,700.0,0.2,41,East,1
37,Female,48026.03,621.0,0.25,16,East,0
51,Male,66790.03,486.0,0.13,28,North,1
61,Male,75646.94,662.0,0.41,41,South,1
37,Female,53958.34,503.0,0.51,16,North,0
61,Male,35402.03,782.0,0.78,37,North,0
50,Female,76123.42,651.0,0.52,27,North,0
53,Male,77638.24,556.0,0.41,31,West,1
45,Female,62035.43,732.0,0.21,22,East,1
66,Male,68657.54,712.0,0.66,45,West,1
26,Male,98889.58,695.0,0.5,5,North,1
60,Male,45184.3,797.0,0.74,37,East,1
66,Male,41008.92,623.0,0.14,42,North,1
26,Male,45002.42,645.0,0.34,5,South,0
60,Male,54695.93,699.0,0.54,40,South,1
68,Female,73449.7,801.0,0.65,44,West,1
49,Female,85803.41,574.0,0.46,25,South,1
37,Female,78919.6,800.0,0.64,17,South,0
30,Female,39415.96,685.0,0.12,9,North,0
65,Female,55128.7,635.0,0.53,43,North,0
39,Female,75981.25,584.0,0.15,17,North,1
66,Female,57750.29,648.0,0.68,44,West,0
29,Male,54293.3,672.0,0.21,5,North,1
34,Female,40579.85,651.0,0.14,11,West,0
23,Male,63697.22,694.0,0.75,3,West,0
68,Female,43947.54,639.0,0.78,44,South,0
43,Female,90192.58,742.0,0.61,19,East,1
31,Male,96187.84,697.0,0.18,11,East,1
42,Female,69919.73,644.0,0.14,22,South,1
23,Male,68084.9,654.0,0.28,3,East,1
32,Female,79904.78,720.0,0.2,12,East,1
31,Male,75336.3,620.0,0.79,10,West,0
27,Female,45259.13,792.0,0.22,5,West,0
30,Male,41954.21,614.0,0.57,6,West,0
38,Female,70980.26,689.0,0.73,18,East,0
44,Male,62898.48,718.0,0.57,23,South,1
29,Female,49933.14,789.0,0.33,9,South,0
47,Male,80663.02,708.0,0.53,23,East,1
45,Female,67082.29,649.0,0.53,21,North,0
24,Male,46645.91,700.0,0.24,2,West,1
36,Female,76058.55,667.0,0.11,15,East,1
52,Male,57938.73,787.0,0.34,30,West,1
39,Male,52507.74,657.0,0.1,16,East,1
60,Female,65168.21,659.0,0.75,38,North,0
48,Male,87174.03,698.0,0.49,28,East,1
26,Female,53301.12,762.0,0.41,2,North,0
68,Female,48697.23,644.0,0.42,45,East,1
49,Male,83483.0,642.0,0.27,28,West,1
65,Female,55502.44,698.0,0.2,41,East,1
51,Male,73396.51,657.0,0.19,27,North,1
55,Male,74958.61,676.0,0.25,34,West,1
65,Female,72580.28,578.0,0.13,41,West,1
58,Female,71535.64,563.0,0.71,36,South,0
53,Female,62597.35,643.0,0.2,31,South,1
63,Female,76940.9,658.0,0.36,40,East,1
41,Male,63967.63,713.0,0.54,18,West,1
53,Female,73623.71,684.0,0.6,31,East,0
49,Male,36348.5,648.0,0.68,29,West,0
52,Male,67572.59,655.0,0.5,32,North,1
25,Female,56419.93,665.0,0.17,1,South,0
32,Male,79915.6,677.0,0.34,12,West,1
24,Female,81282.38,584.0,0.13,0,West,1
51,Female,67979.93,674.0,0.36,31,West,1
66,Male,65140.25,692.0,0.21,44,East,1
45,Male,52164.48,742.0,0.63,22,East,0
65,Female,77717.91,677.0,0.8,45,West,0
27,Female,48616.55,735.0,0.73,7,South,0
53,Male,55019.9,769.0,0.36,30,West,1
49,Female,43238.45,627.0,0.77,29,South,0
53,Female,43203.06,582.0,0.37,33,North,0
27,Male,36966.4,703.0,0.53,3,North,0
69,Male,55087.86,695.0,0.67,45,South,1
29,Female,33957.25,651.0,0.44,9,South,0
46,Female,73551.52,717.0,0.75,25,North,0
30,Male,25000.0,756.0,0.13,6,West,1
44,Male,38546.17,685.0,0.53,20,East,0
54,Female,51519.38,550.0,0.14,30,South,1
40,Female,73590.33,806.0,0.68,16,North,0
23,Male,57997.6,651.0,0.65,3,South,0
26,Female,35854.86,587.0,0.62,6,East,0
39,Female,84975.79,750.0,0.54,18,South,1
55,Female,96484.2,756.0,0.55,35,East,1
48,Male,98255.35,701.0,0.7,24,South,1
29,Female,102072.85,697.0,0.49,8,South,1
35,Male,70463.1,774.0,0.45,14,North,1
44,Male,100906.0,740.0,0.45,20,South,1
67,Male,103471.65,599.0,0.69,43,North,1
51,Male,84552.03,612.0,0.7,28,North,1
22,Male,89698.37,735.0,0.58,0,North,1
39,Male,71159.55,755.0,0.33,17,South,1
67,Male,27443.51,670.0,0.66,45,North,0
24,Male,78535.12,810.0,0.4,0,East,1
59,Male,55017.17,794.0,0.67,36,West,1
49,Male,44899.76,649.0,0.26,27,South,1
49,Female,102433.82,631.0,0.35,26,West,1
30,Male,81380.25,639.0,0.24,7,North,1
24,Female,95715.76,839.0,0.4,2,West,1
38,Female,46822.93,688.0,0.25,16,East,0
59,Male,37225.08,656.0,0.26,39,West,1
50,Female,64671.45,667.0,0.56,28,West,0
38,Male,25000.0,748.0,0.61,16,South,0
36,Female,71735.93,748.0,0.26,12,East,1
66,Female,76968.2,709.0,0.62,45,West,1
63,Male,43918.77,661.0,0.73,41,South,0
40,Female,47637.31,765.0,0.33,19,North,0
23,Female,25000.0,651.0,0.53,2,South,0
58,Male,79812.79,608.0,0.4,37,East,1
41,Male,47657.13,653.0,0.29,18,South,1
69,Female,60206.37,585.0,0.15,45,South,1
57,Male,78893.03,598.0,0.78,33,East,1
24,Female,84247.21,771.0,0.67,4,North,0
33,Male,73980.79,825.0,0.19,13,South,1
52,Male,54710.69,671.0,0.51,31,South,1
60,Male,60065.05,587.0,0.7,36,North,0
59,Male,25048.36,621.0,0.63,36,West,0
45,Female,102757.5,771.0,0.14,25,South,1
38,Female,69509.92,713.0,0.74,16,West,0
28,Female,51430.32,641.0,0.36,8,East,0
50,Male,26064.8,596.0,0.17,30,East,1
47,Female,69565.01,732.0,0.18,25,East,1
31,Female,26138.92,663.0,0.5,8,North,0
45,Male,86537.06,678.0,0.18,21,South,1
59,Male,68803.31,699.0,0.61,36,South,1
61,Male,57998.07,782.0,0.74,41,West,1
34,Male,53260.19,723.0,0.22,10,West,1
55,Female,105350.09,666.0,0.22,31,East,1
50,Male,65681.1,746.0,0.66,26,East,1
60,Female,44868.59,675.0,0.74,37,South,0
61,Female,88035.88,580.0,0.44,38,North,1
52,Female,48890.7,700.0,0.8,30,West,0
64,Male,73680.55,594.0,0.16,43,South,1
29,Female,91859.51,728.0,0.49,8,North,0
43,Female,73901.2,822.0,0.67,21,North,0
52,Male,55824.69,630.0,0.63,31,East,0
49,Male,34727.36,653.0,0.14,29,East,1
37,Male,47742.89,659.0,0.12,17,East,1
34,Male,33086.23,687.0,0.43,10,South,0
23,Male,85035.14,629.0,0.49,3,North,1
65,Male,33688.37,811.0,0.23,43,East,1
46,Female,60879.55,718.0,0.65,24,West,0
29,Female,74953.49,709.0,0.45,9,West,0
25,Female,52499.35,584.0,0.39,1,North,0
65,Male,59643.73,636.0,0.7,42,East,1
65,Female,79042.43,673.0,0.56,44,North,1
25,Female,90065.51,542.0,0.66,3,East,0
61,Male,36998.24,850.0,0.32,40,East,1
42,Female,71210.44,664.0,0.66,20,North,0
50,Male,60121.51,636.0,0.42,30,North,1
52,Male,80820.92,696.0,0.49,28,North,1
26,Male,100467.94,652.0,0.57,3,West,1
25,Female,99390.48,751.0,0.1,4,East,1
61,Male,82776.31,667.0,0.53,39,South,1
53,Male,86039.27,733.0,0.34,33,South,1
64,Male,47709.96,705.0,0.76,40,South,0
40,Female,62555.62,598.0,0.44,17,East,0
48,Female,77386.2,658.0,0.44,27,South,1
57,Female,78712.07,629.0,0.15,33,West,1
36,Female,65575.32,566.0,0.41,13,East,0
52,Male,73077.92,731.0,0.14,28,South,1
23,Female,35927.43,645.0,0.54,0,East,0
63,Female,67051.55,547.0,0.12,41,South,1
67,Male,87892.89,623.0,0.73,43,East,1
40,Male,67041.36,738.0,0.64,16,North,1
37,Male,57171.77,684.0,0.31,13,South,1
25,Female,55087.77,600.0,0.33,2,West,0
28,Female,49514.66,782.0,0.54,5,North,0
50,Female,33675.25,748.0,0.57,26,South,0
55,Male,48475.65,766.0,0.64,35,South,1
36,Male,76889.68,698.0,0.17,14,East,1
57,Female,101002.66,732.0,0.16,35,East,1
30,Female,61488.2,716.0,0.28,7,East,0
39,Male,88033.52,555.0,0.22,16,North,1
69,Male,82374.2,679.0,0.43,45,East,1
47,Female,61181.6,817.0,0.78,25,South,0
48,Female,74998.4,558.0,0.76,24,West,0
57,Male,59716.64,675.0,0.39,35,East,1
58,Female,64376.44,757.0,0.53,35,North,1
36,Female,51309.11,758.0,0.2,14,North,1
66,Female,75412.2,644.0,0.14,45,South,1
67,Male,68692.77,564.0,0.46,45,East,1
64,Female,28251.34,752.0,0.5,41,West,0
65,Male,62372.51,556.0,0.74,41,North,0
34,Male,96704.55,710.0,0.31,12,East,1
67,Female,67658.3,618.0,0.2,43,West,1
40,Female,39498.11,661.0,0.34,18,West,0
66,Female,66429.91,696.0,0.5,45,West,1
68,Male,67961.04,692.0,0.77,45,West,1
60,Female,60176.24,627.0,0.32,39,North,1
32,Male,61968.54,630.0,0.68,9,South,0
64,Female,65902.44,633.0,0.47,40,South,1
62,Male,86497.14,768.0,0.19,38,East,1
44,Female,58415.82,746.0,0.37,22,North,1
61,Female,37487.61,659.0,0.44,40,South,0
46,Female,84305.04,742.0,0.54,26,North,1
40,Female,67485.37,680.0,0.68,18,North,0
67,Male,39478.85,686.0,0.33,45,South,1
32,Female,60867.38,675.0,0.36,8,South,0
28,Male,59126.54,763.0,0.38,8,North,1
27,Female,32028.8,701.0,0.37,3,West,0
61,Female,64294.04,760.0,0.64,37,North,0
66,Male,64106.31,723.0,0.58,45,East,1
69,Female,97934.37,688.0,0.44,45,East,1
58,Male,35093.15,735.0,0.45,38,North,1
31,Female,58948.03,685.0,0.72,11,West,0
61,Female,53572.96,768.0,0.67,40,East,0
26,Male,74247.22,659.0,0.47,3,South,1
31,Male,38896.64,798.0,0.79,10,North,0
28,Female,104265.03,655.0,0.46,4,North,1
61,Female,79664.05,586.0,0.11,40,East,1
54,Male,42548.21,712.0,0.39,34,East,1
37,Male,86397.37,579.0,0.78,17,West,0
60,Male,106491.72,600.0,0.73,38,North,1
40,Male,78342.63,635.0,0.78,19,East,0
58,Female,76765.94,582.0,0.12,36,North,1
33,Male,57847.48,727.0,0.72,9,East,0
28,Female,58300.28,684.0,0.23,6,West,0
59,Male,30536.83,685.0,0.36,37,North,1
59,Female,59315.38,684.0,0.54,35,West,0
37,Male,41607.76,615.0,0.73,17,East,0
51,Male,75622.55,793.0,0.46,29,West,1
60,Male,42907.89,607.0,0.7,37,West,0
59,Male,44187.37,632.0,0.46,36,North,1
34,Female,51667.81,605.0,0.58,11,East,0
33,Female,70920.64,621.0,0.29,10,North,0
42,Male,79318.25,671.0,0.32,19,East,1
22,Female,45124.66,599.0,0.44,0,West,0
63,Male,57957.21,721.0,0.58,42,West,1
39,Male,25000.0,651.0,0.52,17,South,0
37,Female,63002.81,753.0,0.57,16,East,0
56,Male,52473.22,668.0,0.44,32,North,1
60,Female,69614.22,698.0,0.38,39,East,1
60,Female,64372.83,697.0,0.75,40,North,0
42,Female,84692.77,638.0,0.19,20,East,1
40,Male,50549.67,679.0,0.8,16,West,0
66,Male,57411.17,775.0,0.7,44,South,1
47,Female,70568.91,714.0,0.49,24,East,0
69,Female,35545.57,673.0,0.33,45,West,1
60,Male,46581.12,761.0,0.52,39,West,1
69,Female,88757.34,802.0,0.1,45,North,1
38,Female,56134.03,774.0,0.71,17,North,0
46,Female,42330.13,680.0,0.57,25,South,0
45,Female,57074.59,602.0,0.77,25,North,0
59,Male,25000.0,733.0,0.33,39,North,1
22,Male,46770.25,743.0,0.55,0,North,0
57,Male,86943.39,589.0,0.61,37,South,1
61,Female,42558.26,635.0,0.37,39,North,0
63,Female,52687.54,685.0,0.26,39,West,1
34,Male,78280.17,730.0,0.6,14,East,1
34,Male,83494.39,752.0,0.46,14,West,1
29,Female,59469.69,600.0,0.33,6,West,0
30,Male,78633.24,803.0,0.64,8,West,1
53,Female,28126.64,718.0,0.1,29,West,1
34,Male,98415.98,788.0,0.61,11,South,1
53,Female,38291.39,715.0,0.78,33,South,0
37,Male,76006.38,784.0,0.57,13,East,1
68,Male,78454.9,720.0,0.6,45,South,1
30,Male,51855.08,661.0,0.21,6,South,1
41,Male,94183.53,591.0,0.66,20,West,1
34,Male,79075.34,517.0,0.36,13,South,1
40,Female,53448.92,723.0,0.71,16,West,0
40,Male,105074.88,523.0,0.39,19,East,1
57,Female,60354.3,708.0,0.55,37,South,1
40,Female,71871.27,596.0,0.35,20,West,0
35,Female,85775.02,633.0,0.18,13,South,1
53,Male,49218.23,667.0,0.27,30,West,1
54,Male,36977.56,634.0,0.12,30,West,1
64,Female,25000.0,635.0,0.17,41,East,1
38,Female,101511.27,792.0,0.23,15,South,1
59,Female,99119.69,754.0,0.54,37,South,1
50,Male,88085.13,716.0,0.52,26,East,1
55,Male,46560.12,561.0,0.38,31,South,1
48,Female,65845.19,671.0,0.71,26,East,0
63,Female,76535.68,672.0,0.15,39,North,1
26,Female,79470.88,657.0,0.56,5,North,0
34,Male,34475.0,750.0,0.71,14,East,0
25,Female,45038.89,723.0,0.45,1,North,0
64,Male,65490.9,639.0,0.47,44,West,1
61,Female,59279.25,661.0,0.3,38,North,1
38,Male,73009.05,689.0,0.6,15,East,1
67,Male,60132.97,778.0,0.56,45,West,1
69,Male,42933.16,704.0,0.74,45,North,1
31,Female,62936.57,828.0,0.22,7,West,1
58,Female,90085.14,612.0,0.69,35,East,0
39,Male,25000.0,585.0,0.78,17,West,0
40,Male,106440.23,707.0,0.52,17,North,1
33,Female,68185.21,755.0,0.27,11,East,1
31,Male,44894.84,703.0,0.24,7,South,1
42,Female,54026.19,633.0,0.23,18,East,0
65,Female,54124.06,719.0,0.65,45,East,0
55,Female,76520.59,812.0,0.2,31,West,1
27,Female,46606.69,694.0,0.76,6,South,0
59,Female,54585.06,629.0,0.13,35,North,1
43,Male,77040.3,800.0,0.74,20,South,1
26,Male,66708.65,621.0,0.37,4,North,1
29,Male,92688.13,602.0,0.32,5,North,1
53,Male,64730.08,665.0,0.68,31,South,1
35,Female,66452.85,662.0,0.71,14,West,0
68,Female,78875.32,626.0,0.39,45,West,1
36,Male,76270.02,764.0,0.1,13,North,1
60,Female,63228.05,672.0,0.15,38,West,1
31,Male,102907.35,560.0,0.66,7,South,0
44,Female,45255.57,657.0,0.5,22,West,0
60,Female,81245.67,616.0,0.58,40,East,1
32,Male,60977.18,563.0,0.73,10,West,0
54,Male,105676.0,694.0,0.71,31,South,1
53,Male,67890.19,643.0,0.44,30,West,1
48,Female,25000.0,663.0,0.73,25,South,0
36,Female,34723.0,755.0,0.74,12,West,0
36,Female,93017.59,780.0,0.73,15,East,0
36,Female,33543.2,665.0,0.48,15,East,0
34,Female,74045.59,660.0,0.71,13,East,0
28,Male,55456.36,754.0,0.33,4,North,1
34,Male,86650.28,770.0,0.62,14,West,1
47,Male,76010.8,730.0,0.11,24,North,1
36,Female,54385.02,633.0,0.24,14,North,0
49,Male,77964.85,692.0,0.3,28,North,1
28,Male,58126.3,845.0,0.29,4,East,1
43,Female,48144.85,626.0,0.69,19,North,0
65,Female,58597.43,548.0,0.37,43,North,1
57,Female,52888.12,704.0,0.74,36,South,0
34,Male,33325.62,720.0,0.69,10,South,0
59,Male,72696.89,773.0,0.73,39,South,1
57,Female,100830.25,694.0,0.46,36,South,1
46,Male,29834.04,639.0,0.25,26,South,1
58,Male,60617.95,665.0,0.36,37,South,1
46,Male,81704.79,572.0,0.69,26,East,1
63,Female,50244.3,614.0,0.41,41,West,1
42,Female,62698.25,749.0,0.16,18,East,1
29,Female,50003.75,723.0,0.56,8,West,0
53,Female,48652.28,704.0,0.1,32,South,1
67,Male,63092.2,741.0,0.56,44,North,1
67,Male,63554.46,721.0,0.32,43,East,1
58,Male,92565.62,707.0,0.32,37,East,1
29,Male,71097.35,644.0,0.28,8,North,1
66,Male,73802.14,740.0,0.3,44,North,1
24,Female,80780.62,774.0,0.39,3,South,1
27,Female,88639.08,712.0,0.65,4,East,0
22,Female,37112.29,703.0,0.39,1,North,0
26,Male,57167.18,634.0,0.5,5,West,0
32,Female,60377.97,710.0,0.18,12,North,1
65,Male,70850.06,542.0,0.4,41,West,1
23,Male,89526.03,703.0,0.74,3,North,0
56,Female,50080.25,625.0,0.57,32,East,0
23,Male,71737.28,620.0,0.63,1,East,0
63,Male,79194.02,701.0,0.37,42,South,1
46,Male,56826.2,743.0,0.59,24,West,1
25,Male,107253.39,769.0,0.46,1,North,1
52,Male,49659.25,671.0,0.24,30,South,1
51,Female,94563.36,577.0,0.55,30,East,1
47,Male,72466.1,738.0,0.32,27,East,1
63,Female,69675.07,651.0,0.61,42,North,1
52,Female,61709.53,684.0,0.63,28,West,0
39,Male,83796.59,709.0,0.16,18,East,1
22,Female,100048.84,682.0,0.59,2,West,0
64,Male,73690.82,750.0,0.66,40,North,1
58,Male,92615.72,693.0,0.63,34,South,1
61,Male,57611.99,698.0,0.31,37,South,1
37,Male,61968.32,730.0,0.48,13,South,1
50,Male,47397.02,680.0,0.43,30,North,1
35,Male,94438.14,676.0,0.75,14,North,1
40,Female,81447.67,831.0,0.14,20,South,1
29,Male,75292.73,762.0,0.6,8,South,1
33,Male,58157.54,718.0,0.17,9,South,1
64,Female,57925.48,724.0,0.56,43,North,1
53,Female,31056.38,750.0,0.41,31,North,0
57,Female,63963.75,671.0,0.23,37,West,1
29,Male,88103.23,613.0,0.24,6,West,1
36,Female,100990.56,712.0,0.37,12,North,1
40,Female,56488.9,727.0,0.36,16,East,0
23,Female,79614.29,850.0,0.66,1,East,0
66,Male,75440.48,727.0,0.21,45,North,1
51,Male,91795.59,706.0,0.49,27,West,1
38,Male,51630.23,628.0,0.47,14,East,0
61,Female,60625.43,651.0,0.32,40,East,1
53,Male,86805.86,643.0,0.62,32,North,1
59,Male,46284.71,648.0,0.63,37,West,1
57,Male,62368.59,651.0,0.56,36,South,1
52,Male,69253.67,708.0,0.67,29,South,1
54,Male,63280.19,622.0,0.46,32,North,1
41,Female,63916.3,664.0,0.2,21,West,1
62,Female,69363.09,587.0,0.66,38,West,0
22,Male,50445.24,722.0,0.78,1,North,0
56,Male,73263.14,739.0,0.54,35,North,1
49,Female,80694.7,737.0,0.79,28,North,0
38,Male,74107.23,656.0,0.13,17,South,1
23,Male,63505.25,579.0,0.13,3,South,1
30,Male,40922.83,784.0,0.56,7,North,0
44,Male,70667.96,711.0,0.28,23,North,1
26,Female,68595.58,555.0,0.59,2,South,0
59,Male,101911.12,739.0,0.71,39,South,1
33,Female,37078.02,767.0,0.72,12,North,0
50,Male,81460.95,620.0,0.64,26,North,1
68,Female,64083.72,804.0,0.35,45,West,1
69,Male,102318.14,699.0,0.35,45,East,1
43,Male,56820.33,559.0,0.78,19,West,0
57,Female,48033.74,693.0,0.71,37,South,0
57,Female,53542.19,627.0,0.62,33,South,0
40,Female,74441.58,737.0,0.64,16,East,0
41,Female,71532.9,624.0,0.67,19,East,0
29,Female,85382.2,649.0,0.26,7,North,1
56,Male,80107.19,642.0,0.31,34,North,1
22,Female,56945.48,848.0,0.67,2,South,0
38,Male,73399.55,567.0,0.46,16,South,1
63,Male,36763.31,626.0,0.69,40,South,0
29,Male,41970.51,710.0,0.53,7,West,0
59,Female,79387.38,702.0,0.62,38,North,1
50,Female,72380.69,794.0,0.72,28,East,0
23,Female,36224.71,695.0,0.33,3,East,0
40,Male,48010.6,694.0,0.65,20,North,0
66,Male,43504.24,587.0,0.16,45,South,1
23,Male,35197.09,789.0,0.72,2,East,0
25,Male,121461.24,696.0,0.16,5,North,1
38,Female,74125.74,807.0,0.56,14,West,0
47,Female,81713.13,689.0,0.18,23,West,1
60,Female,59163.32,593.0,0.55,37,South,0
32,Male,72824.48,761.0,0.43,10,North,1
47,Male,42943.71,807.0,0.7,23,East,0
69,Female,50368.11,572.0,0.71,45,North,0
25,Male,68324.72,678.0,0.62,5,North,0
52,Female,31633.77,804.0,0.39,29,North,0
23,Female,70412.51,759.0,0.49,2,South,0
51,Male,78654.17,744.0,0.76,29,North,1
35,Male,47757.94,583.0,0.66,13,East,0
60,Male,64230.71,662.0,0.8,36,South,0
23,Female,80071.2,578.0,0.67,1,South,0
61,Male,42190.18,627.0,0.36,38,West,1
42,Female,60185.67,670.0,0.15,22,East,1
38,Female,67919.18,673.0,0.25,18,West,1
50,Male,68815.44,715.0,0.59,26,West,1
39,Female,50273.24,597.0,0.2,16,East,0
62,Male,54650.86,782.0,0.18,42,East,1
47,Male,97779.96,711.0,0.38,25,South,1
66,Male,52674.58,669.0,0.21,45,West,1
30,Male,108531.67,802.0,0.79,10,North,1
65,Female,39224.18,701.0,0.32,43,South,1
41,Female,60969.41,693.0,0.51,20,North,0
32,Female,67839.54,565.0,0.14,10,South,1
63,Female,81486.63,567.0,0.77,42,West,0
48,Female,67801.79,634.0,0.55,24,South,0
23,Male,92209.15,719.0,0.59,0,East,1
46,Female,61499.79,720.0,0.19,26,North,1
35,Male,80183.32,769.0,0.23,12,North,1
41,Female,73982.68,690.0,0.59,17,West,0
25,Female,47437.44,833.0,0.47,1,West,0
50,Female,69511.01,699.0,0.32,29,West,1
56,Female,51353.54,627.0,0.7,32,South,0
40,Male,64508.54,720.0,0.18,16,North,1
61,Male,96752.42,680.0,0.53,37,West,1
34,Female,58512.79,648.0,0.16,10,North,1
48,Male,80734.86,673.0,0.31,26,North,1
59,Male,60628.62,545.0,0.14,39,East,1
46,Female,33875.32,780.0,0.35,23,South,0
68,Male,77994.68,644.0,0.41,45,North,1
57,Female,67178.36,741.0,0.25,33,North,1
68,Female,77568.51,718.0,0.69,45,West,1
54,Male,63616.66,690.0,0.42,31,East,1
44,Female,74482.41,850.0,0.78,20,West,0
54,Female,78231.48,505.0,0.15,33,East,1
65,Male,66473.6,751.0,0.17,41,South,1
22,Female,77672.84,800.0,0.15,0,West,1
24,Male,65273.78,701.0,0.28,3,South,1
36,Female,69383.74,570.0,0.16,15,North,1
61,Male,58664.98,557.0,0.71,40,South,0
49,Female,47599.77,673.0,0.17,29,East,1
48,Female,78965.58,761.0,0.45,28,North,1
40,Female,51929.9,662.0,0.19,16,South,1
44,Male,47920.94,647.0,0.64,24,East,0
36,Male,76848.04,785.0,0.76,13,East,0
56,Female,75894.31,759.0,0.4,32,North,1
35,Male,55589.35,681.0,0.35,12,West,1
65,Male,84093.95,762.0,0.68,43,South,1
52,Female,53949.24,694.0,0.62,29,North,0
31,Female,65830.31,765.0,0.24,11,North,1
35,Male,86731.92,706.0,0.7,12,North,1
24,Female,41116.98,755.0,0.79,0,East,0
23,Female,79128.75,712.0,0.78,3,West,0
61,Male,60562.16,610.0,0.62,37,East,1
61,Male,63031.68,655.0,0.33,38,North,1
22,Male,87835.94,587.0,0.67,0,East,0
33,Male,56049.92,747.0,0.75,9,West,0
37,Male,25000.0,703.0,0.58,15,South,0
59,Male,43519.62,810.0,0.29,39,West,1
69,Male,67125.23,678.0,0.51,45,West,1
69,Female,61219.28,671.0,0.21,45,North,1
32,Male,61551.86,630.0,0.63,12,South,0
25,Male,70153.75,707.0,0.16,2,West,1
39,Male,48194.21,692.0,0.61,15,East,0
25,Female,61239.83,726.0,0.38,4,South,0
38,Male,39965.82,651.0,0.22,16,East,1
59,Male,36446.14,817.0,0.46,36,South,1
47,Male,83280.35,766.0,0.36,26,West,1
23,Male,71910.16,611.0,0.46,3,South,0
57,Male,66665.56,618.0,0.39,35,West,1
22,Female,29640.27,613.0,0.52,1,East,0
22,Female,65286.28,706.0,0.56,0,North,0
24,Female,55937.83,637.0,0.63,4,North,0
27,Male,78365.42,744.0,0.25,6,East,1
26,Male,77448.63,683.0,0.38,4,West,1
62,Male,49197.68,737.0,0.76,40,East,1
28,Female,72472.22,797.0,0.55,6,North,0
60,Male,37864.22,672.0,0.78,37,South,0
53,Female,26027.21,695.0,0.19,30,West,1
36,Male,60153.01,569.0,0.59,12,West,0
35,Female,107158.24,704.0,0.14,15,East,1
35,Male,93068.97,546.0,0.13,11,West,1
28,Female,43901.09,616.0,0.39,7,East,0
36,Female,82723.49,777.0,0.48,13,South,1
38,Male,30989.9,614.0,0.54,17,North,0
52,Female,41867.28,643.0,0.67,31,East,0
57,Female,81581.99,704.0,0.78,35,West,0
44,Male,59408.65,647.0,0.67,24,South,0
42,Female,55922.49,609.0,0.36,18,North,0
57,Male,44849.3,782.0,0.32,33,North,1
59,Male,71668.99,631.0,0.42,37,West,1
68,Female,77490.58,711.0,0.32,45,East,1
30,Female,54603.11,689.0,0.15,8,North,1
39,Female,67613.27,704.0,0.57,16,North,0
51,Female,83222.72,715.0,0.33,30,South,1
49,Male,45944.27,773.0,0.68,26,East,0
26,Male,67233.7,753.0,0.74,2,South,0
29,Male,59369.11,738.0,0.37,8,South,1
50,Female,64651.45,761.0,0.26,27,South,1
36,Male,77952.97,643.0,0.71,13,South,0
38,Female,33514.26,588.0,0.62,18,North,0
50,Male,51808.61,850.0,0.52,29,South,1
33,Female,57603.75,672.0,0.32,11,West,0
29,Female,92048.09,585.0,0.27,8,East,1
56,Female,48921.61,745.0,0.64,33,West,0
51,Female,65140.52,679.0,0.59,27,North,0
34,Male,42746.54,530.0,0.36,13,East,0
50,Female,66878.95,771.0,0.32,27,East,1
50,Female,57266.04,568.0,0.54,30,East,0
36,Female,28809.86,715.0,0.44,16,North,0
46,Male,43604.51,765.0,0.37,24,North,1
33,Male,60547.59,754.0,0.65,13,North,0
51,Male,75778.17,645.0,0.28,27,North,1
53,Male,35781.26,817.0,0.63,31,South,1
51,Male,65352.59,659.0,0.22,31,East,1
46,Female,41846.21,673.0,0.73,25,East,0
51,Male,67957.57,666.0,0.51,28,West,1
61,Male,40395.66,759.0,0.71,38,West,0
60,Female,25000.0,627.0,0.55,37,South,0
50,Female,80540.06,699.0,0.12,30,North,1
68,Male,25000.0,850.0,0.57,45,South,1
36,Female,98545.7,729.0,0.15,13,South,1
23,Female,46581.57,773.0,0.14,0,West,0
68,Female,79639.13,535.0,0.65,45,West,0
35,Female,61037.41,850.0,0.8,15,North,0
49,Male,91982.89,683.0,0.28,26,East,1
27,Male,67785.95,763.0,0.26,5,South,1
58,Male,33510.56,626.0,0.11,34,South,1
48,Female,40271.82,670.0,0.1,26,East,1
40,Female,95516.25,646.0,0.77,19,South,0
30,Female,55466.53,766.0,0.51,6,West,0
56,Female,83364.12,688.0,0.7,35,East,0
54,Female,38016.67,668.0,0.48,34,West,0
30,Female,79064.97,618.0,0.49,10,North,0
62,Female,67094.2,555.0,0.27,38,West,1
38,Female,47055.04,630.0,0.14,14,South,0
42,Female,54385.29,634.0,0.34,20,North,0
39,Female,59467.43,612.0,0.7,17,North,0
69,Male,63472.97,624.0,0.32,45,North,1
37,Female,41547.3,719.0,0.23,17,North,0
37,Female,60393.38,786.0,0.45,13,West,0
54,Female,74124.87,701.0,0.79,34,South,0
65,Male,94648.27,682.0,0.37,41,East,1
54,Female,64206.75,590.0,0.26,34,West,1
45,Female,52992.41,614.0,0.75,24,North,0
55,Female,40550.31,608.0,0.34,32,South,0
23,Male,68715.03,559.0,0.63,0,North,0
47,Male,49648.79,625.0,0.53,25,North,0
30,Female,69318.18,598.0,0.8,7,North,0
24,Male,55432.14,592.0,0.73,0,North,0
52,Male,38229.55,747.0,0.62,31,West,0
45,Male,51637.1,694.0,0.13,24,South,1
69,Female,65005.98,714.0,0.46,45,West,1
61,Female,49365.26,621.0,0.78,38,South,0
63,Female,86414.8,746.0,0.71,43,West,1
45,Female,45039.38,735.0,0.11,25,South,1
49,Female,70292.89,732.0,0.5,26,North,1
50,Male,66117.26,737.0,0.41,27,West,1
23,Male,88609.81,760.0,0.71,1,East,0
51,Male,63927.71,685.0,0.45,29,North,1
58,Female,89230.57,713.0,0.13,34,West,1
52,Male,58353.96,716.0,0.58,28,West,1
53,Male,89110.15,694.0,0.79,29,South,1
68,Male,89715.22,695.0,0.25,45,North,1
47,Female,77503.93,665.0,0.4,25,East,1
67,Female,79917.57,602.0,0.78,45,North,0
66,Female,75927.02,656.0,0.46,43,South,1
28,Female,109954.86,567.0,0.65,7,South,0
26,Female,79560.39,677.0,0.71,4,South,0
32,Female,33573.15,727.0,0.11,8,North,0
53,Male,65524.83,654.0,0.15,29,West,1
54,Female,58749.91,668.0,0.34,33,East,1
41,Male,74675.85,549.0,0.38,20,North,1
34,Female,61286.13,627.0,0.37,11,East,0
34,Male,33146.72,705.0,0.31,14,West,1
61,Female,80197.74,614.0,0.21,38,South,1
61,Female,58555.44,695.0,0.4,41,South,1
46,Female,60032.5,633.0,0.61,22,South,0
61,Female,76563.05,652.0,0.5,41,East,1
65,Female,62023.18,780.0,0.38,43,South,1
26,Male,63926.78,717.0,0.64,2,East,0
29,Female,43668.0,628.0,0.42,6,North,0
22,Female,71025.94,645.0,0.49,2,West,0
41,Male,30299.67,628.0,0.5,21,West,0
27,Male,55728.97,701.0,0.49,5,North,0
52,Female,71894.78,666.0,0.36,30,West,1
37,Male,96837.73,770.0,0.69,13,West,1
54,Male,32188.62,846.0,0.65,33,West,1
62,Male,42816.43,836.0,0.66,42,South,1
29,Female,55164.04,579.0,0.42,7,South,0
44,Male,58377.95,688.0,0.17,23,East,1
65,Female,69153.31,683.0,0.56,41,West,1
45,Male,91728.23,729.0,0.18,21,East,1
57,Male,86091.88,705.0,0.71,34,South,1
49,Male,82971.22,645.0,0.27,28,East,1
23,Male,78190.34,602.0,0.78,3,North,0
41,Female,43651.49,621.0,0.57,19,East,0
46,Male,38718.38,769.0,0.41,23,South,1
63,Female,61157.93,840.0,0.76,42,East,0
31,Male,25000.0,612.0,0.4,7,East,0
53,Male,58622.09,567.0,0.34,29,East,1
32,Female,62624.02,627.0,0.33,9,East,0
53,Male,70012.89,616.0,0.11,31,North,1
25,Female,80735.26,705.0,0.46,5,East,0
67,Male,94454.65,737.0,0.18,45,East,1
52,Female,83844.12,598.0,0.62,32,North,0
45,Male,51596.79,613.0,0.28,23,East,1
26,Male,55286.41,717.0,0.73,2,South,0
32,Female,77017.89,610.0,0.67,8,West,0
45,Female,75419.69,737.0,0.57,21,East,0
43,Female,75249.07,605.0,0.57,21,South,0
36,Female,41782.83,641.0,0.57,13,North,0
29,Male,97339.79,707.0,0.58,6,South,1
46,Male,66702.53,740.0,0.72,25,East,1
67,Female,70114.12,701.0,0.53,44,East,1
49,Male,43796.34,742.0,0.63,27,North,0
28,Male,88250.43,690.0,0.76,8,West,0
26,Female,58032.69,690.0,0.16,6,West,1
65,Female,56077.83,645.0,0.14,44,South,1
29,Male,33392.97,702.0,0.64,6,West,0
28,Male,81338.4,564.0,0.43,6,North,1
67,Male,53373.87,780.0,0.21,45,North,1
29,Female,89507.53,631.0,0.76,5,West,0
32,Female,65944.36,693.0,0.44,9,South,0
41,Female,112907.62,646.0,0.34,20,East,1
66,Female,60653.01,722.0,0.27,45,North,1
67,Male,54606.23,663.0,0.3,44,West,1
50,Female,25000.0,609.0,0.64,30,South,0
50,Female,70107.98,711.0,0.32,28,East,1
50,Male,70876.48,657.0,0.66,27,South,1
45,Female,78422.83,551.0,0.51,25,North,0
63,Female,71130.6,684.0,0.12,41,East,1
31,Female,46817.66,654.0,0.47,8,North,0
67,Male,61013.16,564.0,0.42,45,West,1
68,Male,49774.08,722.0,0.43,44,South,1
36,Female,73434.23,563.0,0.57,15,West,0
52,Female,104037.17,676.0,0.54,29,East,1
26,Female,70276.47,594.0,0.48,2,East,0
62,Female,39498.81,652.0,0.3,39,West,1
63,Male,57657.58,554.0,0.62,41,South,1
49,Female,40514.0,699.0,0.43,29,North,0
33,Male,38984.01,812.0,0.21,11,South,1
28,Female,52985.11,814.0,0.56,8,South,0
57,Female,32090.67,773.0,0.53,35,West,0
34,Male,25000.0,838.0,0.45,14,South,0
59,Female,76122.1,741.0,0.77,36,South,0
22,Female,61594.24,671.0,0.7,0,East,0
34,Male,41244.14,665.0,0.76,14,South,0
54,Female,71606.88,588.0,0.3,32,West,1
35,Female,94039.45,603.0,0.31,12,West,1
34,Female,77911.92,645.0,0.24,14,East,1
59,Male,53324.07,672.0,0.44,37,North,1
59,Female,93005.91,626.0,0.48,37,North,1
68,Female,76959.14,701.0,0.73,45,North,1
32,Female,74175.4,694.0,0.76,10,South,0
26,Female,42655.85,695.0,0.77,2,West,0
53,Female,38058.42,695.0,0.36,32,North,0
30,Female,69571.27,483.0,0.7,6,North,0
64,Female,36386.89,739.0,0.11,41,West,1
37,Male,92545.35,614.0,0.67,14,East,1
41,Female,52604.26,694.0,0.47,18,West,0
31,Female,98174.23,741.0,0.66,7,West,0
55,Female,89724.6,655.0,0.65,32,East,1
50,Male,82379.26,726.0,0.75,26,North,1
22,Female,77964.56,586.0,0.12,2,South,1
53,Male,49747.29,597.0,0.63,30,South,0
48,Male,25000.0,648.0,0.58,27,South,0
24,Female,39547.59,759.0,0.63,1,East,0
41,Female,68380.99,700.0,0.47,19,East,0
40,Male,44327.5,591.0,0.19,18,West,1
34,Female,43776.64,733.0,0.6,10,East,0
41,Male,38114.27,792.0,0.31,19,North,1
69,Male,48515.42,672.0,0.68,45,East,1
44,Female,101245.5,797.0,0.59,24,West,1
24,Female,94604.61,733.0,0.44,0,North,0
39,Female,81143.49,547.0,0.49,19,West,0
58,Female,41489.83,720.0,0.4,37,West,1
36,Male,50073.03,695.0,0.46,13,North,0
36,Female,39742.74,707.0,0.76,14,South,0
33,Female,32686.51,658.0,0.71,11,South,0
58,Female,40644.16,533.0,0.62,38,South,0
36,Male,74729.66,707.0,0.23,14,West,1
58,Female,55065.76,850.0,0.28,36,East,1
65,Male,77090.25,762.0,0.63,41,East,1
62,Female,39914.21,623.0,0.27,41,East,1
27,Male,86418.42,631.0,0.6,6,North,0
62,Male,92057.84,661.0,0.39,41,North,1
44,Male,77814.28,631.0,0.53,24,South,1
37,Female,80568.0,578.0,0.4,15,West,0
49,Female,72920.93,746.0,0.27,27,South,1
36,Male,81429.78,691.0,0.53,16,South,1
26,Male,46168.01,713.0,0.25,5,North,1
27,Female,65277.65,849.0,0.49,5,West,0
56,Female,47725.2,556.0,0.24,32,North,1
38,Female,51309.56,658.0,0.39,15,West,0
56,Female,62051.73,567.0,0.19,36,South,1
56,Female,79359.87,756.0,0.34,32,South,1
33,Female,112038.57,677.0,0.58,10,South,1
28,Female,44932.04,740.0,0.3,4,West,0
23,Male,71598.93,810.0,0.37,0,North,1
26,Female,49637.99,671.0,0.76,3,North,0
60,Male,99517.88,671.0,0.68,40,East,1
24,Male,82177.72,649.0,0.79,2,North,0
42,Male,84887.74,677.0,0.2,19,West,1
31,Female,25000.0,655.0,0.18,7,East,0
32,Female,25000.0,715.0,0.66,8,East,0
49,Male,87750.1,677.0,0.69,28,South,1
50,Female,88046.0,848.0,0.23,28,West,1
46,Male,59582.57,631.0,0.28,24,South,1
29,Male,74505.6,673.0,0.54,8,North,1
44,Female,95583.51,678.0,0.28,21,West,1
31,Male,51776.23,802.0,0.32,7,West,1
33,Female,47310.74,670.0,0.24,10,South,0
23,Male,70676.31,680.0,0.14,3,East,1
65,Female,66959.73,643.0,0.46,41,West,1
63,Male,45329.39,667.0,0.61,39,South,1
35,Female,48649.09,743.0,0.79,11,North,0
24,Female,39381.01,628.0,0.38,2,West,0
27,Female,64189.41,660.0,0.71,4,West,0
46,Male,73554.05,677.0,0.52,26,North,1
66,Male,78849.58,725.0,0.41,44,North,1
36,Female,38704.51,558.0,0.59,16,West,0
41,Male,73924.46,603.0,0.7,21,West,0
40,Male,66609.51,770.0,0.12,17,North,1
67,Female,36299.76,675.0,0.16,45,South,1
53,Female,82554.28,773.0,0.64,32,East,1
29,Male,77527.9,603.0,0.24,7,East,1
24,Female,62578.98,678.0,0.37,1,North,0
31,Male,49832.44,637.0,0.22,8,South,1
33,Female,79183.93,595.0,0.14,10,West,1
47,Male,43334.48,705.0,0.46,24,West,1
55,Female,97440.35,493.0,0.27,32,South,1
57,Male,47471.37,585.0,0.64,35,East,0
63,Female,55169.56,608.0,0.66,40,South,0
61,Male,25000.0,727.0,0.58,41,East,1
58,Male,54860.72,622.0,0.79,38,South,0
23,Female,89374.82,702.0,0.16,2,West,1
29,Female,45143.61,668.0,0.13,8,West,0
63,Male,65360.34,692.0,0.14,43,South,1
23,Male,64928.78,610.0,0.51,2,West,0
27,Female,85353.55,652.0,0.19,6,West,1
34,Male,66386.38,494.0,0.46,14,South,0
59,Female,61931.38,783.0,0.19,39,South,1
48,Male,69002.5,761.0,0.42,24,South,1
59,Female,88498.06,644.0,0.52,37,North,1
60,Female,56780.11,477.0,0.43,37,South,0
49,Female,61973.04,689.0,0.6,28,East,0
39,Male,60233.35,634.0,0.64,19,East,0
65,Male,64894.5,630.0,0.44,41,South,1
27,Female,72535.35,708.0,0.54,5,North,0
24,Male,62048.04,617.0,0.55,4,West,0
63,Female,26398.87,761.0,0.42,40,South,0
29,Female,50193.0,684.0,0.56,8,West,0
49,Male,62154.93,643.0,0.52,26,South,1
47,Female,39977.79,749.0,0.51,26,East,0
69,Female,67589.39,696.0,0.24,45,South,1
66,Female,46009.23,723.0,0.58,43,East,0
62,Male,56459.06,664.0,0.33,41,South,1
45,Female,55621.39,586.0,0.65,23,East,0
53,Female,32818.92,642.0,0.13,29,West,1
66,Male,86196.57,560.0,0.7,43,East,1
40,Female,40782.35,805.0,0.24,18,West,1
23,Female,64564.98,779.0,0.5,1,South,0
49,Female,68946.78,664.0,0.74,27,North,0
62,Female,53189.78,691.0,0.4,40,West,1
28,Female,42139.0,691.0,0.18,6,South,0
28,Female,88093.12,687.0,0.78,8,South,0
58,Female,59637.4,665.0,0.79,34,South,0
34,Male,71967.74,691.0,0.12,14,North,1
40,Female,73075.85,672.0,0.11,16,East,1
50,Female,79327.78,661.0,0.77,29,West,0
44,Male,76799.53,687.0,0.22,22,West,1
58,Female,57616.52,652.0,0.47,35,North,0
61,Female,52318.87,638.0,0.46,40,West,0
48,Female,48989.03,792.0,0.51,27,South,0
34,Male,77634.9,649.0,0.62,10,South,0
61,Male,48892.34,515.0,0.25,39,West,1
47,Male,25000.0,582.0,0.17,25,West,1
30,Male,42205.11,698.0,0.65,10,West,0
66,Female,77726.73,707.0,0.42,44,South,1
33,Female,67121.61,753.0,0.34,12,East,1
56,Female,46132.09,705.0,0.79,33,South,0
48,Female,64654.22,611.0,0.43,25,South,0
50,Female,53898.61,642.0,0.52,30,North,0
25,Female,64386.25,797.0,0.53,4,South,0
51,Male,100618.32,713.0,0.19,28,West,1
47,Female,26512.88,608.0,0.49,27,South,0
26,Male,85627.96,641.0,0.27,2,South,1
37,Male,61351.7,622.0,0.28,13,North,1
66,Female,67444.24,735.0,0.49,43,West,1
47,Female,38842.33,714.0,0.16,26,West,1
36,Male,33550.19,752.0,0.18,14,South,1
24,Female,64667.03,612.0,0.24,4,North,0
44,Male,103426.01,702.0,0.63,20,North,1
63,Male,80051.43,817.0,0.74,39,North,1
60,Female,56568.56,629.0,0.63,39,North,0
36,Female,87354.3,680.0,0.45,16,North,1
60,Female,49649.12,747.0,0.39,36,North,1
48,Male,86691.6,600.0,0.36,26,North,1
55,Male,67779.28,701.0,0.22,34,East,1
38,Male,63993.29,587.0,0.28,18,West,1
52,Female,99273.83,674.0,0.71,31,North,1
45,Female,70010.8,711.0,0.6,22,West,0
64,Female,86836.88,558.0,0.74,44,South,0
41,Male,79156.86,711.0,0.29,21,East,1
34,Female,88406.87,609.0,0.18,14,North,1
29,Male,44689.49,622.0,0.38,7,North,0
27,Male,63951.41,788.0,0.3,7,West,1
62,Female,68112.28,646.0,0.22,42,East,1
65,Male,55877.99,776.0,0.62,43,West,1
37,Male,47602.38,724.0,0.53,13,North,0
45,Female,59588.04,743.0,0.48,25,West,0
56,Female,77704.64,605.0,0.78,32,East,0
62,Male,79342.2,632.0,0.15,38,South,1
55,Male,84762.22,613.0,0.36,31,North,1
58,Female,56728.35,693.0,0.55,35,West,0
38,Female,71556.49,670.0,0.76,14,North,0
34,Male,54171.23,731.0,0.57,12,West,0
43,Male,76235.33,722.0,0.33,23,North,1
28,Male,102938.58,705.0,0.42,5,West,1
69,Female,76009.47,682.0,0.69,45,South,1
30,Male,44314.36,667.0,0.39,9,East,0
25,Female,88431.18,762.0,0.56,1,North,0
32,Female,78876.46,647.0,0.52,11,West,0
50,Male,72628.97,574.0,0.74,26,West,0
50,Female,56700.75,672.0,0.29,27,South,1
33,Male,51404.15,706.0,0.1,10,North,1
45,Male,57254.38,743.0,0.66,21,West,0
28,Female,82659.1,680.0,0.47,8,South,0
29,Female,44320.88,613.0,0.43,6,South,0
37,Female,79971.21,729.0,0.6,15,West,0
45,Male,78058.25,718.0,0.16,25,East,1
68,Female,50943.38,550.0,0.18,45,South,1
32,Female,44378.04,742.0,0.32,12,South,0
63,Female,77917.88,658.0,0.4,40,South,1
33,Female,65134.61,653.0,0.71,11,North,0
39,Male,58705.29,713.0,0.69,19,South,0
63,Female,82406.08,652.0,0.19,40,West,1
57,Female,65251.79,523.0,0.16,37,West,1
23,Male,40859.25,746.0,0.71,2,North,0
32,Female,53514.94,664.0,0.53,10,North,0
37,Male,48676.96,824.0,0.63,15,South,0
24,Male,73089.29,725.0,0.51,4,West,1
32,Female,69977.77,791.0,0.39,11,North,1
49,Female,99457.99,680.0,0.43,29,East,1
67,Male,36216.07,702.0,0.73,43,North,0
44,Male,61728.78,610.0,0.72,20,North,0
64,Female,38971.79,760.0,0.51,42,North,0
68,Male,37415.04,710.0,0.39,44,North,1
57,Female,73620.67,796.0,0.73,33,East,0
36,Female,32762.39,619.0,0.62,16,East,0
69,Female,88460.33,631.0,0.51,45,West,1
22,Male,84032.8,509.0,0.21,2,East,1
31,Female,48333.23,709.0,0.72,9,South,0
47,Female,25000.0,622.0,0.64,24,South,0
59,Female,78462.84,850.0,0.77,38,South,1
40,Female,68748.58,656.0,0.75,19,North,0
58,Male,48979.06,660.0,0.27,38,North,1
24,Female,130843.39,559.0,0.45,0,East,1
56,Female,44115.69,609.0,0.24,36,South,1
60,Female,46748.89,813.0,0.25,40,East,1
43,Female,66404.1,687.0,0.36,20,South,1
56,Female,72875.26,666.0,0.1,33,North,1
49,Female,51615.79,617.0,0.18,27,West,1
46,Female,37922.05,833.0,0.42,25,East,0
35,Female,99119.42,584.0,0.3,11,East,1
66,Male,68140.5,706.0,0.38,44,East,1
32,Female,60303.4,673.0,0.48,8,South,0
26,Female,45691.38,711.0,0.44,2,East,0
50,Male,82335.76,616.0,0.52,30,South,1
42,Female,46677.94,687.0,0.47,20,North,0
43,Female,64989.92,676.0,0.68,21,East,0
65,Female,63867.02,518.0,0.62,43,South,0
27,Male,95163.57,731.0,0.2,7,North,1
59,Male,59624.42,633.0,0.44,37,West,1
32,Male,47867.06,691.0,0.47,11,East,0
53,Female,25000.0,607.0,0.46,31,West,0
37,Male,104483.4,617.0,0.71,14,East,1
68,Female,70017.85,747.0,0.28,45,East,1
53,Female,49321.72,747.0,0.45,32,North,0
32,Male,57090.52,570.0,0.69,8,East,0
41,Male,89120.89,776.0,0.66,20,South,1
37,Male,85071.97,696.0,0.5,14,West,1
46,Female,88361.62,612.0,0.77,23,South,0
68,Male,32576.98,707.0,0.7,45,South,0
55,Male,68447.44,631.0,0.51,33,South,1
47,Female,59530.84,809.0,0.61,25,North,0
32,Female,69304.36,668.0,0.57,10,East,0
41,Male,50319.89,726.0,0.73,17,East,0
50,Female,59370.15,683.0,0.43,28,South,0
62,Male,55655.9,606.0,0.6,39,East,1
32,Male,44930.79,702.0,0.69,9,East,0
62,Female,72061.12,850.0,0.41,38,North,1
58,Male,73973.9,778.0,0.48,38,West,1
55,Female,84883.0,758.0,0.15,31,West,1
30,Female,51221.51,692.0,0.51,10,East,0
24,Female,106971.32,560.0,0.23,2,East,1
27,Male,69871.89,796.0,0.65,5,South,0
61,Male,56582.43,765.0,0.33,39,South,1
66,Female,76300.01,646.0,0.64,45,South,1
62,Female,50793.13,751.0,0.52,41,North,1
49,Male,25000.0,541.0,0.54,26,East,0
45,Male,35529.09,651.0,0.69,22,North,0
30,Female,66670.32,693.0,0.23,10,North,1
32,Female,49684.29,782.0,0.4,11,East,0
66,Female,28983.62,668.0,0.58,44,North,0
55,Female,48245.45,707.0,0.21,33,South,1
59,Male,69567.58,768.0,0.6,35,East,1
49,Female,71442.17,632.0,0.12,27,West,1
62,Male,71195.17,697.0,0.44,42,North,1
31,Female,49860.05,712.0,0.2,10,East,0
69,Male,56113.35,767.0,0.12,45,East,1
51,Male,81223.88,746.0,0.72,27,South,1
36,Male,48221.54,721.0,0.76,14,North,0
30,Female,47102.91,612.0,0.57,8,West,0
22,Female,57151.16,610.0,0.47,0,East,0
39,Female,93480.1,557.0,0.17,15,South,1
66,Male,88309.43,694.0,0.32,45,West,1
24,Male,58775.59,614.0,0.73,2,East,0
35,Female,73953.88,650.0,0.67,15,East,0
48,Female,81590.91,830.0,0.64,25,West,1
45,Male,79864.52,730.0,0.8,21,North,0
54,Male,59889.23,627.0,0.75,33,West,0
61,Female,55095.72,663.0,0.52,39,South,0
51,Female,57101.2,606.0,0.55,29,West,0
37,Male,40884.17,562.0,0.28,16,North,0
67,Female,78673.36,575.0,0.39,45,North,1
31,Male,71752.44,708.0,0.57,11,West,1
31,Male,55005.86,698.0,0.76,8,West,0
47,Female,47943.55,564.0,0.24,24,South,0
39,Female,63987.76,660.0,0.3,17,South,1
58,Female,56389.94,641.0,0.72,37,South,0
41,Male,44533.89,791.0,0.38,21,North,1
53,Male,66816.77,793.0,0.63,31,South,1
30,Male,69034.5,679.0,0.38,7,West,1
24,Male,54176.11,629.0,0.55,3,North,0
44,Female,25000.0,723.0,0.3,21,North,0
69,Male,48310.32,850.0,0.36,45,West,1
22,Female,91792.27,675.0,0.75,0,South,0
56,Female,63206.97,576.0,0.59,33,South,0
32,Female,71879.36,681.0,0.28,11,East,1
60,Female,67560.18,690.0,0.79,38,West,0
44,Male,72253.11,703.0,0.61,24,West,1
62,Female,72971.07,705.0,0.44,38,North,1
68,Female,62314.18,733.0,0.14,45,North,1
54,Female,74954.08,628.0,0.38,31,North,1
49,Female,48794.18,673.0,0.3,28,East,1
59,Male,90836.96,707.0,0.2,38,South,1
43,Female,72143.18,604.0,0.42,19,East,0
35,Male,77368.49,782.0,0.36,12,East,1
25,Female,42074.15,652.0,0.77,3,South,0
23,Male,73301.73,461.0,0.2,0,West,1
68,Male,69018.53,681.0,0.52,44,East,1
37,Male,61606.05,756.0,0.5,17,North,1
49,Male,83083.36,797.0,0.12,26,North,1
37,Male,52350.3,646.0,0.53,13,North,0
68,Female,67489.37,727.0,0.29,44,South,1
51,Female,49734.94,743.0,0.59,29,South,0
26,Female,44118.69,575.0,0.5,4,North,0
58,Male,77405.33,723.0,0.72,34,East,1
43,Male,61428.55,590.0,0.22,21,South,1
27,Female,76887.65,658.0,0.73,4,West,0
33,Male,50899.67,521.0,0.3,9,South,0
58,Female,61478.64,802.0,0.15,34,South,1
50,Male,41689.89,688.0,0.51,29,West,1
56,Male,81477.07,576.0,0.28,32,East,1
47,Female,57401.94,696.0,0.31,23,North,1
38,Female,25000.0,806.0,0.39,16,East,0
66,Female,46735.34,611.0,0.52,42,West,0
55,Male,57648.84,734.0,0.7,35,South,1
36,Female,93842.88,558.0,0.13,15,East,1
29,Male,58821.54,691.0,0.3,6,South,1
34,Female,56961.57,657.0,0.48,13,West,0
46,Female,48187.49,708.0,0.2,22,West,1
58,Female,57678.91,553.0,0.56,34,North,0
63,Male,62146.49,528.0,0.12,42,East,1
57,Male,63183.88,714.0,0.32,33,North,1
40,Female,83362.49,721.0,0.46,17,East,1
42,Male,54843.24,796.0,0.66,22,South,1
59,Male,72796.44,688.0,0.63,36,North,1
40,Female,70911.17,715.0,0.2,20,South,1
39,Female,47331.78,604.0,0.77,19,West,0
53,Female,65332.26,716.0,0.68,31,North,0
32,Male,50484.27,638.0,0.41,8,East,0
40,Female,59083.83,643.0,0.79,16,South,0
64,Female,68555.83,589.0,0.19,44,West,1
36,Male,46180.21,668.0,0.61,15,East,0
42,Female,48374.91,619.0,0.72,20,South,0
49,Female,84021.48,735.0,0.73,27,East,0
40,Male,77075.05,702.0,0.5,17,South,1
28,Male,50995.06,760.0,0.57,6,North,0
46,Female,113362.55,740.0,0.56,24,North,1
65,Male,95670.65,684.0,0.67,43,West,1
59,Female,96247.18,672.0,0.51,39,West,1
69,Female,68449.4,717.0,0.39,45,West,1
24,Male,99603.44,749.0,0.49,4,West,1
49,Female,53253.8,499.0,0.77,28,South,0
66,Female,87888.45,796.0,0.7,43,West,1
29,Female,78231.82,585.0,0.73,9,North,0
29,Female,84840.65,699.0,0.27,5,East,1
36,Female,31020.14,701.0,0.67,14,West,0
40,Female,85469.28,585.0,0.47,16,North,0
42,Male,70553.06,654.0,0.36,22,North,1
48,Male,56410.29,737.0,0.18,28,East,1
42,Female,76665.43,684.0,0.51,22,South,0
55,Female,77706.33,588.0,0.43,33,West,1
34,Male,71413.25,703.0,0.28,10,North,1
36,Female,59508.16,687.0,0.1,14,East,1
56,Male,63876.35,615.0,0.39,32,North,1
53,Female,41949.03,601.0,0.79,32,North,0
52,Male,93308.34,662.0,0.31,32,West,1
57,Female,91573.36,786.0,0.23,33,West,1
29,Female,77379.81,644.0,0.76,9,North,0
38,Female,44000.07,730.0,0.53,16,South,0
33,Female,65560.49,727.0,0.61,11,West,0
64,Female,45303.17,638.0,0.21,42,South,1
64,Female,71982.98,567.0,0.33,44,North,1
55,Male,65145.4,705.0,0.26,31,South,1
28,Male,89114.15,692.0,0.48,5,South,1
35,Male,120804.63,732.0,0.11,14,North,1
61,Female,35636.35,805.0,0.65,37,East,0
61,Male,76121.32,673.0,0.28,41,South,1
61,Female,63628.07,765.0,0.77,40,East,0
58,Female,73076.17,700.0,0.75,37,West,0
59,Male,86616.44,630.0,0.56,38,West,1
44,Male,55674.9,643.0,0.58,24,South,0
28,Male,44653.21,713.0,0.62,4,West,0
55,Female,38055.93,678.0,0.18,34,West,1
56,Female,96731.65,701.0,0.63,33,South,1
45,Male,74893.5,764.0,0.45,21,South,1
30,Female,53661.38,677.0,0.31,9,South,0
48,Male,63031.12,615.0,0.32,28,East,1
35,Female,48672.95,830.0,0.46,11,North,0
56,Male,66516.59,661.0,0.23,34,West,1
51,Male,77923.3,771.0,0.21,28,West,1
64,Male,72076.52,603.0,0.52,42,West,1
27,Male,68314.03,801.0,0.72,5,West,0
68,Female,52482.49,732.0,0.25,45,North,1
44,Female,65877.34,783.0,0.45,24,West,1
66,Male,65235.89,630.0,0.55,45,North,1
45,Female,49153.64,689.0,0.41,21,East,0
49,Male,78739.99,742.0,0.71,26,West,1
65,Male,75681.61,643.0,0.63,44,East,1
45,Female,73238.11,629.0,0.52,24,West,0
60,Female,48888.57,599.0,0.57,39,South,0
25,Male,119728.9,617.0,0.43,3,North,1
69,Male,25000.0,636.0,0.64,45,West,0
24,Female,51290.73,687.0,0.49,4,East,0
35,Male,47865.6,643.0,0.71,12,East,0
69,Female,44338.8,636.0,0.39,45,North,1
54,Male,34819.32,552.0,0.55,33,South,0
41,Female,55616.36,629.0,0.16,21,North,1
64,Male,82335.58,653.0,0.64,42,North,1
66,Female,67484.49,805.0,0.38,43,East,1
67,Male,90634.47,701.0,0.14,45,East,1
51,Male,50191.27,821.0,0.3,31,North,1
63,Female,58625.78,660.0,0.25,39,West,1
56,Female,50035.41,611.0,0.17,33,South,1
57,Female,99024.4,667.0,0.62,34,South,1
36,Female,80485.27,640.0,0.19,16,West,1
58,Female,37677.56,789.0,0.17,38,South,1
47,Female,91353.32,824.0,0.69,27,South,1
35,Female,51139.71,755.0,0.22,13,West,1
31,Male,55305.92,713.0,0.15,11,North,1
41,Male,53453.77,636.0,0.19,19,West,1
65,Female,66124.23,697.0,0.28,43,East,1
51,Female,40009.53,795.0,0.66,31,West,0
62,Male,62439.83,688.0,0.74,41,North,1
65,Male,46818.31,688.0,0.31,43,West,1
56,Male,41703.06,602.0,0.28,32,West,1
24,Female,46510.1,772.0,0.62,1,East,0
69,Male,51406.84,691.0,0.35,45,South,1
31,Female,49352.68,656.0,0.69,7,South,0
60,Male,109486.98,648.0,0.57,39,South,1
49,Male,37931.6,594.0,0.33,25,North,1
42,Male,32405.32,651.0,0.7,21,South,0
37,Female,78597.62,598.0,0.25,17,East,1
53,Male,81753.86,645.0,0.39,31,East,1
49,Male,25000.0,837.0,0.64,29,West,0
55,Male,71135.65,841.0,0.15,32,West,1
47,Male,80290.56,603.0,0.56,23,South,1
24,Female,54600.16,801.0,0.18,4,West,1
34,Female,56277.45,712.0,0.52,11,East,0
53,Female,100301.69,705.0,0.14,31,East,1
27,Female,59271.92,685.0,0.73,7,East,0
67,Female,53392.87,674.0,0.55,43,East,0
61,Male,74400.16,752.0,0.53,38,West,1
43,Male,75069.01,696.0,0.68,22,North,1
68,Male,80239.11,781.0,0.22,45,East,1
38,Female,48060.19,745.0,0.25,16,North,1
67,Male,96215.9,660.0,0.34,44,West,1
28,Female,63212.47,671.0,0.36,5,West,0
60,Female,90423.01,710.0,0.16,37,West,1
47,Male,84423.09,722.0,0.41,27,East,1
33,Male,77430.41,702.0,0.31,10,North,1
38,Male,58867.96,850.0,0.18,16,West,1
30,Female,37850.1,678.0,0.27,7,South,0
60,Female,91086.4,731.0,0.31,36,East,1
49,Female,34088.08,684.0,0.28,26,South,0
58,Female,113241.05,696.0,0.32,38,North,1
29,Female,58445.82,649.0,0.35,6,East,0
25,Female,25000.0,716.0,0.56,5,South,0
48,Female,28462.3,688.0,0.61,27,North,0
47,Male,86769.86,653.0,0.27,23,South,1
35,Male,25000.0,553.0,0.19,15,East,0
68,Male,88339.12,680.0,0.65,44,South,1
26,Female,29158.83,632.0,0.4,6,South,0
58,Male,67728.6,774.0,0.58,37,West,1
24,Female,31250.62,726.0,0.64,1,South,0
39,Male,63954.61,773.0,0.37,19,South,1
65,Male,90950.68,691.0,0.71,42,South,1
39,Female,55754.72,769.0,0.7,15,West,0
38,Male,45618.6,701.0,0.55,17,East,0
40,Female,65806.58,724.0,0.67,20,East,0
29,Male,60139.13,767.0,0.73,7,North,0
50,Female,63953.48,648.0,0.35,30,West,1
31,Female,85051.15,672.0,0.26,7,North,1
24,Female,60118.85,613.0,0.49,3,East,0
44,Female,106564.95,705.0,0.52,21,East,1
27,Female,84981.45,687.0,0.73,7,South,0
25,Female,74340.7,548.0,0.7,1,South,0
67,Male,66509.79,641.0,0.58,44,North,1
32,Male,50617.77,799.0,0.51,8,West,0
33,Female,44455.39,737.0,0.22,9,East,0
63,Male,50275.03,647.0,0.25,42,West,1
42,Female,60557.77,641.0,0.59,18,North,0
61,Male,64310.74,677.0,0.12,38,West,1
38,Female,83943.31,698.0,0.56,17,North,0
63,Female,78332.06,725.0,0.27,41,East,1
37,Female,54281.67,735.0,0.65,14,East,0
33,Male,48653.65,652.0,0.79,9,East,0
34,Female,75629.01,659.0,0.6,14,East,0
51,Male,79547.04,683.0,0.78,28,East,1
64,Female,49447.03,675.0,0.36,40,North,1
57,Male,72468.05,579.0,0.29,36,South,1
35,Male,80695.13,685.0,0.11,13,East,1
46,Female,54644.47,630.0,0.62,26,North,0
24,Male,90081.03,624.0,0.29,1,North,1
53,Female,61972.3,689.0,0.74,31,West,0
49,Male,100683.64,704.0,0.54,29,North,1
53,Female,60066.63,602.0,0.11,32,West,1
63,Male,74202.74,729.0,0.2,39,South,1
63,Male,64022.08,731.0,0.46,39,North,1
33,Female,67418.63,653.0,0.39,11,South,0
61,Male,63311.16,646.0,0.11,37,South,1
57,Male,77007.58,682.0,0.17,35,East,1
58,Female,46219.88,733.0,0.6,38,North,0
54,Female,79832.65,647.0,0.44,33,South,1
56,Female,91431.4,669.0,0.56,34,South,1
32,Female,80523.27,767.0,0.64,10,North,0
24,Female,40684.54,646.0,0.46,3,South,0
36,Male,91460.51,682.0,0.61,12,South,1
29,Male,90083.19,611.0,0.79,9,East,0
49,Male,61094.13,765.0,0.31,28,South,1
35,Male,59383.08,719.0,0.49,11,East,1
66,Female,25000.0,662.0,0.15,44,East,1
23,Male,53961.17,747.0,0.49,0,South,0
36,Male,63288.82,662.0,0.3,13,North,1
59,Male,62046.64,710.0,0.45,38,South,1
29,Male,76234.5,593.0,0.64,7,South,0
46,Female,62173.71,691.0,0.6,24,East,0
51,Female,56827.6,609.0,0.24,29,South,1
48,Female,65637.38,584.0,0.59,24,North,0
50,Female,25000.0,693.0,0.4,30,East,0
41,Female,47787.4,726.0,0.66,18,North,0
34,Female,83369.2,629.0,0.51,12,North,0
29,Male,78779.67,739.0,0.4,6,South,1
22,Female,46517.28,669.0,0.6,0,North,0
38,Male,102512.52,766.0,0.24,18,South,1
37,Female,61604.68,723.0,0.19,17,East,1
63,Male,44751.06,750.0,0.45,41,East,1
27,Female,50702.86,756.0,0.68,5,East,0
22,Male,30406.61,635.0,0.4,1,North,0
57,Female,66011.36,689.0,0.53,36,North,1
38,Female,68110.05,595.0,0.21,16,North,1
24,Male,78033.67,671.0,0.29,4,South,1
56,Female,28427.46,677.0,0.55,35,West,0
64,Male,83021.91,729.0,0.3,43,North,1
57,Male,57990.98,673.0,0.31,37,North,1
29,Male,56553.28,558.0,0.67,6,South,0
33,Female,28435.88,703.0,0.47,9,West,0
66,Male,91284.41,654.0,0.2,44,East,1
61,Male,113003.8,630.0,0.76,41,North,1
55,Female,56636.01,586.0,0.63,32,West,0
58,Female,63279.98,687.0,0.56,36,North,0
63,Female,42417.39,667.0,0.54,40,South,0
68,Male,55567.61,622.0,0.55,45,East,1
39,Male,42132.03,744.0,0.28,18,West,1
42,Male,63877.16,681.0,0.38,22,South,1
54,Female,84653.0,776.0,0.17,30,South,1
62,Female,77968.99,681.0,0.68,38,West,0
31,Male,72546.49,688.0,0.38,9,East,1
54,Female,44281.7,762.0,0.67,33,South,0
50,Male,37619.17,706.0,0.62,26,West,0
63,Male,57411.61,790.0,0.8,41,East,1
33,Male,97926.58,693.0,0.73,13,South,1
36,Female,76069.61,620.0,0.21,16,West,1
30,Male,44476.84,659.0,0.37,8,East,0
64,Male,33648.3,606.0,0.78,43,North,0
50,Male,68941.63,693.0,0.16,27,East,1
58,Male,28619.32,661.0,0.12,35,East,1
31,Female,62760.16,647.0,0.17,10,North,1
45,Female,48189.58,622.0,0.45,22,South,0
37,Male,74956.47,738.0,0.17,14,West,1
61,Male,72099.14,486.0,0.42,40,West,1
59,Male,49442.17,660.0,0.24,36,North,1
43,Female,69241.87,621.0,0.38,23,North,0
51,Female,76168.05,663.0,0.56,27,West,0
31,Female,25000.0,743.0,0.43,9,West,0
49,Female,90145.04,568.0,0.23,26,West,1
66,Female,93636.48,680.0,0.52,45,West,1
62,Female,56038.22,783.0,0.43,39,South,1
24,Female,73349.84,719.0,0.27,2,West,1
59,Female,48008.86,653.0,0.34,35,South,1
37,Male,81359.18,783.0,0.33,14,East,1
63,Female,77351.29,775.0,0.25,39,South,1
44,Male,69089.96,679.0,0.75,23,North,0
39,Male,56714.76,633.0,0.13,19,North,1
41,Male,78372.72,670.0,0.19,17,South,1
41,Male,50236.88,638.0,0.3,20,South,1
57,Male,70315.09,580.0,0.56,36,West,1
25,Male,84539.42,599.0,0.56,4,East,0
44,Male,38740.76,686.0,0.39,20,North,1
37,Female,69254.21,586.0,0.29,13,North,0
40,Female,57676.6,751.0,0.3,19,South,1
64,Male,46510.31,810.0,0.62,42,East,1
45,Female,37593.25,636.0,0.42,24,West,0
54,Female,57588.17,755.0,0.35,33,South,1
61,Female,86140.85,767.0,0.73,39,East,1
57,Male,80222.76,647.0,0.76,34,East,1
30,Male,46937.59,611.0,0.72,8,North,0
25,Female,46865.89,595.0,0.73,4,North,0
58,Male,150977.15,680.0,0.42,38,West,1
52,Female,79562.92,615.0,0.59,32,East,0
54,Male,71555.5,652.0,0.51,33,North,1
42,Female,54807.35,732.0,0.49,19,South,0
39,Male,50062.88,705.0,0.36,16,South,1
66,Female,81382.35,619.0,0.61,42,North,1
22,Male,64472.32,774.0,0.66,0,West,0
30,Male,114754.28,675.0,0.14,9,West,1
37,Male,34394.1,584.0,0.35,13,South,0
24,Female,75457.48,842.0,0.26,1,North,1
62,Male,58200.63,683.0,0.32,38,North,1
62,Male,49358.73,773.0,0.31,42,East,1
25,Male,95150.22,736.0,0.69,1,East,1
42,Female,66820.09,694.0,0.1,19,South,1
52,Male,65400.62,723.0,0.54,31,East,1
45,Female,38744.54,655.0,0.39,24,South,0
63,Female,49776.42,625.0,0.21,40,West,1
53,Female,25000.0,573.0,0.39,29,North,0
40,Female,79100.25,725.0,0.48,16,West,0
62,Female,63832.56,790.0,0.21,40,West,1
31,Male,73325.67,635.0,0.65,7,North,0
67,Female,67284.99,771.0,0.31,45,North,1
27,Female,64676.38,662.0,0.6,5,South,0
44,Female,58746.98,656.0,0.31,20,West,0
55,Female,69038.19,564.0,0.14,32,North,1
63,Male,59686.79,693.0,0.28,43,North,1
46,Female,76720.47,594.0,0.71,22,East,0
27,Female,81811.56,719.0,0.3,3,West,1
47,Male,75311.78,720.0,0.72,25,South,1
47,Male,39954.04,643.0,0.78,27,East,0
29,Female,47629.97,564.0,0.62,6,West,0
66,Female,90887.49,584.0,0.49,44,East,1
64,Female,88794.59,653.0,0.65,41,North,1
61,Male,69483.42,755.0,0.28,39,West,1
49,Male,77071.09,698.0,0.54,27,South,1
30,Female,50435.51,710.0,0.65,8,East,0
44,Male,55623.76,705.0,0.46,24,South,1
61,Female,37566.14,645.0,0.34,38,East,0
57,Female,38257.36,673.0,0.19,35,West,1
67,Male,68311.48,708.0,0.55,45,West,1
28,Male,91349.27,774.0,0.38,4,South,1
49,Female,65202.1,591.0,0.59,26,North,0
53,Female,55434.53,739.0,0.37,32,North,1
49,Male,93946.11,727.0,0.42,27,West,1
55,Male,51243.54,595.0,0.26,33,South,1
34,Male,63599.64,659.0,0.21,13,South,1
65,Female,92040.97,768.0,0.46,42,North,1
49,Female,74160.26,652.0,0.31,28,East,1
33,Male,40369.04,693.0,0.2,13,North,1
27,Male,42788.23,641.0,0.45,3,East,0
55,Female,46796.22,564.0,0.54,35,South,0
54,Female,41581.01,676.0,0.59,30,East,0
22,Male,33736.21,690.0,0.16,0,North,1
38,Female,40294.21,532.0,0.33,16,West,0
26,Male,64664.27,595.0,0.49,2,North,0
56,Male,82251.09,660.0,0.28,36,South,1
66,Female,25000.0,662.0,0.77,45,West,0
30,Female,56997.22,518.0,0.34,10,South,0
27,Female,72634.83,752.0,0.79,7,South,0
46,Female,62628.39,762.0,0.16,26,North,1
69,Male,79989.21,603.0,0.79,45,North,1
34,Female,43451.0,736.0,0.71,10,East,0
48,Male,47699.02,735.0,0.7,24,East,0
27,Female,52460.52,653.0,0.22,3,East,0
60,Female,78958.2,612.0,0.23,40,North,1
34,Female,103252.37,711.0,0.15,13,North,1
49,Male,37539.22,579.0,0.71,25,East,0
45,Female,54899.31,735.0,0.14,24,West,1
31,Female,71651.31,552.0,0.48,10,North,0
65,Male,25000.0,567.0,0.33,42,South,1
26,Female,42974.66,680.0,0.33,6,East,0
34,Male,42743.21,746.0,0.43,14,North,1
47,Female,32434.14,675.0,0.31,25,East,0
43,Female,65848.27,824.0,0.21,22,South,1
60,Male,77053.02,658.0,0.66,39,West,1
68,Female,65591.71,767.0,0.49,45,South,1
60,Female,71359.59,656.0,0.2,37,North,1
53,Male,95452.8,762.0,0.47,33,South,1
31,Male,54005.17,662.0,0.23,11,East,1
27,Female,63569.1,688.0,0.45,5,South,0
65,Male,25000.0,606.0,0.67,45,North,0
31,Female,82487.24,776.0,0.68,7,North,0
32,Male,67367.61,710.0,0.34,12,North,1
66,Male,44340.72,819.0,0.7,45,North,1
34,Male,86938.08,543.0,0.49,11,East,1
24,Male,38705.11,571.0,0.59,0,West,0
53,Male,66239.12,664.0,0.7,29,North,1
51,Female,35938.11,781.0,0.75,30,East,0
48,Male,55193.77,610.0,0.19,24,South,1
48,Female,53333.55,612.0,0.69,26,East,0
45,Female,75691.41,701.0,0.16,23,East,1
29,Male,77437.4,753.0,0.74,7,East,0
58,Male,63284.59,643.0,0.13,36,South,1
51,Female,84545.44,710.0,0.1,27,North,1
33,Female,47632.48,660.0,0.51,11,East,0
44,Female,89101.25,662.0,0.41,22,East,1
32,Male,56224.04,680.0,0.68,10,North,0
24,Male,64680.36,788.0,0.33,0,East,1
48,Male,76222.15,710.0,0.28,28,North,1
43,Female,75205.46,618.0,0.72,19,West,0
68,Male,71453.93,808.0,0.2,45,West,1
56,Male,46227.78,746.0,0.46,35,East,1
47,Male,88328.04,777.0,0.76,23,West,1
31,Female,38775.96,698.0,0.36,7,North,0
26,Female,65684.94,804.0,0.41,3,South,0
36,Male,57058.51,512.0,0.39,12,East,0
53,Male,56557.85,578.0,0.73,32,South,0
63,Female,44325.63,645.0,0.61,40,North,0
42,Male,57194.03,752.0,0.33,18,East,1
43,Male,26126.76,771.0,0.2,19,North,1
23,Female,33998.95,592.0,0.77,1,South,0
56,Female,72760.38,674.0,0.34,33,East,1
31,Male,44304.85,611.0,0.36,9,East,0
61,Male,45742.17,668.0,0.75,40,West,0
47,Male,25000.0,828.0,0.1,27,North,1
31,Male,61717.48,727.0,0.42,8,East,1
45,Female,76888.64,707.0,0.67,23,South,0
69,Male,62802.28,616.0,0.42,45,West,1
67,Female,37347.71,729.0,0.23,43,North,1
38,Male,69039.62,625.0,0.39,15,North,1
38,Female,33867.74,605.0,0.2,14,East,0
49,Male,73710.54,748.0,0.2,25,West,1
43,Male,104734.21,626.0,0.79,20,South,1
66,Male,60404.11,716.0,0.48,43,North,1
65,Male,50823.61,714.0,0.34,44,West,1
40,Female,88895.37,809.0,0.65,20,East,1
42,Male,75442.8,750.0,0.7,22,East,1
57,Female,80085.92,806.0,0.35,36,East,1
36,Female,53267.47,775.0,0.36,13,West,0
43,Male,59199.04,759.0,0.3,22,South,1
27,Male,35059.86,502.0,0.26,5,East,0
46,Female,32927.29,840.0,0.1,22,West,1
30,Male,67579.88,645.0,0.37,8,West,1
44,Male,68885.48,688.0,0.24,24,South,1
62,Female,31394.68,755.0,0.52,42,West,0
46,Female,40479.63,795.0,0.55,22,West,0
54,Female,43916.46,636.0,0.47,32,East,0
50,Male,55220.15,681.0,0.35,29,West,1
47,Female,85666.04,652.0,0.45,23,North,1
33,Male,77709.22,813.0,0.47,12,North,1
33,Male,38540.9,655.0,0.33,11,West,0
27,Male,80868.76,736.0,0.38,6,East,1
28,Male,65540.99,548.0,0.17,4,West,1
67,Female,61230.44,651.0,0.79,45,West,0
55,Male,49887.18,622.0,0.77,33,South,0
27,Male,76596.53,665.0,0.6,5,North,0
62,Male,77459.92,756.0,0.21,40,East,1
31,Female,103166.74,744.0,0.23,10,West,1
40,Male,56735.73,609.0,0.69,19,East,0
52,Female,69412.45,623.0,0.24,32,North,1
23,Male,87839.01,561.0,0.3,3,North,1
34,Male,33076.75,729.0,0.11,12,East,1
56,Male,78857.68,628.0,0.26,36,North,1
47,Male,78670.45,757.0,0.74,24,West,1
29,Female,74393.04,564.0,0.33,8,East,0
58,Female,40788.83,689.0,0.2,37,South,1
42,Male,25000.0,588.0,0.4,18,East,0
67,Male,89903.87,770.0,0.52,45,South,1
59,Female,72604.51,760.0,0.57,39,North,1
37,Male,76601.38,661.0,0.19,14,West,1
62,Female,67819.4,640.0,0.76,38,North,0
36,Female,70731.2,678.0,0.19,14,North,1
66,Female,88854.36,484.0,0.26,45,North,1
65,Female,30586.8,737.0,0.4,41,West,0
68,Male,37944.89,683.0,0.7,45,North,0
39,Male,63683.53,653.0,0.44,16,West,1
64,Female,47176.28,546.0,0.51,41,West,0
65,Male,53880.46,802.0,0.68,45,South,1
27,Male,63003.97,633.0,0.63,5,East,0
52,Female,85293.96,712.0,0.53,32,East,1
26,Male,79836.4,797.0,0.46,5,West,1
22,Male,69666.57,631.0,0.78,0,North,0
26,Female,76221.23,780.0,0.35,5,North,1
37,Female,86953.96,685.0,0.37,15,South,1
56,Male,101064.36,636.0,0.28,36,North,1
51,Male,84921.01,720.0,0.48,27,North,1
66,Male,49404.91,733.0,0.46,45,East,1
65,Female,59572.9,719.0,0.22,45,North,1
57,Male,69840.64,833.0,0.13,35,South,1
66,Male,44179.71,646.0,0.57,42,North,1
24,Male,56473.95,701.0,0.72,4,South,0
44,Female,98123.98,691.0,0.44,20,East,1
56,Female,29112.98,748.0,0.43,33,North,0
48,Male,89150.02,674.0,0.54,24,North,1
44,Female,33977.63,683.0,0.48,20,South,0
66,Female,70815.7,640.0,0.67,45,North,0
39,Female,30972.96,828.0,0.74,19,South,0
63,Male,40585.6,797.0,0.1,43,North,1
56,Male,93039.33,478.0,0.32,35,South,1
69,Female,87867.19,697.0,0.57,45,East,1
31,Female,50780.2,679.0,0.78,10,East,0
50,Female,60977.87,649.0,0.19,30,South,1
39,Female,72919.0,533.0,0.57,15,South,0
67,Female,59193.0,673.0,0.49,43,East,1
60,Male,80650.17,559.0,0.29,40,West,1
39,Female,67597.71,697.0,0.79,17,North,0
48,Male,60221.4,799.0,0.58,28,West,1
65,Male,70411.87,468.0,0.21,44,North,1
51,Female,48378.88,618.0,0.39,27,East,0
43,Male,47921.95,664.0,0.33,20,West,1
34,Female,47771.23,646.0,0.64,10,North,0
42,Female,87293.01,850.0,0.5,21,West,1
30,Female,64958.51,754.0,0.28,9,East,1
62,Female,69863.77,729.0,0.42,42,South,1
26,Female,59252.28,695.0,0.3,2,South,0
23,Male,71600.63,655.0,0.36,0,East,1
66,Male,66644.87,824.0,0.42,44,North,1
34,Male,69188.77,650.0,0.23,13,South,1
23,Female,58130.36,727.0,0.67,0,West,0
43,Male,61441.68,667.0,0.27,21,West,1
44,Female,34507.58,637.0,0.68,20,North,0
24,Female,38512.44,727.0,0.57,4,West,0
43,Male,86475.69,635.0,0.26,22,West,1
46,Male,72627.63,560.0,0.61,24,North,0
42,Female,49492.14,689.0,0.49,19,South,0
60,Female,79118.14,692.0,0.44,40,West,1
56,Male,62260.81,712.0,0.41,35,South,1
49,Male,47181.87,650.0,0.3,28,South,1
69,Male,25000.0,722.0,0.48,45,South,1
37,Male,119521.56,579.0,0.43,13,West,1
38,Female,81171.06,672.0,0.39,14,North,1
29,Female,65934.24,612.0,0.68,5,South,0
57,Male,47239.42,664.0,0.61,34,West,1
60,Female,46700.43,609.0,0.47,39,South,0
37,Male,35199.41,589.0,0.39,17,North,0
53,Female,37768.09,539.0,0.18,32,West,0
50,Female,43198.19,579.0,0.62,28,North,0
45,Male,53802.63,597.0,0.54,23,West,0
49,Male,67589.62,669.0,0.8,29,South,0
34,Male,25092.38,531.0,0.65,10,West,0
46,Female,41961.96,684.0,0.2,24,West,1
41,Female,76982.29,674.0,0.73,19,West,0
27,Male,58487.34,698.0,0.47,3,East,0
36,Female,40904.43,698.0,0.41,12,North,0
25,Female,48554.99,667.0,0.4,1,South,0
40,Female,61944.17,768.0,0.23,19,South,1
42,Female,95923.65,727.0,0.2,19,North,1
27,Female,60252.24,544.0,0.21,6,South,0
60,Female,44730.47,718.0,0.4,40,North,1
24,Female,62392.6,649.0,0.34,1,South,0
56,Male,66185.9,663.0,0.15,35,West,1
44,Male,88281.77,541.0,0.65,21,East,1
49,Male,57628.39,746.0,0.46,27,North,1
26,Male,25000.0,690.0,0.41,4,South,0
24,Female,50061.16,670.0,0.18,2,West,0
58,Male,53165.38,639.0,0.43,38,West,1
25,Male,57499.5,655.0,0.1,3,North,1
27,Female,56198.05,753.0,0.58,6,East,0
29,Male,50305.08,715.0,0.68,9,East,0
60,Male,55454.3,669.0,0.22,36,East,1
35,Male,58646.8,695.0,0.65,13,East,0
46,Female,50548.92,647.0,0.27,26,North,1
60,Female,63132.02,722.0,0.62,38,North,0
23,Male,73905.35,620.0,0.69,2,North,0
42,Female,50678.18,729.0,0.57,18,North,0
49,Male,85758.36,692.0,0.62,29,South,1
52,Male,84948.31,711.0,0.3,31,North,1
40,Female,43814.12,763.0,0.53,17,West,0
65,Female,45800.11,658.0,0.75,43,South,0
26,Male,48817.87,592.0,0.72,5,South,0
27,Female,48914.55,705.0,0.17,5,South,0
40,Male,101897.7,824.0,0.61,20,West,1
23,Female,80815.23,539.0,0.4,0,West,0
49,Male,47500.38,525.0,0.32,27,East,1
29,Male,60377.65,723.0,0.32,7,West,1
69,Male,67427.65,661.0,0.42,45,North,1
29,Female,68876.81,555.0,0.39,5,South,0
66,Female,85907.35,681.0,0.12,44,North,1
25,Female,77185.56,756.0,0.35,2,East,0
47,Female,98939.95,667.0,0.13,23,North,1
47,Male,51053.22,736.0,0.42,23,North,1
64,Male,50913.76,760.0,0.34,43,South,1
58,Male,72253.79,716.0,0.47,37,North,1
63,Male,57882.16,679.0,0.29,43,South,1
56,Female,99887.08,605.0,0.46,36,South,1
27,Female,47316.57,714.0,0.52,5,West,0
43,Female,110766.81,734.0,0.61,21,East,1
69,Female,78314.6,552.0,0.49,45,North,1
46,Male,60963.42,647.0,0.51,25,East,1
68,Female,60690.88,708.0,0.33,45,South,1
55,Female,45936.9,756.0,0.31,33,West,1
32,Female,68129.46,711.0,0.21,10,West,1
22,Male,84945.58,648.0,0.56,0,East,0
45,Female,90999.33,740.0,0.52,23,North,1
23,Female,64423.98,698.0,0.43,2,East,0
28,Male,42959.47,631.0,0.2,8,East,1
65,Male,55284.94,706.0,0.75,43,East,1
58,Female,66164.92,705.0,0.72,37,East,0
39,Male,88163.4,765.0,0.45,15,West,1
31,Male,75539.07,843.0,0.43,7,West,1
44,Female,60205.24,658.0,0.71,22,East,0
52,Male,94203.47,626.0,0.24,31,East,1
47,Male,49179.82,711.0,0.76,23,West,0
53,Male,63884.36,659.0,0.13,32,North,1
27,Female,70545.79,681.0,0.78,7,South,0
23,Male,82118.9,634.0,0.16,0,North,1
41,Female,62595.84,742.0,0.4,20,South,1
66,Female,47017.03,665.0,0.35,42,South,1
51,Female,100558.28,712.0,0.3,30,South,1
46,Male,63260.65,582.0,0.73,23,South,0
44,Male,34821.49,738.0,0.21,24,East,1
38,Male,80890.93,648.0,0.32,18,East,1
49,Male,51533.2,759.0,0.58,26,East,1
25,Male,64898.34,578.0,0.76,4,East,0
32,Female,77020.49,567.0,0.33,8,East,0
49,Male,33957.96,640.0,0.48,27,East,0
31,Male,33194.53,689.0,0.28,9,South,0
38,Male,25000.0,666.0,0.42,14,East,0
29,Female,30964.64,764.0,0.37,9,West,0
58,Male,70453.88,623.0,0.32,38,South,1
69,Female,70937.22,697.0,0.22,45,East,1
23,Female,92115.19,709.0,0.66,0,West,0
27,Female,51862.08,761.0,0.41,7,East,0
31,Female,26939.57,797.0,0.22,8,East,0
23,Male,37989.34,696.0,0.24,0,East,0
54,Male,45679.3,612.0,0.14,34,East,1
26,Male,68302.04,623.0,0.8,4,East,0
40,Female,76735.69,766.0,0.72,16,West,0
61,Female,35213.0,732.0,0.78,37,West,0
60,Female,76501.68,639.0,0.57,38,East,1
65,Male,50495.96,709.0,0.53,44,West,1
31,Female,88345.28,631.0,0.2,10,South,1
42,Male,91103.19,713.0,0.25,22,West,1
25,Male,33756.82,715.0,0.55,1,West,0
35,Female,38663.18,849.0,0.51,15,East,0
30,Female,51443.72,701.0,0.28,8,North,0
55,Male,88110.21,570.0,0.27,35,North,1
38,Male,32211.07,560.0,0.72,16,East,0
42,Male,35752.63,517.0,0.61,19,West,0
31,Female,71941.57,750.0,0.51,10,East,0
37,Male,84855.15,796.0,0.76,17,West,1
38,Male,25000.0,685.0,0.8,18,South,0
52,Female,46359.01,746.0,0.75,31,West,0
43,Female,89335.16,733.0,0.76,23,South,0
34,Male,61102.07,847.0,0.5,11,South,1
66,Male,49299.12,548.0,0.74,44,North,0
34,Male,50085.34,805.0,0.34,14,West,1
60,Male,61260.0,731.0,0.54,36,South,1
40,Male,51883.53,592.0,0.28,19,North,1
68,Male,33879.04,620.0,0.49,45,West,1
33,Male,70652.43,655.0,0.79,11,South,0
25,Female,82625.49,653.0,0.33,5,East,0
35,Male,71928.0,671.0,0.23,15,North,1
53,Male,66068.01,664.0,0.7,30,East,1
44,Male,114390.01,756.0,0.23,24,West,1
58,Female,58724.32,719.0,0.65,36,North,0
45,Female,50701.82,559.0,0.8,24,South,0
29,Female,71069.43,683.0,0.62,5,East,0
26,Female,106081.58,723.0,0.71,2,West,0
54,Male,70992.02,762.0,0.22,33,West,1
65,Male,96378.9,749.0,0.27,43,West,1
59,Male,50009.52,648.0,0.15,35,North,1
50,Female,57062.49,705.0,0.49,27,West,0
23,Male,70157.04,675.0,0.79,1,South,0
25,Female,47959.74,451.0,0.19,3,North,0
69,Male,88902.01,689.0,0.41,45,North,1
25,Female,100609.86,822.0,0.65,1,West,0
55,Female,52636.95,697.0,0.78,35,South,0
37,Male,71034.04,576.0,0.28,17,East,1
37,Female,53478.67,683.0,0.51,14,East,0
59,Male,114299.41,765.0,0.28,36,North,1
63,Male,47593.25,738.0,0.64,43,West,1
64,Female,63014.68,701.0,0.77,41,East,0
53,Female,55569.5,745.0,0.19,33,North,1
56,Female,96830.47,617.0,0.47,32,East,1
52,Male,54453.19,548.0,0.37,31,West,1
53,Male,61697.43,608.0,0.17,32,North,1
52,Male,71641.87,769.0,0.27,30,South,1
54,Male,68402.84,601.0,0.28,34,East,1
31,Female,64789.11,609.0,0.65,8,East,0
60,Female,83387.66,613.0,0.72,39,North,0
54,Male,47446.34,614.0,0.46,33,South,1
50,Male,53530.05,710.0,0.21,30,West,1
25,Female,65568.25,731.0,0.36,3,East,0
62,Male,70118.19,714.0,0.56,41,East,1
26,Female,76633.43,790.0,0.73,2,East,0
63,Male,83611.78,717.0,0.64,43,East,1
58,Female,69217.8,779.0,0.65,38,North,1
40,Female,65639.79,706.0,0.29,16,North,1
60,Male,77562.68,721.0,0.71,39,East,1
33,Female,61801.63,609.0,0.77,9,South,0
41,Male,76062.05,763.0,0.75,21,South,1
52,Female,59242.91,761.0,0.26,32,South,1
31,Male,25000.0,676.0,0.62,9,South,0
44,Male,58606.77,713.0,0.74,20,East,0
58,Male,61662.38,621.0,0.13,35,North,1
65,Female,67521.63,747.0,0.23,42,West,1
56,Female,92347.38,624.0,0.24,35,North,1
37,Female,48282.0,736.0,0.18,13,East,1
47,Female,29264.81,669.0,0.36,25,East,0
35,Male,71193.26,850.0,0.42,14,West,1
22,Male,38719.03,696.0,0.1,1,East,1
67,Male,74711.0,836.0,0.73,45,East,1
40,Female,82275.23,691.0,0.69,19,South,0
53,Male,40517.83,789.0,0.51,31,South,1
47,Female,57929.75,654.0,0.46,23,North,0
46,Male,62674.17,611.0,0.51,22,South,1
61,Female,37310.84,615.0,0.15,41,South,1
36,Male,56352.96,606.0,0.53,13,East,0
47,Male,29614.6,685.0,0.23,24,North,1
60,Female,55022.85,703.0,0.14,37,North,1
47,Female,85640.94,674.0,0.43,26,West,1
39,Male,100354.56,628.0,0.5,15,South,1
69,Female,57100.14,627.0,0.48,45,East,1
66,Female,78705.95,716.0,0.34,45,North,1
49,Male,49624.21,722.0,0.25,27,East,1
65,Female,70674.67,608.0,0.43,44,East,1
56,Male,73771.28,729.0,0.68,33,East,1
25,Female,38660.38,571.0,0.74,4,West,0
23,Female,53701.53,717.0,0.12,2,East,0
42,Female,96683.64,679.0,0.16,19,South,1
22,Female,71393.63,690.0,0.77,0,West,0
22,Male,76743.59,687.0,0.66,0,North,0
55,Female,53262.62,720.0,0.63,32,North,0
42,Male,54906.16,830.0,0.47,20,North,1
38,Female,28895.13,696.0,0.62,15,East,0
52,Male,78043.49,746.0,0.23,32,East,1
37,Female,94716.91,744.0,0.78,14,West,0
38,Female,56351.52,749.0,0.25,15,West,1
24,Female,60747.09,692.0,0.56,3,North,0
51,Female,81084.44,647.0,0.46,29,North,1
41,Male,30226.73,651.0,0.34,20,North,0
52,Female,58263.25,703.0,0.68,31,South,0
49,Male,69574.18,552.0,0.29,29,North,1
36,Male,33623.97,621.0,0.57,16,East,0
57,Female,56401.36,690.0,0.47,36,East,1
55,Female,25577.38,674.0,0.23,35,East,0
65,Female,98083.5,681.0,0.1,44,West,1
57,Female,96809.91,676.0,0.79,36,West,1
39,Female,43448.13,629.0,0.61,19,East,0
63,Female,29047.2,758.0,0.7,43,South,0
58,Male,97329.43,795.0,0.78,38,South,1
22,Female,72687.64,633.0,0.57,2,North,0
29,Male,31778.05,702.0,0.44,9,South,0
27,Female,89868.05,684.0,0.2,7,East,1
47,Male,41688.5,670.0,0.42,26,West,1
68,Female,114369.39,602.0,0.57,44,South,1
36,Female,87741.84,589.0,0.77,13,East,0
65,Male,71131.86,706.0,0.41,42,North,1
57,Male,55034.07,705.0,0.48,37,North,1
65,Female,74267.61,639.0,0.22,43,East,1
37,Male,36572.81,584.0,0.42,16,East,0
22,Male,79838.84,688.0,0.63,0,South,0
57,Female,89957.28,518.0,0.72,36,West,0
27,Male,97121.68,581.0,0.32,5,West,1
29,Male,84956.5,823.0,0.52,7,North,1
40,Female,43611.3,608.0,0.31,17,East,0
37,Male,54408.64,639.0,0.4,17,North,1
27,Female,46324.43,662.0,0.18,3,East,0
26,Female,79341.58,662.0,0.52,2,West,0
69,Male,71046.77,771.0,0.16,45,West,1
62,Female,103903.49,590.0,0.72,41,East,1
38,Male,92878.05,647.0,0.72,16,West,1
57,Male,83300.17,696.0,0.11,37,North,1
52,Male,70203.58,684.0,0.64,32,South,1
69,Female,54122.3,603.0,0.42,45,East,1
63,Female,57485.58,692.0,0.44,42,South,1
24,Female,43735.41,653.0,0.66,1,East,0
34,Male,77385.29,610.0,0.72,11,West,0
46,Female,65110.91,716.0,0.3,23,West,1
47,Male,79700.69,789.0,0.28,24,West,1
36,Male,68258.67,635.0,0.31,15,East,1
39,Male,77651.47,654.0,0.38,18,North,1
36,Male,83685.08,611.0,0.35,14,West,1
50,Female,50260.63,449.0,0.16,27,West,0
22,Male,80338.86,721.0,0.67,2,South,0
62,Male,84096.31,711.0,0.25,38,East,1
63,Female,82750.57,809.0,0.45,41,South,1
37,Female,62153.92,495.0,0.6,16,South,0
54,Male,41639.52,700.0,0.69,30,North,0
37,Male,46487.62,560.0,0.59,15,South,0
31,Female,65271.78,618.0,0.29,8,West,0
32,Male,58097.91,756.0,0.24,9,South,1
49,Female,25000.0,673.0,0.75,25,North,0
36,Male,71588.94,673.0,0.25,13,North,1
28,Male,57117.28,582.0,0.4,4,West,0
31,Female,38739.86,755.0,0.17,11,West,0
55,Male,93046.81,725.0,0.71,32,North,1
31,Female,47689.68,733.0,0.48,11,North,0
28,Male,65952.55,622.0,0.39,6,South,1
60,Male,60696.92,629.0,0.69,38,East,1
46,Female,48524.51,527.0,0.58,23,East,0
33,Female,29111.75,679.0,0.48,10,South,0
45,Female,80767.11,580.0,0.74,23,West,0
56,Female,73922.83,647.0,0.14,33,South,1
28,Male,71060.03,776.0,0.78,6,South,0
28,Male,90779.17,699.0,0.46,8,North,1
40,Male,74802.81,689.0,0.11,17,East,1
22,Female,43289.91,746.0,0.13,1,East,0
27,Female,25000.0,728.0,0.19,5,East,0
34,Male,63722.43,676.0,0.46,11,North,1
53,Male,73313.47,737.0,0.65,31,North,1
36,Male,41393.9,637.0,0.76,12,West,0
25,Male,66317.72,568.0,0.53,5,South,0
41,Female,72878.86,722.0,0.52,19,South,0
29,Female,82229.27,705.0,0.17,8,North,1
41,Male,87584.19,685.0,0.7,18,South,1
49,Male,55564.1,666.0,0.62,28,West,0
55,Female,89573.33,568.0,0.77,31,North,0
44,Female,55798.22,733.0,0.68,23,South,0
63,Male,100055.37,677.0,0.67,40,West,1
42,Male,112880.4,718.0,0.28,20,East,1
45,Male,71732.21,768.0,0.33,25,North,1
23,Female,64088.33,620.0,0.48,2,East,0
25,Male,39998.0,682.0,0.2,5,East,1
23,Female,98343.26,524.0,0.31,2,West,0
48,Male,31043.38,711.0,0.13,26,North,1
56,Male,74027.46,653.0,0.56,36,North,1
69,Male,50231.57,791.0,0.68,45,South,1
38,Male,25000.0,622.0,0.1,15,East,1
46,Female,45755.21,760.0,0.55,24,East,0
68,Male,49459.76,600.0,0.24,45,South,1
39,Male,54489.17,593.0,0.57,15,South,0
31,Female,108349.01,712.0,0.24,9,South,1
63,Female,86110.58,629.0,0.21,39,South,1
24,Female,57312.63,801.0,0.66,2,West,0
52,Male,78870.12,568.0,0.33,29,North,1
22,Male,95996.12,646.0,0.17,0,South,1
31,Male,75218.88,587.0,0.74,8,West,0
31,Female,67647.83,687.0,0.21,7,East,1
37,Female,40425.12,757.0,0.16,16,North,1
41,Male,60338.22,767.0,0.34,17,East,1
66,Female,41853.43,731.0,0.11,42,West,1
56,Male,76047.87,708.0,0.27,34,East,1
34,Male,26837.84,619.0,0.28,13,East,0
28,Male,96674.2,681.0,0.75,8,West,0
34,Female,58463.84,610.0,0.63,14,North,0
56,Male,66145.79,729.0,0.62,35,North,1
57,Male,25000.0,850.0,0.47,37,North,1
57,Female,94980.35,770.0,0.47,33,North,1
31,Female,44815.71,778.0,0.65,8,East,0
35,Male,25587.94,583.0,0.71,15,North,0
54,Male,77459.64,680.0,0.67,32,East,1
35,Male,71038.87,625.0,0.28,13,East,1
43,Female,83637.44,593.0,0.12,21,West,1
66,Male,55749.38,821.0,0.34,43,West,1
34,Female,28796.16,750.0,0.29,11,East,0
58,Female,63304.96,695.0,0.33,36,South,1
69,Male,83483.49,679.0,0.28,45,South,1
58,Female,71296.05,684.0,0.58,37,West,1
46,Male,60211.3,778.0,0.18,22,North,1
62,Male,68497.41,708.0,0.31,40,South,1
38,Male,65306.67,614.0,0.49,17,North,1
56,Female,35878.03,700.0,0.39,36,South,0
43,Female,75520.09,641.0,0.8,21,North,0
51,Male,67677.39,615.0,0.32,27,West,1
23,Female,41664.32,653.0,0.48,0,North,0
39,Male,47221.17,706.0,0.19,17,North,1
36,Male,73503.15,556.0,0.44,14,South,1
59,Male,78238.96,543.0,0.15,37,West,1
51,Female,70236.78,777.0,0.51,30,East,1
40,Male,68371.9,663.0,0.24,17,West,1
40,Male,49316.16,609.0,0.63,16,North,0
62,Female,52512.41,756.0,0.39,39,West,1
60,Female,71130.21,657.0,0.42,40,North,1
35,Female,47790.3,694.0,0.49,14,North,0
53,Female,78706.55,625.0,0.22,30,South,1
46,Male,82372.49,620.0,0.5,25,South,1
22,Female,68097.91,673.0,0.4,0,East,0
52,Female,28591.84,670.0,0.32,30,East,0
43,Male,50916.17,672.0,0.67,20,North,0
38,Female,60861.2,790.0,0.76,14,West,0
30,Female,102126.47,731.0,0.29,6,West,1
53,Female,95281.56,646.0,0.69,29,North,0
38,Female,64459.14,632.0,0.15,16,East,1
28,Male,45768.23,576.0,0.77,7,West,0
31,Female,55816.66,740.0,0.24,8,East,0
60,Male,68667.88,661.0,0.23,37,East,1
64,Female,57872.18,694.0,0.53,44,North,1
24,Male,100852.98,645.0,0.77,0,East,0
47,Female,120382.29,732.0,0.75,25,West,1
24,Female,101249.45,692.0,0.51,3,South,0
55,Female,75463.14,676.0,0.47,31,West,1
31,Male,77950.66,755.0,0.25,10,West,1
64,Male,76091.35,670.0,0.73,43,South,1
64,Female,119158.88,662.0,0.77,42,East,1
45,Female,39131.79,635.0,0.52,25,West,0
47,Male,67324.45,651.0,0.51,24,North,1
66,Female,58199.8,576.0,0.78,43,South,0
44,Male,54893.62,729.0,0.39,24,East,1
67,Female,63218.27,663.0,0.71,45,North,0
66,Male,67791.52,803.0,0.62,42,South,1
66,Female,46166.91,625.0,0.43,42,South,0
48,Male,62809.63,678.0,0.11,24,South,1
52,Male,97053.12,695.0,0.59,29,West,1
29,Female,64428.14,684.0,0.2,7,North,1
59,Male,25000.0,712.0,0.17,38,South,1
60,Female,100594.86,603.0,0.16,40,East,1
27,Male,47239.46,588.0,0.49,3,East,0
69,Male,25000.0,592.0,0.19,45,South,1
23,Male,45171.19,665.0,0.24,3,West,1
53,Male,49266.41,605.0,0.7,33,East,0
60,Female,66614.05,583.0,0.21,40,East,1
28,Female,103741.53,470.0,0.74,6,West,0
30,Male,87141.93,695.0,0.31,10,North,1
37,Male,55595.96,752.0,0.42,17,South,1
55,Female,68530.84,529.0,0.66,32,North,0
62,Male,48788.01,678.0,0.74,41,North,0
61,Male,50516.91,777.0,0.27,40,North,1
28,Female,62121.89,627.0,0.46,8,West,0
42,Female,96651.04,663.0,0.61,22,East,1
61,Male,59674.31,774.0,0.18,37,West,1
46,Female,41076.46,631.0,0.13,22,East,1
35,Male,47366.6,736.0,0.26,11,North,1
32,Male,58205.49,687.0,0.48,12,West,1
55,Female,60221.28,608.0,0.7,32,West,0
48,Male,40551.48,606.0,0.51,25,South,0
67,Male,70618.3,659.0,0.18,45,North,1
32,Female,42370.42,579.0,0.53,11,West,0
47,Female,30430.94,701.0,0.64,27,South,0
54,Male,78222.26,672.0,0.63,30,East,1
37,Male,66627.43,555.0,0.2,13,East,1
60,Male,100378.49,590.0,0.69,37,East,1
69,Male,103847.08,644.0,0.77,45,North,1
53,Male,69489.74,786.0,0.21,31,North,1
53,Female,70896.76,580.0,0.26,32,West,1
35,Male,73772.93,651.0,0.18,11,East,1
65,Female,25000.0,683.0,0.33,45,West,1
63,Male,52642.76,696.0,0.49,42,West,1
42,Female,80264.11,681.0,0.27,21,West,1
60,Female,58351.16,712.0,0.22,36,South,1
62,Male,79973.62,652.0,0.41,42,North,1
46,Male,78076.93,630.0,0.69,23,South,1
44,Male,56162.12,716.0,0.11,22,South,1
60,Male,96796.28,605.0,0.77,36,South,1
67,Male,55350.33,570.0,0.46,45,West,1
38,Female,70397.72,684.0,0.15,14,North,1
23,Female,70332.84,755.0,0.33,0,East,0
63,Female,31999.7,778.0,0.28,42,West,1
44,Female,75955.01,631.0,0.6,20,East,0
68,Male,70980.32,768.0,0.73,45,West,1
41,Male,25000.0,686.0,0.21,18,East,1
54,Male,72370.96,821.0,0.57,33,East,1
30,Female,45673.8,564.0,0.61,10,South,0
32,Male,55323.1,692.0,0.71,10,North,0
40,Female,59132.73,640.0,0.51,20,North,0
57,Male,95632.64,754.0,0.16,35,South,1
59,Female,42428.04,761.0,0.18,39,East,1
54,Female,42175.52,686.0,0.79,31,South,0
56,Female,47234.86,805.0,0.19,36,West,1
35,Female,80588.96,784.0,0.33,14,East,1
51,Male,99085.94,662.0,0.56,29,North,1
41,Male,69995.65,763.0,0.17,20,North,1
39,Female,71790.73,602.0,0.45,17,East,0
50,Female,40102.89,627.0,0.29,27,South,0
25,Female,99155.4,702.0,0.38,4,South,1
64,Female,47071.8,656.0,0.13,43,South,1
42,Female,44901.45,709.0,0.66,18,East,0
36,Female,41603.08,576.0,0.76,12,North,0
43,Female,61303.91,698.0,0.36,22,South,1
67,Male,67567.62,629.0,0.19,45,South,1
47,Male,61337.28,757.0,0.78,25,East,0
45,Male,42247.46,667.0,0.28,24,North,1
40,Female,73963.97,745.0,0.71,17,East,0
49,Male,25000.0,766.0,0.42,27,North,1
32,Female,63587.37,617.0,0.23,12,South,0
31,Male,62336.16,766.0,0.31,8,South,1
63,Female,98244.33,605.0,0.12,39,East,1
28,Male,62619.65,609.0,0.34,7,East,1
52,Female,79241.73,587.0,0.36,30,South,1
58,Female,90775.57,758.0,0.58,37,West,1
32,Male,97934.22,736.0,0.25,12,West,1
26,Male,68060.6,619.0,0.66,4,South,0
30,Male,48388.42,698.0,0.67,7,East,0
37,Female,91802.67,781.0,0.56,14,West,1
64,Female,89482.28,595.0,0.24,44,North,1
27,Female,60159.4,583.0,0.76,7,North,0
22,Female,63868.69,784.0,0.69,0,South,0
61,Female,83813.18,610.0,0.61,41,South,1
41,Female,65462.93,558.0,0.41,19,South,0
32,Male,69502.75,644.0,0.33,12,North,1
61,Female,43381.87,671.0,0.35,40,North,1
55,Female,74388.14,730.0,0.28,34,North,1
28,Male,90720.62,592.0,0.34,4,East,1
41,Female,77470.62,717.0,0.28,20,North,1
33,Male,94075.92,744.0,0.3,10,South,1
23,Male,55798.39,797.0,0.54,2,South,0
44,Male,63421.16,718.0,0.35,23,West,1
38,Male,50716.11,747.0,0.59,17,East,0
23,Male,98408.67,663.0,0.66,3,North,1
28,Female,81717.28,697.0,0.39,4,East,0
52,Female,63323.78,570.0,0.76,29,East,0
49,Male,48654.53,790.0,0.67,27,North,1
66,Female,74624.02,679.0,0.65,45,East,1
29,Male,73735.0,662.0,0.43,8,North,1
66,Female,86485.41,718.0,0.37,42,East,1
66,Male,87817.77,715.0,0.13,42,South,1
22,Female,51271.44,630.0,0.23,0,South,0
30,Female,61390.68,636.0,0.5,6,North,0
62,Female,49556.87,756.0,0.22,41,South,1
22,Female,73315.83,669.0,0.42,2,East,0
33,Male,81612.26,684.0,0.42,12,West,1
27,Male,97853.75,751.0,0.7,5,East,1
32,Male,61290.43,639.0,0.25,11,South,1
37,Female,68400.89,641.0,0.45,16,East,0
59,Female,104379.63,750.0,0.56,38,East,1
44,Male,80033.92,683.0,0.51,22,West,1
65,Female,43159.6,794.0,0.22,41,West,1
47,Male,61813.29,577.0,0.28,24,West,1
43,Male,44288.73,605.0,0.17,19,South,1
38,Male,73153.15,633.0,0.27,17,South,1
48,Male,57728.12,717.0,0.73,24,North,0
47,Female,68448.31,550.0,0.68,26,West,0
32,Male,81790.76,519.0,0.18,11,West,1
43,Male,81256.53,594.0,0.46,22,North,1
59,Female,38275.07,617.0,0.5,35,West,0
62,Female,107949.64,758.0,0.36,42,West,1
29,Female,77795.81,729.0,0.31,8,South,1
25,Male,61286.22,780.0,0.19,5,West,1
43,Male,69446.0,666.0,0.32,19,West,1
41,Female,105529.12,642.0,0.53,21,South,1
40,Female,102183.04,850.0,0.42,16,North,1
57,Female,76254.77,708.0,0.33,35,South,1
35,Female,66723.91,774.0,0.44,12,East,0
53,Male,46462.41,538.0,0.25,32,West,1
64,Male,82743.99,632.0,0.4,44,West,1
49,Female,71883.12,585.0,0.75,27,South,0
56,Male,69824.51,693.0,0.62,32,South,1
27,Female,51892.46,673.0,0.58,7,East,0
49,Female,78471.98,709.0,0.16,28,East,1
37,Male,84889.97,631.0,0.15,14,East,1
53,Male,54498.86,655.0,0.11,32,North,1
61,Female,66914.28,761.0,0.44,40,South,1
63,Male,65505.76,672.0,0.22,39,West,1
45,Female,76776.07,626.0,0.7,24,East,0
40,Male,76462.1,692.0,0.13,19,West,1
45,Female,62153.15,617.0,0.16,22,South,1
53,Female,111250.21,736.0,0.7,32,South,1
54,Male,70191.01,733.0,0.28,34,West,1
56,Male,57848.68,775.0,0.19,36,West,1
24,Female,47288.45,610.0,0.34,0,East,0
64,Female,90249.38,780.0,0.51,44,East,1
49,Male,64693.48,762.0,0.34,26,South,1
38,Female,68680.93,656.0,0.29,14,North,1
51,Female,62830.45,649.0,0.17,29,North,1
62,Male,77666.14,721.0,0.57,38,North,1
28,Male,80249.34,677.0,0.79,8,South,0
66,Female,35903.52,687.0,0.15,44,East,1
52,Male,31820.9,608.0,0.44,28,West,0
24,Female,70387.71,661.0,0.37,1,South,0
32,Female,86687.35,693.0,0.12,11,West,1
29,Male,85363.49,688.0,0.27,7,East,1
68,Female,52387.47,729.0,0.11,45,West,1
36,Male,56163.12,699.0,0.25,14,West,1
27,Female,81756.98,650.0,0.23,4,North,1
48,Male,57527.52,703.0,0.6,26,South,1
40,Female,83219.08,750.0,0.5,20,East,1
69,Male,83583.15,677.0,0.46,45,South,1
56,Male,59561.53,784.0,0.67,35,South,1
50,Male,88971.7,783.0,0.8,26,South,1
58,Male,69867.84,618.0,0.28,37,East,1
51,Male,51988.96,637.0,0.5,31,South,1
49,Female,64843.42,550.0,0.35,25,South,0
62,Female,71708.77,805.0,0.65,38,North,1
22,Male,70428.24,787.0,0.73,0,North,0
30,Male,48889.61,776.0,0.54,9,North,0
64,Male,78523.64,672.0,0.29,42,North,1
39,Female,89256.88,680.0,0.12,17,North,1
40,Female,62301.14,706.0,0.65,18,East,0
65,Female,31119.18,686.0,0.27,45,North,1
23,Male,64854.83,715.0,0.27,0,East,1
61,Female,67945.96,688.0,0.43,41,South,1
58,Male,25000.0,653.0,0.67,38,West,0
45,Male,62031.42,762.0,0.78,24,East,0
33,Female,93500.56,633.0,0.11,11,East,1
44,Male,65477.69,605.0,0.73,22,North,0
35,Male,61049.7,779.0,0.57,11,East,1
48,Female,78258.92,728.0,0.21,26,West,1
67,Female,72134.1,653.0,0.17,45,West,1
53,Female,86315.55,622.0,0.23,30,West,1
51,Female,72307.48,697.0,0.36,31,South,1
61,Female,96751.18,652.0,0.19,38,East,1
35,Female,105818.01,792.0,0.49,11,North,1
39,Female,43700.52,560.0,0.7,17,North,0
57,Male,29873.59,771.0,0.54,33,West,1
68,Female,66952.08,629.0,0.5,45,South,1
26,Female,56647.2,684.0,0.59,3,West,0
26,Male,57263.79,707.0,0.65,3,West,0
51,Male,25000.0,699.0,0.15,29,West,1
28,Male,44295.1,677.0,0.45,4,South,0
44,Female,80632.97,684.0,0.11,23,North,1
54,Female,62709.82,610.0,0.47,33,South,0
51,Male,48472.08,630.0,0.13,31,East,1
61,Male,65158.05,635.0,0.7,39,South,1
36,Male,82189.29,666.0,0.52,16,East,1
58,Female,88745.13,684.0,0.57,35,East,1
63,Male,83434.81,842.0,0.64,42,East,1
44,Female,50730.37,754.0,0.77,20,West,0
56,Female,25000.0,538.0,0.17,34,East,0
22,Male,93058.41,762.0,0.16,0,North,1
46,Male,74305.44,802.0,0.63,23,North,1
43,Male,38058.16,557.0,0.21,20,South,1
57,Male,61833.73,772.0,0.57,35,East,1
33,Male,42465.82,778.0,0.22,13,South,1
57,Female,42188.32,692.0,0.79,35,South,0
44,Male,72145.3,614.0,0.54,24,North,1
32,Male,104302.71,755.0,0.23,10,West,1
67,Female,84890.84,743.0,0.69,45,West,1
34,Male,78161.03,684.0,0.7,12,North,0
56,Female,55624.59,685.0,0.16,35,South,1
62,Female,64558.39,744.0,0.67,39,North,0
22,Female,51535.9,757.0,0.78,0,East,0
57,Female,68602.6,743.0,0.78,33,East,0
69,Female,54996.54,681.0,0.36,45,North,1
45,Female,76542.82,642.0,0.15,22,West,1
34,Female,60955.16,738.0,0.32,12,South,0
29,Male,62627.59,737.0,0.19,7,North,1
52,Female,59737.99,553.0,0.36,31,North,0
37,Male,40340.74,622.0,0.71,15,West,0
27,Male,97692.64,650.0,0.7,7,South,0
66,Female,39332.79,706.0,0.78,42,North,0
64,Female,63514.54,689.0,0.27,41,North,1
51,Male,60865.98,739.0,0.36,31,South,1
43,Female,61943.35,770.0,0.26,22,South,1
68,Male,78480.54,617.0,0.52,45,West,1
26,Female,78333.68,756.0,0.75,5,North,0
22,Male,42344.47,696.0,0.17,1,East,1
58,Male,64271.8,749.0,0.65,35,South,1
36,Female,66798.88,711.0,0.16,15,South,1
60,Female,47389.32,758.0,0.31,39,West,1
69,Male,60943.17,585.0,0.63,45,East,1
24,Male,50532.22,619.0,0.47,2,South,0
63,Male,35222.74,639.0,0.17,42,West,1
42,Female,41037.19,747.0,0.14,19,North,1
54,Female,26279.07,636.0,0.47,33,West,0
69,Female,76781.72,656.0,0.21,45,South,1
39,Female,41614.87,583.0,0.75,18,North,0
33,Male,67503.91,636.0,0.34,12,West,1
34,Female,35521.55,848.0,0.37,12,West,0
38,Female,71007.93,742.0,0.58,16,North,0
63,Female,46088.88,850.0,0.6,40,South,1
39,Male,64161.22,689.0,0.72,15,East,0
46,Male,53470.98,693.0,0.58,26,South,1
68,Female,62621.21,705.0,0.6,45,South,1
39,Female,72611.43,659.0,0.25,18,North,1
35,Female,75227.36,663.0,0.12,15,East,1
46,Male,82791.94,637.0,0.21,26,North,1
66,Male,51996.69,641.0,0.73,43,East,1
69,Male,61944.14,572.0,0.2,45,North,1
55,Male,85514.63,667.0,0.16,31,North,1
28,Female,74401.78,733.0,0.19,6,South,1
33,Male,46941.86,711.0,0.42,12,East,1
51,Female,64537.15,693.0,0.26,28,South,1
68,Male,29396.52,655.0,0.6,44,East,0
57,Male,47521.34,614.0,0.19,36,West,1
64,Male,73613.56,728.0,0.43,40,South,1
26,Female,79932.86,740.0,0.66,4,East,0
64,Male,89483.4,682.0,0.76,42,South,1
68,Male,45451.05,662.0,0.8,45,West,0
33,Male,80859.01,603.0,0.21,13,North,1
35,Female,39117.52,735.0,0.22,15,West,0
32,Female,99136.3,619.0,0.74,8,West,0
42,Female,25000.0,693.0,0.63,19,West,0
25,Female,25000.0,703.0,0.47,3,East,0
40,Female,54216.63,620.0,0.48,18,West,0
44,Male,81807.0,646.0,0.65,24,East,1
64,Male,53991.82,602.0,0.18,42,South,1
25,Male,91467.59,716.0,0.54,1,North,1
42,Female,52034.89,695.0,0.75,21,West,0
39,Female,64174.59,653.0,0.35,17,West,0
22,Female,79941.51,745.0,0.56,0,East,0
36,Male,80198.33,756.0,0.68,15,West,1
31,Female,63740.81,595.0,0.53,7,South,0
46,Female,71170.14,826.0,0.17,24,South,1
35,Male,62603.36,762.0,0.31,13,North,1
63,Female,57113.03,690.0,0.23,39,West,1
67,Male,66116.8,713.0,0.29,45,South,1
65,Male,94937.37,657.0,0.78,42,South,1
58,Female,52081.17,659.0,0.5,35,West,0
59,Male,95380.13,733.0,0.26,36,North,1
69,Male,57146.29,624.0,0.65,45,West,1
38,Female,65314.95,653.0,0.44,14,West,0
22,Female,40347.4,612.0,0.61,1,North,0
61,Male,86626.16,596.0,0.43,40,South,1
50,Female,27486.83,662.0,0.25,30,South,0
55,Male,50861.58,719.0,0.33,34,North,1
69,Male,25000.0,570.0,0.6,45,West,0
68,Male,25000.0,646.0,0.16,45,West,1
28,Male,61027.19,702.0,0.41,7,North,1
25,Male,83969.28,818.0,0.41,4,North,1
35,Female,77039.43,580.0,0.12,11,East,1
69,Male,65715.03,677.0,0.29,45,North,1
67,Female,53305.77,732.0,0.48,43,South,1
24,Male,25000.0,722.0,0.43,4,East,0
28,Male,47136.51,679.0,0.41,8,West,0
32,Female,43950.19,630.0,0.71,9,East,0
56,Female,43028.92,690.0,0.33,34,North,1
63,Male,75109.59,742.0,0.46,42,West,1
37,Female,61768.54,600.0,0.61,17,West,0
64,Male,86745.69,633.0,0.16,44,North,1
27,Male,101625.41,597.0,0.34,7,South,1
68,Male,34502.13,846.0,0.4,45,East,1
40,Female,68211.1,702.0,0.43,18,East,0
39,Female,25000.0,662.0,0.47,18,South,0
59,Male,101062.44,672.0,0.36,38,South,1
64,Female,54094.56,735.0,0.6,42,North,0
55,Male,62741.6,625.0,0.24,34,South,1
43,Male,52843.45,649.0,0.31,19,North,1
67,Male,85191.48,578.0,0.14,44,North,1
62,Female,53247.09,691.0,0.41,40,East,1
49,Male,54447.51,697.0,0.58,27,South,1
47,Male,81636.93,669.0,0.41,23,South,1
24,Female,41242.73,657.0,0.32,1,West,0
26,Female,52053.2,689.0,0.22,6,East,0
54,Female,61659.47,640.0,0.79,33,East,0
44,Male,62290.22,656.0,0.32,23,North,1
56,Female,86896.46,638.0,0.63,36,East,1
47,Male,56739.15,689.0,0.59,27,West,1
53,Male,61133.68,711.0,0.39,33,South,1
42,Male,73732.08,795.0,0.22,19,North,1
32,Female,64902.92,681.0,0.64,8,West,0
36,Male,72474.7,647.0,0.26,16,West,1
54,Male,103886.85,654.0,0.71,32,North,1
43,Female,52535.61,787.0,0.63,19,West,0
62,Female,69264.79,661.0,0.31,40,South,1
53,Female,52779.08,685.0,0.7,31,West,0
64,Female,76203.61,561.0,0.39,44,South,1
39,Female,42664.34,510.0,0.48,17,West,0
28,Female,55827.65,767.0,0.68,6,East,0
22,Male,56446.91,605.0,0.76,0,North,0
63,Male,74106.57,704.0,0.19,43,North,1
27,Female,70773.29,710.0,0.2,7,East,1
54,Female,75985.27,646.0,0.31,30,South,1
66,Female,61259.12,775.0,0.71,42,South,0
57,Female,84707.01,803.0,0.27,35,East,1
44,Male,94969.4,675.0,0.63,20,North,1
29,Female,44731.85,742.0,0.62,7,North,0
45,Female,69508.87,776.0,0.61,24,East,0
27,Male,60893.82,565.0,0.1,5,South,1
29,Male,96739.04,683.0,0.29,6,South,1
51,Male,63376.38,704.0,0.25,29,East,1
45,Male,25000.0,826.0,0.22,24,West,1
54,Female,70843.39,737.0,0.32,30,West,1
43,Male,48657.87,639.0,0.69,22,East,0
34,Female,79812.44,753.0,0.6,11,West,0
25,Male,50511.94,683.0,0.46,2,West,0
60,Female,63701.1,643.0,0.75,37,North,0
49,Male,63000.58,681.0,0.31,29,West,1
33,Female,96224.82,790.0,0.42,12,North,1
30,Male,75350.67,718.0,0.51,10,West,1
50,Male,71114.87,635.0,0.41,27,North,1
23,Female,33314.67,653.0,0.3,2,North,0
23,Female,84401.05,654.0,0.49,3,South,0
54,Male,78327.66,697.0,0.24,34,South,1
41,Male,43652.6,785.0,0.23,20,North,1
44,Male,91455.5,593.0,0.67,22,East,1
63,Female,98602.66,655.0,0.69,41,East,1
34,Male,90335.49,658.0,0.18,13,North,1
68,Male,54437.33,631.0,0.57,44,North,1
37,Female,67100.14,662.0,0.39,17,North,0
63,Female,32340.23,792.0,0.44,41,West,1
45,Female,73611.64,704.0,0.33,22,East,1
34,Male,84266.46,801.0,0.21,14,North,1
39,Female,89352.88,567.0,0.61,18,East,0
32,Male,65717.83,642.0,0.76,10,West,0
55,Male,38718.99,684.0,0.55,34,East,1
34,Male,67151.35,684.0,0.75,10,North,0
56,Male,72344.46,679.0,0.3,32,East,1
56,Female,73845.59,796.0,0.42,32,South,1
30,Male,39940.74,676.0,0.53,6,East,0
26,Male,31193.02,654.0,0.34,2,East,0
66,Male,70835.6,752.0,0.25,43,West,1
27,Female,51863.03,548.0,0.19,5,North,0
34,Female,43330.72,597.0,0.19,14,East,0
61,Female,32370.81,598.0,0.77,37,North,0
56,Male,67687.27,647.0,0.65,34,South,1
32,Male,72819.4,840.0,0.29,10,West,1
42,Male,50500.28,753.0,0.52,21,East,1
49,Male,56583.88,650.0,0.66,27,West,0
22,Female,79848.27,824.0,0.66,2,South,0
24,Female,66652.89,768.0,0.29,1,West,0
69,Male,62706.89,671.0,0.52,45,East,1
58,Male,117738.94,737.0,0.44,36,West,1
62,Male,25000.0,745.0,0.63,42,North,0
68,Female,89282.11,786.0,0.5,45,East,1
24,Male,81342.52,589.0,0.35,0,South,1
48,Male,57892.56,568.0,0.74,26,West,0
60,Female,87354.48,779.0,0.52,39,North,1
69,Male,51512.05,696.0,0.26,45,East,1
61,Male,76225.03,694.0,0.76,38,East,1
55,Female,73037.16,608.0,0.66,32,West,0
50,Female,58799.04,611.0,0.63,28,East,0
47,Female,34314.47,648.0,0.47,25,South,0
46,Male,43787.2,667.0,0.37,25,North,1
23,Male,119578.59,830.0,0.69,0,North,1
56,Female,83170.76,730.0,0.42,32,West,1
61,Male,49435.03,728.0,0.49,37,South,1
61,Male,67308.97,641.0,0.68,37,East,1
27,Male,96647.68,671.0,0.67,3,East,0
53,Male,53321.6,688.0,0.69,33,West,0
33,Male,51284.75,629.0,0.58,13,West,0
59,Female,31338.11,700.0,0.44,35,North,0
62,Female,55832.07,579.0,0.12,40,South,1
25,Female,43259.31,644.0,0.22,2,West,0
60,Male,95487.97,795.0,0.71,38,South,1
60,Male,45671.38,696.0,0.64,40,West,1
64,Male,30175.51,744.0,0.21,44,South,1
61,Male,70500.77,725.0,0.6,38,East,1
22,Male,97495.69,770.0,0.77,2,North,0
42,Male,93701.6,636.0,0.78,20,East,1
40,Female,82507.87,671.0,0.29,20,South,1
24,Female,75294.12,698.0,0.34,1,East,0
43,Female,67254.24,638.0,0.48,19,West,0
64,Male,86847.44,797.0,0.63,42,West,1
36,Female,60028.27,651.0,0.75,15,North,0
23,Male,60640.46,617.0,0.13,0,South,1
48,Male,63908.39,740.0,0.62,26,North,1
51,Female,43009.4,760.0,0.8,31,North,0
50,Male,37370.91,823.0,0.23,27,West,1
43,Male,45923.17,565.0,0.58,20,West,0
58,Male,63558.04,570.0,0.55,37,South,1
36,Female,112532.33,626.0,0.21,16,West,1
35,Female,90337.63,674.0,0.43,12,North,1
37,Male,74758.05,696.0,0.46,14,East,1
41,Male,99199.04,765.0,0.25,19,South,1
33,Female,54353.38,699.0,0.29,12,North,0
38,Female,74987.51,679.0,0.63,15,South,0
28,Female,61390.64,718.0,0.23,4,South,0
66,Female,81929.43,605.0,0.63,45,South,1
61,Male,41149.96,679.0,0.15,37,South,1
46,Male,66666.73,740.0,0.22,24,South,1
33,Male,65313.63,691.0,0.61,10,East,0
32,Male,40062.95,633.0,0.39,11,East,0
43,Female,47986.62,850.0,0.75,22,West,0
57,Male,90702.22,738.0,0.46,33,West,1
26,Female,91052.69,632.0,0.75,6,South,0
69,Female,89600.62,599.0,0.59,45,East,1
67,Female,58278.6,697.0,0.64,45,South,0
42,Female,30033.99,703.0,0.38,22,North,0
57,Female,99030.82,636.0,0.31,36,North,1
22,Female,89380.63,685.0,0.63,1,North,0
45,Male,90412.85,674.0,0.66,23,North,1
48,Male,58742.97,592.0,0.1,24,South,1
57,Male,66671.07,639.0,0.46,37,West,1
25,Male,61667.52,648.0,0.65,5,West,0
35,Male,64323.32,703.0,0.37,12,North,1
59,Male,64894.25,770.0,0.78,35,East,1
52,Male,41474.87,647.0,0.15,32,East,1
48,Female,59810.68,771.0,0.26,26,West,1
49,Male,63711.72,732.0,0.27,26,East,1
30,Female,56585.36,622.0,0.28,10,North,0
50,Female,78876.99,651.0,0.29,28,North,1
22,Male,71384.9,637.0,0.46,0,South,0
56,Male,34830.35,589.0,0.33,32,East,1
34,Female,51190.95,721.0,0.25,13,East,0
68,Male,92243.68,793.0,0.76,45,West,1
57,Male,89737.19,589.0,0.19,37,East,1
51,Male,46855.54,635.0,0.43,29,South,1
33,Male,81377.51,698.0,0.54,10,South,1
33,Male,87466.98,723.0,0.8,13,East,0
45,Female,88598.34,585.0,0.77,25,North,0
56,Male,59935.13,636.0,0.19,33,West,1
50,Male,39985.35,564.0,0.64,26,South,0
40,Male,81671.15,651.0,0.57,17,North,1
42,Male,58140.55,689.0,0.76,22,North,0
63,Male,66282.11,698.0,0.75,42,South,1
63,Female,69395.98,680.0,0.19,40,North,1
36,Female,75143.71,628.0,0.41,13,West,0
60,Male,77849.54,621.0,0.2,40,North,1
30,Male,60094.41,630.0,0.23,9,West,1
26,Male,60953.18,622.0,0.6,5,West,0
34,Female,100877.16,628.0,0.57,11,West,0
40,Female,32595.6,581.0,0.44,17,East,0
61,Male,49140.27,759.0,0.34,38,East,1
44,Female,98090.57,642.0,0.68,21,South,0
30,Male,54046.91,692.0,0.39,10,South,1
37,Female,48203.16,553.0,0.11,15,West,0
65,Male,42449.8,731.0,0.69,45,North,1
24,Male,72564.07,693.0,0.34,2,North,1
60,Female,71726.4,696.0,0.54,38,South,1
51,Male,25000.0,733.0,0.58,30,South,0
27,Female,73012.94,654.0,0.64,6,East,0
50,Female,94983.74,713.0,0.65,27,East,1
69,Female,49843.48,556.0,0.57,45,West,0
45,Female,76747.25,670.0,0.34,22,North,1
52,Male,49730.67,617.0,0.73,31,East,0
54,Female,58983.48,585.0,0.26,30,North,1
69,Male,38490.08,787.0,0.59,45,North,1
46,Female,36928.05,733.0,0.58,22,North,0
68,Male,66281.6,662.0,0.51,45,North,1
65,Male,47264.97,730.0,0.78,44,North,1
44,Female,61957.1,698.0,0.55,24,North,0
45,Male,33694.24,657.0,0.28,25,West,1
37,Female,46394.05,714.0,0.73,16,West,0
47,Female,38379.44,662.0,0.51,25,West,0
68,Male,81623.66,615.0,0.17,45,West,1
29,Male,59267.19,701.0,0.19,5,South,1
27,Female,110624.56,683.0,0.51,6,East,1
32,Male,44618.45,717.0,0.51,8,South,0
69,Male,62877.84,809.0,0.54,45,West,1
63,Male,55599.38,766.0,0.24,43,East,1
49,Male,74923.6,652.0,0.54,29,East,1
69,Female,25508.82,626.0,0.17,45,North,1
65,Female,89495.27,689.0,0.58,42,East,1
22,Female,37307.69,739.0,0.46,0,North,0
45,Female,41765.0,730.0,0.2,24,South,1
25,Female,87591.61,546.0,0.32,3,East,0
50,Male,58700.66,640.0,0.75,30,East,0
67,Female,66955.45,696.0,0.15,45,East,1
40,Male,25000.0,736.0,0.4,19,East,0
64,Female,101596.12,688.0,0.15,43,South,1
29,Male,38301.39,693.0,0.49,8,East,0
47,Female,99565.52,582.0,0.75,23,South,0
69,Female,27777.46,732.0,0.53,45,West,0
25,Male,100305.39,649.0,0.49,5,West,1
43,Female,54573.42,614.0,0.51,22,South,0
65,Male,76232.88,742.0,0.63,43,South,1
49,Male,78697.12,693.0,0.32,29,South,1
22,Female,125355.08,741.0,0.41,0,North,1
40,Female,47292.16,734.0,0.11,16,South,1
46,Female,42164.34,681.0,0.54,25,West,0
49,Male,68622.68,703.0,0.32,26,South,1
39,Female,44478.18,636.0,0.65,16,South,0
47,Male,29491.48,664.0,0.11,23,West,1
26,Female,60412.16,747.0,0.5,6,East,0
56,Male,78366.48,708.0,0.72,34,East,1
63,Male,58609.46,645.0,0.21,39,West,1
27,Female,49186.66,827.0,0.71,7,North,0
22,Male,70785.88,742.0,0.15,0,North,1
58,Female,69047.67,771.0,0.49,36,East,1
25,Female,62415.1,733.0,0.75,5,South,0
51,Male,75163.01,594.0,0.52,30,West,1
31,Female,54779.82,699.0,0.8,11,North,0
58,Female,57363.72,683.0,0.39,37,East,1
31,Male,26456.09,655.0,0.11,7,West,1
63,Female,77667.74,702.0,0.39,42,North,1
30,Male,65548.04,707.0,0.7,7,East,0
51,Female,77080.0,658.0,0.17,31,East,1
25,Male,93289.69,722.0,0.63,2,West,1
41,Female,80007.01,540.0,0.74,19,East,0
56,Female,48489.86,701.0,0.45,35,North,0
58,Female,94275.04,715.0,0.38,37,West,1
32,Female,93438.75,637.0,0.31,10,East,1
24,Male,105595.81,653.0,0.69,3,West,1
46,Female,61382.81,757.0,0.26,24,South,1
63,Male,63666.14,638.0,0.36,40,North,1
57,Female,58210.15,598.0,0.49,37,West,0
54,Female,69055.64,676.0,0.65,30,West,0
68,Female,101254.62,663.0,0.74,45,South,1
46,Male,27391.56,749.0,0.31,24,West,1
61,Male,51325.38,660.0,0.74,41,East,0
54,Male,72379.38,704.0,0.43,30,West,1
25,Male,25000.0,689.0,0.76,2,South,0
67,Female,51946.23,751.0,0.23,45,South,1
26,Female,65230.19,703.0,0.44,5,North,0
50,Female,53960.55,732.0,0.27,28,West,1
29,Female,72757.95,690.0,0.42,8,West,0
41,Female,67120.46,709.0,0.38,20,South,1
68,Male,60068.64,547.0,0.37,45,South,1
57,Female,49072.78,666.0,0.64,33,North,0
24,Male,48038.24,723.0,0.69,1,South,0
37,Male,46773.67,730.0,0.41,14,South,1
33,Male,56218.46,772.0,0.46,9,East,1
23,Female,51384.81,658.0,0.2,1,North,0
37,Female,60190.87,653.0,0.55,17,South,0
24,Male,25000.0,761.0,0.18,4,West,1
41,Female,40746.8,767.0,0.12,19,North,1
54,Male,69495.83,831.0,0.78,33,East,1
41,Female,81738.57,756.0,0.66,19,East,0
66,Female,51838.56,598.0,0.41,42,East,1
60,Male,55804.34,781.0,0.17,40,West,1
43,Female,73030.2,616.0,0.62,22,West,0
44,Male,25000.0,781.0,0.23,21,West,1
42,Female,30524.52,721.0,0.16,21,North,0
40,Male,73229.06,677.0,0.18,18,South,1
57,Male,65501.42,691.0,0.19,37,East,1
36,Male,71477.04,718.0,0.12,12,North,1
67,Female,76724.82,628.0,0.33,45,North,1
67,Female,69326.9,783.0,0.5,45,West,1
45,Female,60400.26,523.0,0.61,21,South,0
50,Female,79952.8,618.0,0.52,27,East,0
54,Male,56136.3,592.0,0.42,33,West,1
50,Male,55187.43,787.0,0.24,28,West,1
44,Female,80909.67,666.0,0.31,22,East,1
37,Male,104796.9,672.0,0.79,14,South,1
30,Female,70163.09,613.0,0.58,8,East,0
57,Male,102859.94,780.0,0.35,33,East,1
44,Female,52969.92,629.0,0.71,22,North,0
42,Female,48824.26,683.0,0.26,18,East,0
27,Male,73357.36,791.0,0.6,3,West,1
54,Male,56762.57,717.0,0.51,34,East,1
34,Male,49192.74,642.0,0.24,13,West,1
69,Male,33638.07,707.0,0.32,45,West,1
22,Male,66127.36,628.0,0.51,2,West,0
51,Male,76393.99,765.0,0.73,27,South,1
26,Male,29094.41,706.0,0.45,6,West,0
56,Male,61419.44,626.0,0.46,32,West,1
57,Female,55586.02,707.0,0.46,36,North,1
41,Female,25000.0,652.0,0.78,18,North,0
47,Female,47133.74,657.0,0.27,25,East,0
49,Male,58202.32,604.0,0.71,27,East,0
43,Male,59762.84,662.0,0.7,21,South,0
61,Female,43244.02,569.0,0.28,39,North,1
24,Female,25163.23,757.0,0.57,4,East,0
32,Male,48261.61,620.0,0.6,10,West,0
33,Male,69367.85,707.0,0.77,11,East,0
33,Female,71694.88,688.0,0.23,10,South,1
32,Male,46094.86,655.0,0.19,12,West,1
43,Male,108375.96,708.0,0.66,19,North,1
30,Male,65994.16,755.0,0.79,8,East,0
34,Male,77489.3,594.0,0.74,11,North,0
64,Male,79358.59,737.0,0.23,43,South,1
66,Female,57638.86,690.0,0.27,45,South,1
44,Male,41791.89,669.0,0.33,24,West,1
37,Female,48211.55,694.0,0.39,15,North,0
39,Male,69973.16,626.0,0.27,16,South,1
68,Female,50191.45,656.0,0.1,45,East,1
51,Male,71984.5,702.0,0.55,30,South,1
33,Male,90086.0,769.0,0.44,13,East,1
61,Female,127801.42,737.0,0.22,37,North,1
35,Male,50975.96,656.0,0.29,14,West,1
49,Male,55431.87,683.0,0.17,27,East,1
41,Female,80889.35,718.0,0.69,20,North,0
38,Male,89830.54,722.0,0.46,18,East,1
65,Male,82540.57,745.0,0.5,41,East,1
36,Female,83169.94,636.0,0.22,13,South,1
22,Female,92673.29,741.0,0.14,0,West,1
67,Female,90898.21,647.0,0.21,45,South,1
26,Female,60419.66,725.0,0.31,5,North,0
69,Male,55369.0,683.0,0.13,45,West,1
59,Female,65041.8,613.0,0.34,39,South,1
60,Male,50885.74,717.0,0.7,38,West,1
51,Female,73958.17,543.0,0.26,29,South,1
43,Female,99898.35,665.0,0.2,22,East,1
23,Male,27630.67,679.0,0.68,1,West,0
45,Female,45088.25,668.0,0.12,25,East,1
65,Male,43160.68,662.0,0.18,42,East,1
60,Male,94972.27,740.0,0.74,40,North,1
49,Male,67692.8,627.0,0.42,29,South,1
32,Female,54603.86,714.0,0.61,10,West,0
61,Female,46949.58,694.0,0.46,40,North,1
61,Male,77997.94,645.0,0.27,37,East,1
64,Female,110252.66,700.0,0.56,40,East,1
25,Male,90926.74,695.0,0.65,5,East,1
25,Male,80688.33,611.0,0.43,2,West,1
37,Male,45261.54,788.0,0.26,14,South,1
30,Female,70465.88,635.0,0.24,8,East,0
30,Male,73230.08,594.0,0.75,8,South,0
28,Male,64715.53,645.0,0.37,7,North,1
54,Male,89260.6,660.0,0.19,33,West,1
69,Female,104993.27,639.0,0.49,45,South,1
57,Female,42908.15,655.0,0.48,36,East,0
23,Female,92312.8,764.0,0.77,0,East,0
33,Female,64469.05,786.0,0.61,13,North,0
47,Male,67338.12,650.0,0.26,24,West,1
65,Male,43265.2,675.0,0.58,42,North,1
54,Male,81349.67,660.0,0.3,32,South,1
46,Female,58609.14,638.0,0.25,25,East,1
68,Female,77723.59,676.0,0.28,45,East,1
36,Male,70154.89,676.0,0.34,16,West,1
32,Male,44596.52,717.0,0.39,11,West,1
38,Male,74775.97,689.0,0.29,17,South,1
62,Female,65199.09,659.0,0.59,40,East,0
63,Male,88251.1,732.0,0.12,40,North,1
57,Male,54526.77,636.0,0.16,37,North,1
47,Female,60411.65,608.0,0.32,23,East,0
37,Male,76572.42,599.0,0.48,13,North,1
23,Female,25000.0,556.0,0.61,0,North,0
54,Male,69041.36,689.0,0.41,34,East,1
30,Female,79818.0,634.0,0.17,10,East,1
54,Male,76113.18,685.0,0.29,30,South,1
23,Female,46859.68,700.0,0.35,1,North,0
37,Female,54151.53,634.0,0.7,17,West,0
47,Female,62387.84,680.0,0.55,23,East,0
55,Male,58942.64,780.0,0.29,33,North,1
50,Female,57708.61,630.0,0.49,26,West,0
33,Male,65270.61,764.0,0.31,9,South,1
34,Female,66909.48,722.0,0.15,12,South,1
35,Male,51504.63,585.0,0.2,11,South,1
44,Female,54994.39,604.0,0.32,21,West,0
46,Female,42880.46,765.0,0.12,24,East,1
59,Female,53525.63,805.0,0.29,38,South,1
61,Male,41844.56,679.0,0.43,38,East,1
38,Male,65200.73,618.0,0.4,17,East,1
36,Female,35738.53,803.0,0.46,16,West,0
28,Male,56940.0,665.0,0.63,8,West,0
56,Female,87242.91,625.0,0.62,34,South,1
33,Female,99704.55,725.0,0.27,9,East,1
41,Male,42510.97,596.0,0.27,17,West,1
22,Female,65096.71,665.0,0.65,0,North,0
40,Male,69426.65,685.0,0.24,20,West,1
67,Female,44773.73,703.0,0.47,43,South,1
31,Male,62970.63,600.0,0.61,11,South,0
54,Male,74229.72,768.0,0.78,33,West,1
52,Male,85508.7,714.0,0.13,30,West,1
36,Male,72482.57,723.0,0.57,16,East,1
25,Male,64292.7,787.0,0.63,2,South,0
65,Male,66383.41,649.0,0.25,44,East,1
34,Male,27842.97,708.0,0.68,12,South,0
40,Female,75780.71,598.0,0.61,18,East,0
69,Female,77380.49,683.0,0.16,45,South,1
50,Male,79961.64,506.0,0.68,28,North,0
57,Female,59026.01,569.0,0.46,33,West,0
24,Male,37174.85,775.0,0.26,2,West,1
38,Female,94798.53,559.0,0.65,16,West,0
66,Female,73274.57,602.0,0.28,45,North,1
40,Female,30633.61,677.0,0.15,16,South,0
50,Male,27546.57,665.0,0.41,30,South,1
39,Female,65203.39,728.0,0.63,15,North,0
47,Male,36002.47,738.0,0.64,23,East,0
50,Female,25000.0,644.0,0.72,29,South,0
43,Female,65080.68,687.0,0.38,23,West,1
67,Male,43456.16,679.0,0.44,44,North,1
37,Male,57519.55,710.0,0.28,14,East,1
36,Male,68210.89,642.0,0.34,16,South,1
66,Female,66376.07,705.0,0.58,44,North,1
52,Male,94436.18,667.0,0.2,30,South,1
39,Female,87211.25,592.0,0.37,15,South,1
30,Male,85750.18,591.0,0.57,8,South,0
25,Male,47519.93,790.0,0.7,4,West,0
49,Female,133194.68,725.0,0.5,27,West,1
34,Male,38614.09,822.0,0.61,11,South,0
23,Female,61891.89,680.0,0.62,1,East,0
49,Male,60723.08,687.0,0.14,25,West,1
38,Female,74137.14,765.0,0.52,16,East,0
25,Male,55305.43,617.0,0.32,4,West,0
61,Male,67441.46,641.0,0.71,37,West,1
36,Female,47062.59,628.0,0.56,15,South,0
69,Female,45777.86,654.0,0.26,45,North,1
62,Male,67428.93,789.0,0.24,39,East,1
69,Male,71709.19,728.0,0.73,45,North,1
56,Female,52049.31,734.0,0.76,33,East,0
28,Female,55375.96,797.0,0.73,8,East,0
38,Female,57988.91,847.0,0.12,15,East,1
52,Male,96290.94,645.0,0.58,30,East,1
33,Female,62673.61,675.0,0.39,11,South,0
28,Female,59062.93,664.0,0.54,5,West,0
32,Female,101317.06,664.0,0.36,10,South,1
46,Female,63914.0,742.0,0.38,24,West,1
66,Male,63723.89,657.0,0.78,45,South,1
41,Male,38730.92,802.0,0.39,18,East,1
54,Male,81327.05,650.0,0.15,33,South,1
25,Male,66840.84,532.0,0.15,4,South,1
30,Male,49100.26,667.0,0.53,9,South,0
44,Male,88745.32,626.0,0.29,22,West,1
66,Female,86972.68,690.0,0.37,45,East,1
54,Male,52021.39,558.0,0.55,33,South,0
44,Male,38253.54,664.0,0.72,22,West,0
38,Male,61755.07,567.0,0.28,17,East,1
60,Male,107407.04,669.0,0.71,40,East,1
58,Female,60700.79,703.0,0.11,36,West,1
39,Male,42865.45,792.0,0.39,16,East,1
34,Male,50698.08,587.0,0.14,12,South,1
40,Female,67807.65,633.0,0.28,17,West,1
56,Male,79056.07,748.0,0.7,36,West,1
32,Female,73647.45,757.0,0.41,10,North,0
33,Male,56947.15,732.0,0.69,10,East,0
45,Male,25000.0,733.0,0.34,24,West,1
40,Female,87761.87,721.0,0.47,16,East,1
49,Female,65178.88,631.0,0.54,25,South,0
68,Male,66853.09,637.0,0.3,45,East,1
39,Male,32699.73,558.0,0.5,19,North,0
57,Female,71438.64,664.0,0.34,34,North,1
59,Male,79741.11,651.0,0.15,35,West,1
44,Male,95416.39,627.0,0.78,21,South,1
61,Male,25000.0,691.0,0.56,37,West,0
29,Female,53753.79,725.0,0.48,9,East,0
60,Female,67570.3,662.0,0.14,40,East,1
61,Male,66699.86,745.0,0.13,39,South,1
39,Female,42868.72,661.0,0.59,19,West,0
67,Female,76780.61,687.0,0.77,45,North,0
60,Female,42951.36,680.0,0.55,40,West,0
41,Male,69235.98,739.0,0.18,21,East,1
60,Male,56884.96,668.0,0.14,37,South,1
54,Male,25000.0,691.0,0.48,34,South,1
31,Female,60287.18,678.0,0.73,8,North,0
61,Male,84643.45,752.0,0.36,38,East,1
49,Female,75348.41,654.0,0.74,29,North,0
46,Male,52424.97,630.0,0.59,24,North,0
33,Male,67648.79,524.0,0.55,10,West,0
28,Female,63692.72,712.0,0.15,4,East,1
60,Female,76089.53,603.0,0.2,36,West,1
48,Male,72943.03,731.0,0.25,28,North,1
39,Male,39726.23,637.0,0.26,19,North,1
68,Female,47402.78,693.0,0.44,45,North,1
51,Male,95181.88,704.0,0.67,27,West,1
39,Female,47002.1,831.0,0.7,15,North,0
64,Male,63016.57,645.0,0.38,44,South,1
27,Male,43616.31,494.0,0.18,4,East,0
43,Female,77404.17,756.0,0.57,19,South,0
23,Male,69176.35,676.0,0.44,2,East,1
64,Male,45861.27,669.0,0.63,42,East,1
32,Male,66045.59,738.0,0.71,10,North,0
38,Female,60823.65,673.0,0.44,15,East,0
44,Male,43340.07,607.0,0.65,21,North,0
36,Male,87648.26,679.0,0.19,13,South,1
49,Male,28784.73,563.0,0.55,26,South,0
25,Female,97428.17,751.0,0.62,3,West,0
65,Female,70499.11,707.0,0.5,45,East,1
37,Female,95847.42,603.0,0.6,13,South,0
45,Female,83460.19,664.0,0.48,25,West,1
41,Male,79213.94,671.0,0.72,20,South,0
32,Male,58551.66,695.0,0.76,11,West,0
56,Male,78509.91,567.0,0.19,36,North,1
32,Female,65522.21,659.0,0.14,10,North,1
25,Female,65810.22,714.0,0.16,1,East,1
60,Female,38902.44,501.0,0.32,38,North,0
49,Female,73594.37,546.0,0.51,27,North,0
56,Female,75415.1,722.0,0.35,36,North,1
59,Male,64095.8,636.0,0.14,36,West,1
65,Male,38502.22,712.0,0.34,42,West,1
63,Female,50812.76,718.0,0.63,41,West,0
56,Female,88018.99,739.0,0.54,32,East,1
58,Female,63400.34,790.0,0.67,38,South,0
31,Male,42856.86,713.0,0.7,10,South,0
47,Female,67221.86,648.0,0.47,24,East,0
27,Female,83411.02,650.0,0.38,4,South,0
63,Male,69142.05,577.0,0.75,43,East,1
54,Female,69360.09,695.0,0.61,30,South,0
28,Male,50029.71,732.0,0.28,6,East,1
43,Female,60105.64,715.0,0.66,23,North,0
63,Female,67911.88,565.0,0.58,40,West,0
31,Female,53158.88,607.0,0.3,7,South,0
37,Female,95004.87,725.0,0.31,17,East,1
66,Male,78384.35,678.0,0.36,44,East,1
57,Female,35672.09,710.0,0.33,37,South,1
22,Male,46602.93,604.0,0.5,2,West,0
45,Male,47993.55,749.0,0.4,25,North,1
61,Male,84821.96,664.0,0.47,41,West,1
43,Male,54081.1,700.0,0.22,22,North,1
57,Female,63422.98,574.0,0.52,36,North,0
47,Female,73511.58,633.0,0.67,23,North,0
37,Male,71615.09,639.0,0.4,14,North,1
25,Female,34837.13,639.0,0.32,4,North,0
32,Female,63987.1,668.0,0.44,10,South,0
45,Male,78303.44,720.0,0.56,24,North,1
69,Female,75096.39,781.0,0.16,45,West,1
66,Female,68922.08,753.0,0.25,45,West,1
33,Female,56205.15,584.0,0.59,12,West,0
29,Female,25000.0,755.0,0.1,9,West,0
61,Female,74276.19,633.0,0.76,37,West,0
64,Female,64987.54,739.0,0.43,44,West,1
34,Male,42216.38,695.0,0.24,14,North,1
35,Male,59198.49,676.0,0.31,15,East,1
61,Female,69984.53,748.0,0.38,41,West,1
51,Male,25000.0,602.0,0.43,29,West,0
69,Male,50161.33,647.0,0.26,45,South,1
39,Female,50644.04,686.0,0.29,19,South,0
38,Male,36146.34,590.0,0.79,15,West,0
31,Male,25000.0,665.0,0.16,8,South,1
55,Female,64744.03,732.0,0.12,31,West,1
55,Male,47761.08,599.0,0.23,35,West,1
44,Male,62540.47,662.0,0.51,23,East,1
65,Male,96057.17,666.0,0.37,41,West,1
63,Female,64366.94,711.0,0.77,42,West,0
56,Female,25277.29,552.0,0.44,32,North,0
55,Female,53934.72,674.0,0.42,32,East,0
34,Female,74251.49,757.0,0.19,12,West,1
68,Male,97682.27,576.0,0.3,44,North,1
47,Male,96606.52,663.0,0.38,24,South,1
29,Female,49725.14,666.0,0.17,6,South,0
65,Male,68406.25,582.0,0.43,43,East,1
38,Male,104102.61,523.0,0.32,17,East,1
39,Male,83287.4,642.0,0.46,16,East,1
34,Female,62145.44,676.0,0.38,13,South,0
53,Female,39294.53,763.0,0.45,33,West,0
51,Female,58223.38,786.0,0.31,28,East,1
68,Female,38126.43,739.0,0.13,45,East,1
22,Female,58701.31,632.0,0.35,1,North,0
28,Male,94595.64,760.0,0.31,7,East,1
33,Female,47456.5,725.0,0.59,11,South,0
67,Male,31914.64,546.0,0.75,45,West,0
48,Female,72232.43,709.0,0.47,28,North,1
31,Female,57804.99,806.0,0.49,9,East,0
51,Male,81061.3,612.0,0.57,28,South,1
34,Male,71172.99,641.0,0.26,13,North,1
34,Female,83259.09,738.0,0.78,10,East,0
31,Female,85329.79,700.0,0.67,8,East,0
45,Female,58228.35,700.0,0.56,23,South,0
46,Male,78271.27,546.0,0.11,22,West,1
66,Male,74822.8,716.0,0.14,42,North,1
29,Male,74237.24,687.0,0.61,8,West,0
27,Female,65773.51,752.0,0.7,6,North,0
57,Female,48185.4,656.0,0.74,34,North,0
52,Male,82496.32,720.0,0.13,31,South,1
40,Female,52140.71,748.0,0.29,18,North,1
23,Male,47450.15,773.0,0.56,0,East,0
59,Male,74398.78,723.0,0.47,38,West,1
23,Male,99651.78,717.0,0.14,0,West,1
24,Male,75597.55,645.0,0.21,3,East,1
59,Male,42276.86,847.0,0.43,35,South,1
43,Female,37636.64,597.0,0.29,22,South,0
41,Female,87382.49,804.0,0.59,19,South,1
42,Male,92321.07,636.0,0.56,20,East,1
55,Male,69831.01,737.0,0.19,32,East,1
64,Male,63186.53,648.0,0.53,42,East,1
63,Male,25000.0,741.0,0.2,43,West,1
42,Female,71598.27,716.0,0.78,21,North,0
30,Male,84961.75,709.0,0.29,7,South,1
48,Female,88109.97,736.0,0.4,28,South,1
32,Female,74448.29,660.0,0.66,12,West,0
29,Female,66513.27,754.0,0.62,9,North,0
38,Female,67660.34,796.0,0.72,14,East,0
56,Female,51748.45,667.0,0.38,32,East,1
65,Male,64475.75,780.0,0.13,43,North,1
46,Male,74747.82,707.0,0.62,23,South,1
69,Female,63767.47,563.0,0.66,45,South,0
43,Male,80443.24,754.0,0.22,21,East,1
68,Male,40441.45,747.0,0.4,45,East,1
57,Male,46576.0,631.0,0.23,33,South,1
68,Female,51368.97,763.0,0.54,45,North,1
65,Female,73155.43,729.0,0.25,42,South,1
46,Male,27641.02,675.0,0.11,25,North,1
33,Female,67877.27,767.0,0.15,13,North,1
63,Female,108950.55,711.0,0.21,43,South,1
48,Male,53048.7,609.0,0.49,25,East,1
57,Male,82525.3,737.0,0.65,36,South,1
69,Female,56659.43,706.0,0.68,45,West,0
68,Female,71823.68,759.0,0.61,45,West,1
36,Female,83086.14,725.0,0.27,14,South,1
23,Male,49814.98,695.0,0.31,0,North,0
32,Female,68092.46,765.0,0.13,8,West,1
60,Female,32915.37,612.0,0.35,40,West,0
27,Female,78771.38,631.0,0.23,4,North,1
48,Female,91941.47,568.0,0.41,24,East,1
33,Female,108966.5,651.0,0.69,9,East,0
62,Male,50148.1,606.0,0.62,42,West,1
55,Female,86075.52,707.0,0.14,32,South,1
33,Female,53632.13,698.0,0.68,12,West,0
23,Male,62375.1,713.0,0.2,2,South,1
23,Male,73618.61,638.0,0.68,1,East,0
56,Female,61417.07,531.0,0.6,34,West,0
25,Female,46764.93,708.0,0.7,3,South,0
68,Male,48002.34,643.0,0.71,45,West,1
66,Male,61706.04,717.0,0.73,43,North,1
26,Male,82758.65,688.0,0.68,2,North,0
38,Male,94644.08,695.0,0.15,17,East,1
26,Female,44055.75,582.0,0.48,4,South,0
61,Female,27721.31,673.0,0.54,38,West,0
33,Male,68480.46,548.0,0.47,11,West,0
51,Male,67348.73,723.0,0.7,30,South,1
63,Female,52358.47,655.0,0.59,42,South,0
27,Male,38638.55,797.0,0.12,7,South,1
43,Male,77773.21,542.0,0.72,20,South,0
32,Female,60138.02,659.0,0.42,12,East,0
66,Female,44963.6,607.0,0.54,45,North,0
33,Male,68250.44,804.0,0.32,11,North,1
34,Female,48613.22,646.0,0.56,12,East,0
47,Male,55551.06,537.0,0.5,25,West,0
54,Male,56894.51,788.0,0.63,30,South,1
46,Female,65339.29,687.0,0.77,25,East,0
34,Male,86622.55,756.0,0.76,10,West,0
41,Female,45989.54,687.0,0.43,20,South,0
37,Male,36524.48,675.0,0.25,17,North,1
56,Male,77920.79,648.0,0.55,35,South,1
50,Male,44265.09,583.0,0.33,26,North,1
60,Male,62534.82,645.0,0.29,39,West,1
45,Female,85148.85,627.0,0.41,21,East,1
33,Female,63937.99,748.0,0.7,9,North,0
68,Female,32842.76,654.0,0.4,45,West,0
26,Female,25000.0,653.0,0.31,3,East,0
29,Male,31190.02,574.0,0.47,8,West,0
41,Male,80299.94,837.0,0.73,19,East,1
42,Male,34842.92,641.0,0.58,21,East,0
26,Male,69479.58,630.0,0.66,5,South,0
24,Female,70023.85,663.0,0.73,1,East,0
46,Male,93096.09,728.0,0.21,25,South,1
22,Female,70991.55,802.0,0.31,0,South,1
48,Female,54981.53,702.0,0.19,24,South,1
65,Female,27342.73,588.0,0.56,42,North,0
45,Male,82140.57,774.0,0.77,23,West,1
57,Female,67832.22,627.0,0.31,37,North,1
34,Male,47382.98,577.0,0.22,14,West,1
67,Female,37008.35,581.0,0.4,45,North,0
28,Female,46001.51,602.0,0.57,5,West,0
58,Male,72955.15,670.0,0.32,36,South,1
56,Male,79276.54,602.0,0.78,36,East,1
32,Female,69617.45,664.0,0.72,11,South,0
50,Male,50040.24,680.0,0.51,26,West,1
61,Female,37466.76,681.0,0.63,38,East,0
62,Female,35433.14,676.0,0.36,38,South,0
50,Female,63544.6,674.0,0.62,30,North,0
28,Male,32146.21,724.0,0.5,5,East,0
34,Female,99339.22,711.0,0.15,12,North,1
38,Male,67115.29,695.0,0.61,18,East,1
34,Female,62367.9,685.0,0.61,12,East,0
58,Female,84464.01,743.0,0.23,35,West,1
32,Female,81507.62,716.0,0.46,11,East,0
60,Female,82586.51,771.0,0.43,40,West,1
50,Female,48971.15,575.0,0.55,29,South,0
46,Male,70934.27,670.0,0.8,24,West,0
52,Female,53358.62,714.0,0.62,30,West,0
58,Female,94729.43,708.0,0.55,37,West,1
47,Female,73916.43,586.0,0.48,23,West,0
61,Female,86098.66,755.0,0.2,38,South,1
65,Male,75854.59,545.0,0.53,41,East,1
58,Female,69114.29,677.0,0.38,34,South,1
46,Male,67563.83,696.0,0.25,22,South,1
59,Male,92419.12,697.0,0.59,39,North,1
40,Female,80159.25,735.0,0.66,18,West,0
39,Female,117491.0,720.0,0.79,19,West,1
46,Female,104012.13,686.0,0.33,22,East,1
37,Male,65415.62,714.0,0.27,13,West,1
26,Male,100792.43,643.0,0.22,2,East,1
43,Female,71116.87,642.0,0.46,21,East,0
54,Female,72419.58,623.0,0.42,33,East,1
43,Male,32871.28,761.0,0.22,23,North,1
39,Female,98378.69,597.0,0.28,15,East,1
58,Male,66919.72,690.0,0.4,35,West,1
37,Female,87559.63,644.0,0.66,13,North,0
49,Male,25594.92,680.0,0.13,29,East,1
64,Female,79344.87,554.0,0.7,44,North,0
39,Male,49475.89,747.0,0.29,16,West,1
69,Male,40810.31,682.0,0.74,45,North,0
66,Female,73012.66,645.0,0.31,45,North,1
68,Male,61885.97,782.0,0.39,45,East,1
23,Female,101556.09,740.0,0.25,3,East,1
59,Male,51367.98,710.0,0.29,35,West,1
32,Male,83013.06,769.0,0.42,11,South,1
35,Male,58681.18,624.0,0.78,11,West,0
28,Female,47046.97,780.0,0.37,6,South,0
36,Male,75848.72,643.0,0.41,12,East,1
51,Male,34728.37,669.0,0.48,31,North,1
31,Male,67126.78,651.0,0.37,10,East,1
30,Male,98313.49,694.0,0.79,7,West,0
48,Male,90102.54,705.0,0.1,28,South,1
42,Male,60323.22,667.0,0.46,19,South,1
27,Female,89985.45,764.0,0.52,5,South,0
62,Male,43255.06,618.0,0.34,38,West,1
47,Female,102302.14,571.0,0.66,24,West,0
55,Male,53159.9,747.0,0.55,33,East,1
55,Male,61572.34,687.0,0.67,34,West,1
22,Female,67137.71,603.0,0.24,0,North,0
33,Female,68894.37,713.0,0.25,9,North,1
40,Female,93814.85,620.0,0.4,16,East,1
50,Female,57252.5,842.0,0.22,30,West,1
55,Male,56617.34,701.0,0.43,31,West,1
24,Male,82500.98,615.0,0.34,4,North,1
66,Female,88733.3,598.0,0.61,45,North,1
23,Male,128701.89,694.0,0.49,1,East,1
31,Female,71352.19,733.0,0.53,10,East,0
65,Male,69946.2,591.0,0.45,41,East,1
65,Male,55284.11,680.0,0.17,45,East,1
31,Female,46582.62,659.0,0.17,9,West,0
38,Female,60514.12,635.0,0.22,18,East,1
60,Female,60684.77,621.0,0.59,37,East,0
64,Female,62283.39,638.0,0.14,44,West,1
29,Female,62403.12,649.0,0.43,7,East,0
25,Female,56382.8,677.0,0.62,2,West,0
34,Male,43875.54,779.0,0.66,10,East,0
30,Male,44879.36,709.0,0.69,9,West,0
54,Female,83503.76,665.0,0.52,33,North,1
27,Female,60698.09,638.0,0.29,4,North,0
50,Male,80877.89,587.0,0.53,26,South,1
26,Male,45664.17,771.0,0.37,4,West,1
22,Male,87227.04,698.0,0.16,0,East,1
58,Male,105176.49,675.0,0.71,35,East,1
55,Female,70000.18,775.0,0.26,34,North,1
37,Male,55567.64,729.0,0.75,16,West,0
48,Female,76178.51,790.0,0.78,27,East,0
52,Female,106935.03,543.0,0.78,32,East,0
22,Male,70300.16,700.0,0.35,1,West,1
62,Male,69067.2,703.0,0.57,39,South,1
25,Female,36833.23,615.0,0.45,5,East,0
38,Male,42567.18,722.0,0.51,14,East,0
67,Female,74757.2,661.0,0.41,45,South,1
36,Female,31681.93,683.0,0.77,16,West,0
53,Female,70208.64,698.0,0.51,29,West,1
45,Male,65639.42,792.0,0.62,24,North,1
41,Female,48726.33,593.0,0.58,21,East,0
35,Female,88155.66,744.0,0.49,15,South,1
56,Female,68174.47,753.0,0.19,36,West,1
36,Female,53524.77,767.0,0.79,12,West,0
67,Male,65347.83,673.0,0.28,45,North,1
43,Male,42754.04,728.0,0.32,19,West,1
58,Male,42555.11,616.0,0.41,38,West,1
46,Female,54714.01,610.0,0.79,25,North,0
62,Male,74952.44,652.0,0.44,39,North,1
25,Male,102312.1,630.0,0.76,3,North,0
63,Male,86849.9,710.0,0.5,40,North,1
32,Female,54304.3,825.0,0.27,8,South,1
57,Female,90604.76,634.0,0.5,34,West,1
29,Female,72078.3,620.0,0.62,5,West,0
61,Male,53040.35,636.0,0.42,39,North,1
57,Female,77313.47,729.0,0.21,35,West,1
27,Male,79251.74,675.0,0.45,4,South,1
47,Female,43753.21,799.0,0.49,24,North,0
69,Female,54665.8,596.0,0.52,45,West,0
22,Male,78055.35,624.0,0.27,0,South,1
47,Female,69877.52,663.0,0.48,27,West,0
35,Male,57230.37,678.0,0.71,11,West,0
26,Male,35998.2,701.0,0.52,2,West,0
51,Female,93658.84,687.0,0.58,27,East,1
52,Female,100646.85,601.0,0.28,32,West,1
47,Male,85144.4,638.0,0.56,26,South,1
47,Female,78004.41,699.0,0.7,25,North,0
58,Female,71110.66,634.0,0.29,35,West,1
65,Female,82432.29,699.0,0.25,42,West,1
31,Female,67091.87,726.0,0.78,10,South,0
50,Female,106961.7,700.0,0.7,28,East,1
58,Male,82412.48,797.0,0.75,36,North,1
36,Female,48378.65,803.0,0.16,15,East,1
50,Male,41036.6,651.0,0.79,27,West,0
63,Female,54438.78,760.0,0.38,41,South,1
69,Female,65943.39,850.0,0.75,45,West,1
27,Female,59178.6,732.0,0.22,7,North,1
50,Male,90243.65,684.0,0.56,26,East,1
28,Male,68126.89,584.0,0.35,5,North,1
62,Female,56082.74,706.0,0.43,38,West,1
44,Male,43359.05,645.0,0.42,21,East,1
69,Male,93963.14,695.0,0.72,45,East,1
69,Male,71591.37,684.0,0.46,45,North,1
46,Female,34699.41,648.0,0.21,25,South,0
29,Male,94599.94,681.0,0.32,7,West,1
69,Male,68890.68,755.0,0.61,45,East,1
31,Female,79084.29,686.0,0.52,7,East,0
47,Male,25916.24,636.0,0.72,23,West,0
69,Female,43458.4,622.0,0.26,45,South,1
43,Female,40434.25,728.0,0.8,20,South,0
66,Male,64548.49,653.0,0.57,43,West,1
25,Female,100904.67,653.0,0.73,5,East,0
45,Female,64399.97,650.0,0.32,25,North,1
61,Male,60686.73,587.0,0.29,40,West,1
35,Male,47743.38,685.0,0.65,11,South,0
24,Female,98277.76,701.0,0.61,2,South,0
33,Female,55476.34,646.0,0.16,10,East,0
24,Male,65257.06,512.0,0.28,3,West,0
62,Female,107061.75,613.0,0.69,41,West,1
35,Female,42324.46,648.0,0.37,12,West,0
55,Female,93559.76,702.0,0.75,35,North,1
33,Female,53255.22,650.0,0.37,10,South,0
62,Female,25000.0,629.0,0.37,38,South,0
40,Female,67157.01,668.0,0.69,17,South,0
62,Male,64995.31,794.0,0.5,38,East,1
27,Male,53200.86,750.0,0.13,3,South,1
32,Female,39152.62,688.0,0.6,8,North,0
38,Female,45547.46,706.0,0.39,15,West,0
28,Female,37701.46,518.0,0.2,5,East,0
49,Female,40492.48,752.0,0.46,29,North,0
44,Female,58903.65,803.0,0.32,23,South,1
61,Female,53548.63,722.0,0.47,37,North,1
43,Female,67352.21,666.0,0.4,22,West,0
57,Female,79696.21,709.0,0.15,34,East,1
41,Female,76229.44,746.0,0.25,21,East,1
37,Male,32129.87,712.0,0.27,13,North,1
25,Female,65118.53,749.0,0.18,4,South,1
41,Female,63792.95,643.0,0.7,17,South,0
53,Female,101535.4,712.0,0.45,30,North,1
59,Male,82123.92,640.0,0.32,39,South,1
36,Female,25000.0,685.0,0.65,12,South,0
67,Male,63686.86,578.0,0.66,45,East,1
59,Female,65864.68,709.0,0.73,35,West,0
26,Male,80655.29,646.0,0.36,4,South,1
39,Female,94291.65,670.0,0.14,19,North,1
60,Female,54367.0,717.0,0.5,40,West,1
58,Female,65093.74,686.0,0.73,38,West,0
55,Female,96959.91,557.0,0.58,32,West,1
39,Male,79441.95,807.0,0.4,19,West,1
46,Female,75154.49,689.0,0.76,23,East,0
62,Female,40462.39,704.0,0.26,39,East,1
36,Male,71520.88,548.0,0.35,15,South,1
47,Female,83336.18,773.0,0.53,26,North,1
58,Female,59938.01,634.0,0.15,35,South,1
44,Male,61566.66,726.0,0.58,24,North,1
48,Male,63922.86,779.0,0.32,24,East,1
39,Male,63186.09,662.0,0.72,16,South,0
38,Female,64065.79,689.0,0.13,14,South,1
37,Female,89949.32,780.0,0.18,17,West,1
45,Male,78457.15,641.0,0.32,24,West,1
47,Female,42094.18,790.0,0.21,23,North,1
27,Female,59454.25,655.0,0.64,5,North,0
66,Male,50002.24,624.0,0.54,42,South,1
56,Male,72708.26,626.0,0.41,32,South,1
51,Male,54462.45,716.0,0.23,29,South,1
32,Male,49137.9,601.0,0.67,8,South,0
58,Female,80764.32,677.0,0.15,38,South,1
27,Female,59986.06,788.0,0.51,5,South,0
46,Female,67493.46,661.0,0.5,26,South,0
50,Male,91139.28,672.0,0.68,28,South,1
22,Female,69580.5,750.0,0.64,0,South,0
47,Female,89377.31,660.0,0.31,23,West,1
55,Female,41473.24,645.0,0.61,32,North,0
55,Male,63226.52,669.0,0.74,33,East,1
56,Female,66155.35,736.0,0.8,35,South,0
22,Female,33504.34,611.0,0.59,2,West,0
25,Male,84405.1,669.0,0.38,3,North,1
61,Female,26124.54,608.0,0.49,39,East,0
60,Female,60839.65,655.0,0.22,39,West,1
49,Female,50031.56,724.0,0.23,29,West,1
45,Female,69748.33,653.0,0.32,24,North,1
30,Female,30813.37,585.0,0.14,8,North,0
59,Male,74883.03,765.0,0.65,38,East,1
59,Male,78498.73,733.0,0.26,39,North,1
40,Female,68801.72,678.0,0.54,18,West,0
37,Male,44612.13,742.0,0.24,13,East,1
33,Female,32728.5,601.0,0.63,13,North,0
42,Female,59652.1,719.0,0.62,22,South,0
29,Male,60442.86,643.0,0.5,8,East,0
30,Female,72637.5,756.0,0.11,8,North,1
39,Female,66959.5,690.0,0.74,18,South,0
40,Male,93876.01,774.0,0.29,16,East,1
39,Female,52539.97,842.0,0.13,16,North,1
64,Male,44080.97,796.0,0.45,41,West,1
36,Female,62495.85,659.0,0.58,12,North,0
29,Male,51108.92,639.0,0.71,9,East,0
35,Male,103274.25,562.0,0.18,11,East,1
23,Male,72708.31,588.0,0.17,1,North,1
23,Male,84187.81,654.0,0.12,0,East,1
68,Female,115380.7,737.0,0.73,45,South,1
34,Female,93290.62,686.0,0.22,14,West,1
30,Female,89459.17,774.0,0.23,8,North,1
37,Male,27123.87,691.0,0.2,17,North,1
52,Male,58494.84,707.0,0.21,29,South,1
50,Female,40834.04,718.0,0.28,27,North,1
68,Male,63922.88,468.0,0.25,45,South,1
37,Male,70933.19,717.0,0.73,17,West,0
64,Male,59102.32,714.0,0.61,41,East,1
57,Male,101984.42,672.0,0.49,37,South,1
24,Female,82877.04,789.0,0.17,0,West,1
26,Female,54317.4,591.0,0.21,4,East,0
28,Male,54474.11,614.0,0.35,5,East,0
44,Male,118835.89,674.0,0.22,24,South,1
27,Female,42103.62,601.0,0.45,3,South,0
33,Male,88067.69,706.0,0.47,13,West,1
52,Female,56608.82,745.0,0.39,29,North,1
32,Male,103354.86,655.0,0.23,12,West,1
39,Male,74755.08,672.0,0.18,16,West,1
66,Female,66710.32,788.0,0.49,43,West,1
57,Male,36843.26,717.0,0.39,37,South,1
57,Male,83838.48,682.0,0.43,34,East,1
38,Male,75395.03,616.0,0.25,16,East,1
42,Male,92378.54,589.0,0.48,19,East,1
55,Male,51331.35,732.0,0.4,32,East,1
34,Male,67815.55,593.0,0.45,10,East,0
39,Male,60136.9,748.0,0.3,18,West,1
39,Female,49157.18,690.0,0.36,18,South,0
35,Male,52682.35,683.0,0.61,15,South,0
64,Male,57814.52,618.0,0.53,41,East,1
23,Female,95960.62,676.0,0.35,3,South,1
66,Female,84758.26,687.0,0.37,45,West,1
53,Female,42344.05,451.0,0.26,33,North,0
41,Female,57448.13,616.0,0.38,19,West,0
37,Female,78682.33,766.0,0.73,14,East,0
24,Female,50156.74,741.0,0.55,3,South,0
54,Female,69572.8,798.0,0.4,31,North,1
43,Male,68460.24,638.0,0.2,19,North,1
26,Female,34834.06,647.0,0.71,4,South,0
51,Female,88863.88,601.0,0.54,28,South,1
40,Male,54998.04,608.0,0.63,17,West,0
62,Male,80192.22,713.0,0.15,41,North,1
63,Male,62558.66,654.0,0.27,42,East,1
32,Female,54530.27,596.0,0.76,12,East,0
47,Male,78034.46,759.0,0.13,26,West,1
40,Male,61883.71,767.0,0.54,16,North,1
68,Male,71239.48,805.0,0.48,44,South,1
49,Female,52028.16,695.0,0.29,26,South,1
63,Female,85607.64,642.0,0.68,40,South,1
39,Male,32375.89,657.0,0.44,18,West,0
60,Male,64961.25,710.0,0.57,37,East,1
56,Male,78210.58,684.0,0.13,36,East,1
47,Female,63349.64,772.0,0.24,24,East,1
43,Male,109075.82,710.0,0.2,19,North,1
60,Male,51689.32,615.0,0.76,38,East,0
38,Male,65168.84,636.0,0.23,15,West,1
29,Male,98108.52,614.0,0.7,6,West,0
68,Female,57750.87,670.0,0.42,45,South,1
33,Female,37360.38,651.0,0.12,13,West,0
66,Male,45152.36,695.0,0.13,43,South,1
29,Female,58932.42,828.0,0.63,5,West,0
30,Female,86747.2,703.0,0.42,8,South,1
58,Male,59446.9,698.0,0.54,37,North,1
61,Male,50998.59,713.0,0.59,37,North,1
26,Male,104533.16,719.0,0.65,5,East,1
50,Female,30742.56,615.0,0.68,30,East,0
23,Female,41181.9,767.0,0.55,0,South,0
59,Female,101968.41,603.0,0.19,36,West,1
40,Male,58727.26,743.0,0.73,19,East,0
68,Male,70212.25,605.0,0.74,44,South,1
31,Male,50457.65,629.0,0.45,8,West,0
47,Female,38244.86,706.0,0.59,25,South,0
55,Female,96049.66,555.0,0.6,34,North,1
47,Female,64823.37,773.0,0.12,23,South,1
62,Female,53008.59,519.0,0.29,41,East,1
51,Female,54918.7,713.0,0.48,28,North,0
69,Female,62603.79,561.0,0.13,45,East,1
36,Male,87850.67,706.0,0.52,12,East,1
27,Female,84875.88,677.0,0.59,6,West,0
36,Female,52573.15,674.0,0.37,12,West,0
60,Female,67522.53,636.0,0.38,38,South,1
53,Female,85314.7,645.0,0.67,32,South,0
47,Female,42316.69,681.0,0.42,25,East,0
36,Female,81572.57,578.0,0.77,14,North,0
53,Female,71986.28,779.0,0.18,33,South,1
63,Male,55706.6,710.0,0.65,42,North,1
54,Male,98344.88,670.0,0.73,31,North,1
47,Female,57681.78,654.0,0.44,25,North,0
42,Male,25075.76,692.0,0.44,22,North,0
30,Female,87400.91,736.0,0.53,9,East,0
56,Female,59241.77,848.0,0.59,35,West,1
26,Male,91509.37,614.0,0.23,2,North,1
58,Male,75724.38,656.0,0.64,36,South,1
61,Male,60511.86,731.0,0.35,39,South,1
64,Male,47899.37,548.0,0.36,43,North,1
40,Male,94825.95,575.0,0.41,19,East,1
52,Female,40458.18,657.0,0.52,28,East,0
61,Male,81014.06,630.0,0.59,37,East,1
38,Male,37799.11,738.0,0.11,18,South,1
29,Female,53850.58,634.0,0.7,9,East,0
22,Male,83262.67,623.0,0.21,1,East,1
28,Male,33422.74,703.0,0.3,4,West,0
49,Male,46780.93,664.0,0.11,29,South,1
44,Female,74798.57,794.0,0.34,23,East,1
22,Male,89598.05,578.0,0.33,0,West,1
59,Male,53773.39,659.0,0.22,39,South,1
42,Female,77238.44,639.0,0.53,21,North,0
40,Male,62496.25,701.0,0.13,18,East,1
58,Female,60509.08,626.0,0.73,34,East,0
37,Male,70272.39,716.0,0.71,17,West,0
67,Male,65965.98,774.0,0.62,44,East,1
34,Female,91272.62,736.0,0.43,13,West,1
68,Male,77463.57,644.0,0.53,45,East,1
34,Male,87629.28,589.0,0.69,10,South,0
49,Female,37527.07,703.0,0.73,26,West,0
50,Male,66758.31,749.0,0.75,30,South,1
66,Male,83631.65,714.0,0.26,42,West,1
57,Male,64263.08,662.0,0.34,33,North,1
31,Female,62367.85,753.0,0.55,11,South,0
54,Male,66797.12,714.0,0.39,33,North,1
47,Male,38775.7,469.0,0.6,27,West,0
67,Male,74686.63,850.0,0.13,43,West,1
23,Male,33407.94,690.0,0.69,1,South,0
39,Male,38294.05,702.0,0.17,17,South,1
42,Male,58479.13,622.0,0.55,22,North,0
47,Female,52980.59,580.0,0.75,26,East,0
27,Male,96448.36,606.0,0.27,7,North,1
64,Female,61543.67,622.0,0.28,40,East,1
24,Female,70883.88,813.0,0.37,3,North,0
22,Male,65592.31,644.0,0.24,2,North,1
69,Female,57636.46,686.0,0.1,45,West,1
67,Male,89795.65,736.0,0.66,43,East,1
42,Male,64039.85,739.0,0.27,18,South,1
45,Female,50405.84,610.0,0.53,21,West,0
68,Female,25000.0,614.0,0.44,45,East,0
40,Male,63782.93,631.0,0.62,17,South,0
55,Male,67484.74,749.0,0.34,34,East,1
59,Male,78013.92,535.0,0.35,37,West,1
67,Female,30509.29,644.0,0.62,45,East,0
38,Female,73112.97,675.0,0.33,18,West,1
25,Female,49807.76,698.0,0.6,5,North,0
68,Female,40674.12,662.0,0.79,45,East,0
42,Male,91761.38,576.0,0.25,21,South,1
58,Female,25000.0,751.0,0.8,34,South,0
49,Male,53916.71,740.0,0.22,27,East,1
52,Female,52469.18,722.0,0.37,32,South,1
35,Female,49799.38,719.0,0.11,12,West,1
33,Female,65901.38,538.0,0.35,13,East,0
51,Female,64402.42,641.0,0.31,28,West,1
38,Male,100692.81,686.0,0.5,18,East,1
52,Male,51982.27,819.0,0.34,28,West,1
32,Female,85785.23,601.0,0.2,10,East,1
38,Male,45037.48,616.0,0.58,18,North,0
51,Male,54649.77,678.0,0.21,29,West,1
58,Female,74733.27,535.0,0.53,34,North,0
56,Male,63381.49,745.0,0.42,33,North,1
34,Female,69434.85,675.0,0.64,12,East,0
22,Male,69609.31,683.0,0.36,0,North,1
35,Female,70728.69,661.0,0.21,11,North,1
53,Male,42496.71,607.0,0.42,31,North,1
37,Female,75738.48,670.0,0.61,14,South,0
44,Female,67584.99,634.0,0.49,23,West,0
61,Female,84810.33,599.0,0.64,39,West,1
41,Female,36139.84,664.0,0.38,20,North,0
53,Female,65908.54,683.0,0.14,30,East,1
51,Male,79231.87,751.0,0.47,28,South,1
42,Male,67190.73,637.0,0.24,21,West,1
32,Male,54887.74,685.0,0.25,9,East,1
63,Female,78662.01,627.0,0.29,41,North,1
41,Male,63993.84,608.0,0.32,17,West,1
53,Female,83963.24,713.0,0.42,31,North,1
53,Male,75016.23,664.0,0.35,33,East,1
30,Female,72997.47,727.0,0.66,7,East,0
67,Male,50076.66,722.0,0.64,44,South,1
29,Male,54420.02,601.0,0.15,7,West,1
68,Male,81035.66,694.0,0.19,45,North,1
30,Female,83299.06,761.0,0.72,10,North,0
52,Male,64567.9,645.0,0.11,29,West,1
41,Female,29730.65,656.0,0.37,17,West,0
38,Female,68747.97,600.0,0.13,15,West,1
55,Male,44213.13,486.0,0.13,31,North,1
28,Male,66225.01,780.0,0.25,8,West,1
52,Female,104715.59,683.0,0.25,30,West,1
49,Male,96364.11,718.0,0.13,27,West,1
46,Male,51024.07,765.0,0.49,25,South,1
61,Female,25000.0,727.0,0.71,39,East,0
31,Male,75134.79,826.0,0.34,11,East,1
36,Male,52532.87,551.0,0.75,16,East,0
53,Male,63966.95,646.0,0.6,29,East,1
53,Male,51045.49,831.0,0.19,30,South,1
48,Female,47368.12,539.0,0.66,24,East,0
47,Female,84980.03,733.0,0.68,24,South,0
25,Male,145311.55,607.0,0.55,1,West,1
59,Male,73382.32,755.0,0.51,35,North,1
36,Female,76846.49,698.0,0.44,16,South,0
69,Male,64048.43,693.0,0.65,45,South,1
47,Male,48172.07,787.0,0.73,23,North,0
31,Male,71620.16,615.0,0.57,7,South,0
28,Female,59752.07,658.0,0.7,7,North,0
47,Female,45320.96,660.0,0.48,25,North,0
51,Male,78561.6,700.0,0.76,29,North,1
22,Male,66263.82,691.0,0.2,2,East,1
39,Female,77731.42,726.0,0.38,19,South,1
60,Female,54062.83,643.0,0.25,38,West,1
25,Male,67683.44,773.0,0.78,5,West,0
49,Female,112344.11,620.0,0.67,25,East,1
39,Male,30787.14,672.0,0.25,18,West,1
26,Male,86526.21,850.0,0.16,6,South,1
26,Female,63622.56,721.0,0.21,2,North,0
23,Female,75036.19,655.0,0.68,1,South,0
40,Female,59555.81,832.0,0.61,20,East,0
30,Female,65972.64,643.0,0.74,10,South,0
35,Female,78146.88,652.0,0.3,12,East,1
55,Female,52071.31,634.0,0.42,32,North,0
43,Male,78891.4,617.0,0.24,23,East,1
59,Female,61577.02,548.0,0.46,36,North,0
62,Male,41119.47,770.0,0.65,40,North,1
47,Male,60723.35,626.0,0.45,23,East,1
60,Male,84438.5,737.0,0.64,38,North,1
50,Female,113223.99,757.0,0.28,27,East,1
26,Male,57119.49,689.0,0.42,5,West,0
22,Female,72406.7,582.0,0.31,0,South,0
60,Male,81602.73,676.0,0.6,40,South,1
55,Female,67098.72,781.0,0.5,32,West,1
59,Female,87156.82,727.0,0.54,38,North,1
43,Male,79808.58,607.0,0.49,19,West,1
48,Female,83202.28,694.0,0.66,25,East,0
51,Female,37803.35,725.0,0.44,31,East,0
44,Female,65431.02,635.0,0.56,22,North,0
44,Male,69640.2,663.0,0.71,24,North,0
65,Male,33541.21,646.0,0.49,45,East,1
56,Male,74348.89,692.0,0.7,36,West,1
30,Female,62882.75,525.0,0.67,6,South,0
24,Female,82612.69,722.0,0.1,4,East,1
42,Male,63997.27,772.0,0.72,20,East,0
68,Female,87724.15,600.0,0.73,45,East,1
34,Male,53135.9,698.0,0.11,11,West,1
44,Female,82603.58,710.0,0.27,21,North,1
29,Female,80622.7,673.0,0.23,9,East,1
55,Female,38205.43,778.0,0.26,31,East,1
59,Male,56767.2,658.0,0.23,38,East,1
42,Female,54319.2,709.0,0.71,22,North,0
52,Male,92495.26,615.0,0.18,31,East,1
32,Male,55339.63,850.0,0.14,10,East,1
51,Female,73610.56,721.0,0.74,30,North,0
69,Male,65810.19,576.0,0.8,45,West,1
50,Male,96353.0,668.0,0.34,28,South,1
65,Male,53909.45,694.0,0.18,42,South,1
69,Female,38858.94,682.0,0.14,45,South,1
54,Male,63372.64,630.0,0.43,32,East,1
31,Male,72714.47,762.0,0.55,9,North,1
64,Female,37835.74,789.0,0.39,42,West,1
22,Male,55910.97,753.0,0.23,1,North,1
40,Male,87054.09,713.0,0.32,19,South,1
62,Female,66418.5,750.0,0.38,39,South,1
38,Male,66662.38,647.0,0.76,17,East,0
49,Male,62370.5,622.0,0.54,29,North,1
64,Male,36624.59,608.0,0.45,40,East,1
35,Male,90352.37,741.0,0.48,11,West,1
48,Female,100725.9,682.0,0.65,25,East,1
27,Female,65492.9,668.0,0.64,4,North,0
57,Female,66478.04,763.0,0.26,34,East,1
36,Male,93803.27,750.0,0.17,16,West,1
28,Male,64236.71,688.0,0.5,5,West,0
41,Male,28802.4,642.0,0.48,21,West,0
37,Female,74459.56,634.0,0.25,13,South,1
24,Female,58143.17,727.0,0.46,3,East,0
32,Female,51285.12,709.0,0.67,9,South,0
31,Male,69760.39,619.0,0.49,8,West,0
69,Female,49062.67,722.0,0.16,45,South,1
30,Female,65312.02,816.0,0.68,7,West,0
60,Female,50665.11,777.0,0.46,37,North,1
55,Female,54263.85,744.0,0.79,35,East,0
31,Male,86888.5,612.0,0.77,8,East,0
59,Female,68407.27,684.0,0.37,35,South,1
49,Female,91108.09,787.0,0.67,29,South,1
25,Male,74617.38,786.0,0.41,3,West,1
67,Male,59479.2,793.0,0.6,43,East,1
54,Female,75437.8,574.0,0.16,33,East,1
49,Female,64629.53,669.0,0.55,28,North,0
34,Male,109162.41,636.0,0.79,14,East,1
31,Male,64816.27,720.0,0.24,11,South,1
52,Male,25000.0,763.0,0.28,29,East,1
40,Male,29222.34,655.0,0.56,18,West,0
58,Female,79942.94,572.0,0.3,38,East,1
33,Female,57392.59,669.0,0.62,10,East,0
63,Female,54893.54,731.0,0.61,40,East,0
30,Male,78862.11,624.0,0.3,9,North,1
50,Male,83698.19,642.0,0.5,27,East,1
22,Female,52197.34,630.0,0.2,0,West,0
27,Male,75931.23,697.0,0.34,7,North,1
59,Female,44994.26,736.0,0.56,38,West,0
68,Female,72024.88,720.0,0.68,45,West,1
33,Male,36797.13,695.0,0.46,11,North,0
57,Male,93762.39,601.0,0.58,34,South,1
38,Female,107104.02,720.0,0.45,17,North,1
28,Female,71059.24,734.0,0.44,7,West,0
43,Female,34656.12,746.0,0.11,20,North,1
69,Male,56398.28,681.0,0.66,45,North,1
25,Female,70668.7,646.0,0.71,1,North,0
38,Male,58188.82,662.0,0.26,14,South,1
61,Female,38470.22,727.0,0.66,40,South,0
65,Male,82470.51,660.0,0.12,42,South,1
47,Male,83372.23,629.0,0.31,26,East,1
67,Male,80381.78,818.0,0.18,45,West,1
24,Female,91175.4,689.0,0.46,1,South,0
46,Male,36502.53,728.0,0.48,26,North,1
27,Male,66675.46,768.0,0.7,3,West,0
44,Female,84670.65,643.0,0.73,21,East,0
63,Female,88025.61,583.0,0.35,39,East,1
50,Male,69771.72,696.0,0.44,29,West,1
51,Male,47049.66,610.0,0.32,29,East,1
23,Female,45739.78,632.0,0.7,3,West,0
38,Female,55618.45,736.0,0.26,17,West,1
26,Female,59852.06,636.0,0.11,2,South,0
64,Female,66909.65,796.0,0.64,43,East,1
68,Male,73086.55,730.0,0.3,45,West,1
42,Female,73120.39,772.0,0.68,19,North,0
49,Male,89012.32,737.0,0.69,26,East,1
38,Female,46153.04,620.0,0.54,16,West,0
35,Male,80388.81,630.0,0.23,14,West,1
29,Male,82836.36,591.0,0.4,5,West,1
66,Male,55736.99,568.0,0.22,45,South,1
59,Male,88359.39,773.0,0.18,38,East,1
63,Female,61897.8,638.0,0.26,43,South,1
27,Female,91349.53,805.0,0.23,5,East,1
28,Male,71397.28,724.0,0.1,7,East,1
32,Male,62047.43,678.0,0.63,8,South,0
45,Male,48149.25,745.0,0.6,25,North,1
47,Male,70332.87,628.0,0.47,25,North,1
28,Female,40229.59,767.0,0.33,5,West,0
62,Female,85501.75,708.0,0.31,42,East,1
26,Male,57492.37,639.0,0.15,5,North,1
49,Male,40562.9,582.0,0.17,25,West,1
59,Female,63248.45,591.0,0.42,36,East,1
44,Female,38945.73,691.0,0.1,22,East,1
49,Male,52492.39,632.0,0.72,27,South,0
55,Male,51069.81,725.0,0.12,35,West,1
55,Male,67519.95,698.0,0.47,32,East,1
58,Female,46121.26,639.0,0.78,34,North,0
32,Male,31502.64,664.0,0.11,11,South,1
34,Female,30718.17,786.0,0.41,13,South,0
61,Male,41823.71,730.0,0.17,40,South,1
55,Male,45397.72,704.0,0.33,35,West,1
43,Male,46379.98,679.0,0.56,23,South,0
37,Female,88956.05,657.0,0.23,17,North,1
35,Male,84115.13,648.0,0.35,14,West,1
45,Female,49829.44,661.0,0.32,22,West,0
26,Male,25000.0,699.0,0.63,5,North,0
37,Female,63203.01,655.0,0.6,15,West,0
50,Male,102109.4,669.0,0.62,27,West,1
54,Female,53826.84,541.0,0.33,33,South,0
56,Male,58806.74,678.0,0.64,35,West,1
65,Female,31506.68,720.0,0.25,41,North,1
24,Female,83214.85,641.0,0.43,3,East,0
55,Male,41256.33,739.0,0.11,34,South,1
52,Male,67261.84,598.0,0.43,28,West,1
30,Female,59133.53,686.0,0.35,7,South,0
40,Female,51040.2,756.0,0.55,20,West,0
42,Female,68398.84,643.0,0.51,22,East,0
45,Male,50425.96,602.0,0.42,22,East,1
32,Female,63560.97,559.0,0.26,8,North,0
53,Male,41219.83,774.0,0.67,29,West,0
64,Male,82843.59,587.0,0.73,43,North,1
68,Male,83616.2,627.0,0.58,45,North,1
44,Female,34644.56,727.0,0.56,22,West,0
27,Male,74541.01,807.0,0.6,6,South,1
50,Male,33419.38,643.0,0.77,26,East,0
69,Female,45715.15,621.0,0.38,45,South,1
59,Male,48057.44,705.0,0.27,38,North,1
41,Male,62477.82,708.0,0.44,19,South,1
25,Female,60963.08,669.0,0.66,2,East,0
66,Female,71136.02,620.0,0.17,42,West,1
22,Male,50297.2,552.0,0.45,0,South,0
41,Male,47009.3,698.0,0.59,21,North,0
25,Male,91709.04,679.0,0.41,2,West,1
31,Male,89497.64,747.0,0.76,8,North,0
27,Male,122694.42,712.0,0.21,3,South,1
36,Male,72095.62,750.0,0.15,13,West,1
54,Female,75017.41,749.0,0.23,34,North,1
37,Male,56938.54,613.0,0.53,15,East,0
30,Male,79637.05,503.0,0.76,6,West,0
25,Female,81414.87,663.0,0.56,4,North,0
35,Female,74085.1,550.0,0.27,15,West,0
27,Male,57658.83,640.0,0.2,3,West,1
54,Female,67442.87,719.0,0.77,34,West,0
57,Female,62076.44,631.0,0.33,35,West,1
65,Male,71073.57,688.0,0.46,44,West,1
58,Female,46286.48,719.0,0.49,38,West,0
36,Female,40632.86,677.0,0.45,13,East,0
34,Female,78155.22,616.0,0.68,12,South,0
61,Male,67987.56,698.0,0.11,40,East,1
52,Female,44805.11,723.0,0.48,32,East,0
58,Male,70123.72,850.0,0.75,37,West,1
57,Female,40642.55,540.0,0.17,34,North,1
47,Male,49561.13,638.0,0.75,25,South,0
43,Female,61786.36,723.0,0.24,21,North,1
30,Male,72973.4,693.0,0.74,10,East,0
46,Female,40380.92,540.0,0.15,24,East,0
69,Female,63543.74,603.0,0.74,45,East,0
66,Male,41969.8,703.0,0.5,45,South,1
23,Female,28166.38,626.0,0.59,0,South,0
46,Male,38697.84,629.0,0.42,26,East,1
55,Female,73823.69,747.0,0.35,35,South,1
63,Male,64127.51,691.0,0.2,41,South,1
66,Male,69834.99,635.0,0.57,45,West,1
43,Male,58196.26,608.0,0.56,20,West,0
38,Male,25000.0,792.0,0.4,16,South,0
68,Male,56992.28,728.0,0.34,45,West,1
64,Male,68442.27,652.0,0.22,44,North,1
23,Male,39676.61,669.0,0.59,0,North,0
60,Male,92136.04,737.0,0.32,38,East,1
27,Female,51006.68,678.0,0.79,7,West,0
39,Male,62514.43,587.0,0.56,16,North,0
67,Female,28139.81,504.0,0.1,43,South,1
49,Male,60852.08,722.0,0.62,26,South,1
53,Male,49703.48,674.0,0.64,31,South,0
42,Male,38379.17,704.0,0.78,19,West,0
41,Female,55338.58,663.0,0.38,18,South,0
23,Male,76314.32,646.0,0.35,0,South,1
46,Male,34864.87,691.0,0.22,25,South,1
67,Male,56829.88,643.0,0.59,43,North,1
30,Female,88198.99,740.0,0.43,9,South,1
27,Female,41682.7,746.0,0.24,5,West,0
68,Female,89903.91,700.0,0.22,45,West,1
56,Female,87572.61,615.0,0.69,33,East,0
47,Male,45827.16,632.0,0.72,26,West,0
68,Male,68293.68,602.0,0.64,45,North,1
47,Female,94901.95,647.0,0.22,26,South,1
54,Female,55455.88,622.0,0.24,30,West,1
59,Female,96120.55,741.0,0.48,35,West,1
28,Female,112966.38,750.0,0.38,8,South,1
63,Female,62394.76,657.0,0.66,40,South,0
25,Female,64215.93,570.0,0.21,3,East,0
22,Female,84879.68,618.0,0.45,0,West,0
61,Female,85220.2,758.0,0.37,39,South,1
34,Female,48686.47,718.0,0.75,10,West,0
62,Female,97993.9,677.0,0.28,41,East,1
52,Female,54867.24,816.0,0.12,30,East,1
24,Female,61247.39,548.0,0.6,3,West,0
43,Male,52682.44,755.0,0.21,21,West,1
49,Female,54481.78,622.0,0.23,28,North,1
54,Male,61820.59,718.0,0.34,32,East,1
55,Female,60687.07,704.0,0.32,35,West,1
36,Female,63372.52,763.0,0.71,16,South,0
30,Female,80231.17,786.0,0.2,6,North,1
39,Female,54066.33,675.0,0.7,15,South,0
58,Male,85543.55,732.0,0.68,38,South,1
62,Male,45766.95,463.0,0.53,39,North,0
63,Male,36722.43,695.0,0.67,39,East,0
54,Female,40893.27,616.0,0.22,31,South,1
67,Female,56035.67,601.0,0.21,45,West,1
56,Female,77719.1,672.0,0.43,35,South,1
64,Female,51597.82,628.0,0.2,44,South,1
54,Male,54229.87,603.0,0.61,33,East,0
47,Female,96399.99,667.0,0.11,27,East,1
38,Male,67222.17,697.0,0.44,15,West,1
56,Male,80925.63,696.0,0.15,32,North,1
62,Male,78893.09,738.0,0.26,38,North,1
63,Male,85289.49,607.0,0.18,43,North,1
41,Male,73366.19,739.0,0.16,19,South,1
64,Female,70259.02,618.0,0.26,42,West,1
36,Male,98835.0,746.0,0.4,14,South,1
63,Female,62609.05,754.0,0.18,39,North,1
29,Male,92498.99,573.0,0.2,9,East,1
64,Female,75635.96,764.0,0.49,40,East,1
49,Male,78939.82,685.0,0.56,29,North,1
59,Male,39045.97,815.0,0.67,39,South,1
64,Female,85231.56,838.0,0.69,43,North,1
27,Female,93251.47,683.0,0.45,6,East,0
42,Female,51023.8,624.0,0.47,22,East,0
43,Male,77618.49,591.0,0.3,23,South,1
25,Male,50325.83,741.0,0.51,2,West,0
27,Male,59422.61,663.0,0.66,7,South,0
25,Female,47387.32,651.0,0.2,3,East,0
48,Female,74725.1,658.0,0.73,27,East,0
51,Male,47145.87,629.0,0.34,28,East,1
57,Female,78603.62,660.0,0.36,37,East,1
39,Female,89974.23,617.0,0.43,17,South,1
52,Female,98868.38,552.0,0.57,32,West,1
52,Male,58499.31,599.0,0.77,31,East,0
65,Male,65242.08,579.0,0.75,43,South,1
57,Female,46838.4,653.0,0.11,34,East,1
34,Male,57013.73,689.0,0.75,13,East,0
43,Male,66080.93,614.0,0.35,21,South,1
66,Male,71957.96,733.0,0.34,44,East,1
43,Male,92308.53,810.0,0.65,20,North,1
38,Female,48942.6,538.0,0.39,14,South,0
41,Female,82238.84,712.0,0.26,18,South,1
65,Male,80388.51,588.0,0.77,43,North,1
50,Female,44250.02,728.0,0.8,26,West,0
30,Female,60010.01,616.0,0.29,7,West,0
26,Female,82490.76,827.0,0.46,5,North,1
59,Female,27869.33,850.0,0.3,36,North,1
65,Female,66794.27,561.0,0.68,41,West,0
48,Male,55207.96,758.0,0.26,26,North,1
66,Female,82657.78,522.0,0.44,42,North,1
41,Male,78450.23,822.0,0.34,17,East,1
53,Female,63974.12,694.0,0.51,33,North,1
38,Female,63657.24,721.0,0.43,18,North,0
65,Male,81040.6,792.0,0.27,45,West,1
24,Female,78142.66,732.0,0.56,4,West,0
56,Male,106767.86,825.0,0.53,35,North,1
40,Female,53083.15,629.0,0.69,16,South,0
34,Male,69808.21,696.0,0.65,14,West,0
26,Female,61523.79,598.0,0.79,6,East,0
51,Female,45348.78,705.0,0.34,28,West,0
58,Female,81550.74,621.0,0.39,37,East,1
63,Male,99229.85,650.0,0.43,42,North,1
29,Female,75209.66,714.0,0.77,8,West,0
22,Male,64376.83,689.0,0.49,2,North,0
55,Female,63820.75,573.0,0.27,33,West,1
68,Female,67169.01,643.0,0.61,44,East,1
23,Male,33017.16,739.0,0.59,3,West,0
26,Female,25000.0,669.0,0.66,6,East,0
50,Female,87829.96,682.0,0.79,28,North,0
38,Male,75439.21,586.0,0.44,18,West,1
42,Male,54098.42,652.0,0.15,19,East,1
68,Female,55196.27,692.0,0.7,45,South,0
31,Female,72112.68,767.0,0.3,11,South,1
34,Male,83933.13,697.0,0.35,13,East,1
54,Female,49824.29,737.0,0.24,33,East,1
55,Female,41433.83,628.0,0.31,34,North,0
29,Male,50359.2,606.0,0.47,5,East,0
53,Male,82587.57,675.0,0.57,33,North,1
25,Female,58594.88,666.0,0.38,4,West,0
47,Male,51899.16,753.0,0.27,25,West,1
45,Female,77538.48,656.0,0.55,22,North,0
29,Female,63276.45,667.0,0.56,9,South,0
25,Male,69520.48,686.0,0.49,3,South,0
67,Female,64423.72,630.0,0.18,45,South,1
50,Female,68424.8,659.0,0.68,30,North,0
64,Female,38900.86,637.0,0.58,42,North,0
68,Male,48909.68,664.0,0.47,45,West,1
35,Female,83458.1,704.0,0.71,12,West,0
52,Female,52387.58,665.0,0.3,29,East,1
69,Male,38719.12,713.0,0.48,45,West,1
28,Female,63575.53,647.0,0.13,7,East,1
57,Female,65016.68,533.0,0.58,34,South,0
45,Female,67223.44,690.0,0.59,23,East,0
55,Female,57333.43,705.0,0.67,34,East,0
67,Female,53304.29,659.0,0.24,45,North,1
27,Female,43160.88,693.0,0.69,7,South,0
63,Female,77045.21,614.0,0.59,39,West,1
38,Female,66722.39,689.0,0.34,17,West,1
57,Male,123505.61,767.0,0.1,37,West,1
57,Male,93153.22,769.0,0.59,33,South,1
39,Female,78360.47,736.0,0.11,17,East,1
69,Male,89568.1,579.0,0.16,45,South,1
35,Male,68446.15,607.0,0.66,13,East,0
59,Male,74998.43,758.0,0.41,36,North,1
41,Female,52427.54,739.0,0.48,19,West,0
38,Female,74981.69,641.0,0.42,14,West,0
23,Male,52512.96,642.0,0.52,3,East,0
60,Male,70590.11,720.0,0.7,36,South,1
51,Female,70731.05,758.0,0.69,29,East,0
36,Male,64288.89,590.0,0.47,15,North,1
25,Female,70041.54,666.0,0.12,2,South,1
49,Male,77098.28,597.0,0.22,28,South,1
31,Female,36459.57,609.0,0.13,10,West,0
35,Female,67974.62,684.0,0.39,15,West,0
43,Female,65716.25,643.0,0.15,19,West,1
54,Male,89602.8,627.0,0.37,34,North,1
50,Female,104292.24,771.0,0.45,28,South,1
67,Male,50702.83,656.0,0.59,45,West,1
42,Male,81922.23,671.0,0.53,21,East,1
54,Female,51592.66,752.0,0.76,30,East,0
38,Female,48946.94,708.0,0.2,16,North,1
25,Male,68726.82,598.0,0.74,1,West,0
28,Male,49224.28,789.0,0.55,5,West,0
54,Female,50793.79,745.0,0.63,33,East,0
46,Male,57656.01,831.0,0.43,26,North,1
25,Female,84835.87,660.0,0.79,1,East,0
69,Female,62837.09,753.0,0.67,45,North,1
45,Male,68108.53,572.0,0.76,24,South,0
66,Male,74532.53,724.0,0.71,44,East,1
26,Male,82862.58,730.0,0.2,3,North,1
40,Female,73482.46,621.0,0.6,17,East,0
69,Male,49925.77,700.0,0.68,45,East,1
44,Female,101386.51,687.0,0.19,23,East,1
33,Male,51724.05,574.0,0.26,9,East,1
49,Male,41885.43,734.0,0.14,27,East,1
56,Female,59867.31,619.0,0.74,35,West,0
25,Female,80618.35,643.0,0.14,1,South,1
65,Male,69692.59,639.0,0.32,43,South,1
28,Male,81361.59,774.0,0.58,6,North,1
32,Female,67411.77,758.0,0.22,8,North,1
42,Female,44161.54,634.0,0.71,21,West,0
39,Male,36824.44,717.0,0.26,16,West,1
53,Male,60167.6,657.0,0.15,33,North,1
57,Male,79287.56,633.0,0.75,34,West,1
55,Male,87092.33,695.0,0.79,31,North,1
24,Male,64832.33,713.0,0.49,0,South,0
30,Male,77901.52,847.0,0.1,7,South,1
26,Male,94634.93,625.0,0.45,2,East,1
60,Female,53153.71,710.0,0.79,40,West,0
49,Male,86781.32,804.0,0.36,29,East,1
39,Female,60651.23,636.0,0.34,19,North,0
39,Female,96137.98,513.0,0.13,16,South,1
41,Male,61998.56,716.0,0.27,19,South,1
46,Female,45619.76,737.0,0.74,25,North,0
52,Male,64702.52,768.0,0.48,32,North,1
68,Female,79647.92,720.0,0.12,45,North,1
28,Male,44127.15,654.0,0.57,4,South,0
61,Female,53916.74,691.0,0.74,39,North,0
24,Female,84805.44,635.0,0.47,4,North,0
52,Male,93124.8,686.0,0.55,31,East,1
32,Male,82333.67,712.0,0.66,9,West,0
43,Female,64910.92,772.0,0.75,21,South,0
54,Female,100544.86,817.0,0.12,30,West,1
50,Male,58534.48,791.0,0.31,27,North,1
32,Male,78652.77,629.0,0.11,8,North,1
69,Female,28981.91,670.0,0.78,45,West,0
50,Male,35445.06,651.0,0.52,29,East,0
57,Male,76124.66,727.0,0.79,35,West,1
41,Male,64469.16,734.0,0.72,19,East,0
63,Female,72964.64,682.0,0.25,42,West,1
34,Female,90215.32,726.0,0.21,13,South,1
55,Female,68461.3,675.0,0.76,35,South,0
43,Female,54331.29,713.0,0.47,19,South,0
43,Male,97124.03,722.0,0.73,21,South,1
28,Male,41861.3,620.0,0.73,4,West,0
31,Male,70858.78,692.0,0.48,9,East,1
30,Male,58095.03,626.0,0.64,9,West,0
40,Female,53833.98,589.0,0.26,19,West,0
34,Female,59886.71,619.0,0.61,13,West,0
36,Male,95202.59,754.0,0.76,14,East,1
61,Male,109161.2,659.0,0.39,41,West,1
59,Male,74142.88,808.0,0.52,35,West,1
48,Female,66508.42,685.0,0.28,24,West,1
48,Female,60729.59,684.0,0.13,28,South,1
54,Female,44480.22,627.0,0.49,33,West,0
43,Male,82706.29,850.0,0.43,21,South,1
38,Male,35994.03,597.0,0.33,17,North,0
62,Female,67382.34,773.0,0.38,41,South,1
68,Female,64223.94,716.0,0.36,45,South,1
40,Male,62179.03,674.0,0.29,17,East,1
46,Female,74354.84,595.0,0.74,25,South,0
55,Male,83269.4,706.0,0.28,33,West,1
60,Female,57376.6,617.0,0.67,36,West,0
37,Male,80857.13,678.0,0.43,16,South,1
48,Male,52358.13,754.0,0.13,28,South,1
22,Female,50998.64,643.0,0.57,1,West,0
61,Male,88060.79,748.0,0.76,38,North,1
35,Male,78729.21,630.0,0.23,13,North,1
52,Female,50637.04,691.0,0.24,30,East,1
32,Female,72180.56,602.0,0.56,9,South,0
64,Female,60750.14,699.0,0.15,41,West,1
26,Female,59506.4,695.0,0.58,3,West,0
22,Male,42043.23,567.0,0.67,0,North,0
43,Male,74631.09,713.0,0.19,19,South,1
56,Female,72081.82,705.0,0.72,32,South,0
69,Female,58024.43,777.0,0.17,45,East,1
58,Female,56028.97,641.0,0.31,36,West,1
60,Male,60031.15,672.0,0.37,39,West,1
55,Male,86435.69,670.0,0.19,33,West,1
58,Male,80995.14,595.0,0.63,37,West,1
44,Female,58033.2,647.0,0.16,23,West,1
61,Female,99879.6,660.0,0.24,37,South,1
52,Male,46163.38,678.0,0.79,31,North,0
36,Male,69396.31,701.0,0.34,13,East,1
50,Male,37428.37,706.0,0.77,29,North,0
57,Female,91149.97,677.0,0.58,34,North,1
26,Female,81772.94,584.0,0.39,2,South,0
22,Male,55703.45,701.0,0.74,0,South,0
22,Male,59607.05,649.0,0.74,0,North,0
46,Female,66977.07,613.0,0.22,26,West,1
30,Male,97765.73,613.0,0.33,9,East,1
66,Female,57645.74,750.0,0.74,45,North,0
46,Female,66623.75,774.0,0.72,23,East,0
47,Male,64983.83,663.0,0.71,25,East,0
65,Female,39252.59,622.0,0.16,45,North,1
63,Female,68141.63,700.0,0.46,42,South,1
32,Female,58159.89,779.0,0.7,12,South,0
45,Female,55053.18,641.0,0.36,22,South,0
53,Male,73201.22,743.0,0.29,32,South,1
37,Female,66710.12,633.0,0.43,14,North,0
58,Female,59592.49,737.0,0.31,36,North,1
54,Male,73514.38,662.0,0.74,34,East,1
42,Male,96232.22,746.0,0.22,18,South,1
30,Female,75265.89,711.0,0.47,7,East,0
39,Female,67783.09,794.0,0.16,15,North,1
41,Male,70377.97,646.0,0.44,20,East,1
62,Female,60301.05,731.0,0.31,42,North,1
58,Female,70079.52,624.0,0.6,34,West,0
51,Female,36624.16,654.0,0.13,28,West,1
54,Female,102020.19,675.0,0.15,34,East,1
36,Male,71778.08,774.0,0.3,14,West,1
51,Male,95522.09,757.0,0.25,28,North,1
32,Female,64744.25,632.0,0.23,10,East,0
40,Male,102155.24,717.0,0.24,17,East,1
30,Male,73149.92,615.0,0.52,9,South,0
42,Female,73184.21,715.0,0.33,18,East,1
43,Female,81771.71,743.0,0.21,19,West,1
49,Male,74071.45,657.0,0.12,25,West,1
22,Female,54183.56,595.0,0.42,0,North,0
29,Male,65032.01,688.0,0.44,5,East,1
34,Female,65463.08,682.0,0.45,11,North,0
68,Female,36147.44,670.0,0.37,45,South,1
47,Male,67791.63,686.0,0.17,27,West,1
65,Female,74917.6,617.0,0.63,42,East,0
44,Male,91119.12,714.0,0.31,23,West,1
30,Female,60901.59,751.0,0.68,9,South,0
45,Male,58966.04,688.0,0.74,21,East,0
26,Female,47254.72,683.0,0.58,5,South,0
43,Male,26916.13,636.0,0.79,21,East,0
58,Female,80707.99,683.0,0.63,34,South,1
46,Female,57381.39,592.0,0.29,26,West,1
41,Female,49549.97,620.0,0.44,17,West,0
31,Female,56017.34,665.0,0.25,11,East,0
59,Female,74615.37,665.0,0.12,36,North,1
41,Male,52601.61,731.0,0.75,19,West,0
45,Female,66858.19,634.0,0.27,21,West,1
36,Female,46730.96,748.0,0.73,13,West,0
58,Female,72682.58,808.0,0.6,34,East,1
58,Male,25000.0,588.0,0.38,37,North,1
43,Female,84520.45,671.0,0.32,19,West,1
58,Male,38203.85,742.0,0.31,35,North,1
23,Male,63453.26,562.0,0.57,2,East,0
67,Female,75107.85,685.0,0.34,45,West,1
24,Male,93613.71,780.0,0.51,3,South,1
30,Male,64056.72,658.0,0.58,6,West,0
61,Male,82486.07,636.0,0.18,41,West,1
28,Female,53641.38,756.0,0.11,4,North,1
23,Male,96401.02,605.0,0.3,0,North,1
68,Male,49759.44,624.0,0.25,44,West,1
63,Female,33859.09,554.0,0.58,41,North,0
43,Male,45024.58,555.0,0.79,19,East,0
32,Male,71861.7,770.0,0.33,9,North,1
65,Female,45966.55,666.0,0.7,41,East,0
45,Male,103231.38,640.0,0.68,23,North,1
64,Female,62367.99,674.0,0.14,40,East,1
45,Female,83469.12,759.0,0.52,23,North,1
40,Male,51414.62,749.0,0.77,17,West,0
42,Male,102704.48,617.0,0.36,18,West,1
31,Male,69456.89,613.0,0.7,7,South,0
61,Female,41835.95,733.0,0.65,41,South,0
25,Male,69783.44,634.0,0.2,1,South,1
63,Male,98255.1,714.0,0.14,42,West,1
53,Male,55425.93,606.0,0.11,32,West,1
47,Female,72455.85,754.0,0.76,25,East,0
51,Male,67932.75,817.0,0.42,29,West,1
25,Female,88250.68,703.0,0.71,1,North,0
65,Male,63642.64,661.0,0.45,44,East,1
67,Female,106985.69,629.0,0.54,45,East,1
65,Male,93863.94,700.0,0.47,44,South,1
47,Male,80562.35,636.0,0.53,26,East,1
49,Female,56905.75,745.0,0.11,27,North,1
53,Male,81908.85,558.0,0.78,29,North,0
37,Female,57986.01,647.0,0.37,13,West,0
30,Male,82000.07,706.0,0.5,10,North,1
61,Male,45601.34,632.0,0.12,39,East,1
39,Female,58272.27,762.0,0.28,17,West,1
50,Female,78411.03,559.0,0.53,30,West,0
47,Male,74761.46,799.0,0.74,24,East,1
24,Female,81521.3,724.0,0.42,1,West,0
58,Female,48792.28,771.0,0.66,36,North,0
53,Male,84208.4,708.0,0.34,31,South,1
65,Female,73101.1,778.0,0.7,41,North,1
25,Male,44961.73,635.0,0.5,5,West,0
31,Female,82301.85,651.0,0.55,8,South,0
68,Female,112861.16,667.0,0.72,45,West,1
57,Female,46962.97,747.0,0.65,35,East,0
41,Male,76823.97,637.0,0.1,19,South,1
36,Male,50977.43,694.0,0.14,14,North,1
49,Male,106009.94,682.0,0.58,25,South,1
41,Male,93377.75,658.0,0.42,21,West,1
41,Male,47374.4,691.0,0.4,20,West,1
56,Female,61912.14,678.0,0.45,36,South,1
48,Female,88247.11,649.0,0.26,27,West,1
26,Male,67177.27,717.0,0.28,4,West,1
37,Female,49278.31,697.0,0.12,13,North,1
28,Female,88249.51,737.0,0.26,6,South,1
40,Male,50148.27,715.0,0.64,17,West,0
30,Female,95443.19,756.0,0.38,7,East,1
35,Male,72306.48,595.0,0.25,12,North,1
68,Male,46099.85,772.0,0.55,45,North,1
65,Male,63235.86,652.0,0.33,43,East,1
60,Male,58280.85,721.0,0.8,40,West,1
55,Female,62434.33,781.0,0.4,33,North,1
59,Female,57634.6,720.0,0.73,38,West,0
49,Female,64643.77,708.0,0.73,25,South,0
41,Male,80208.21,725.0,0.55,19,North,1
37,Male,76540.77,755.0,0.42,16,South,1
40,Male,93163.91,772.0,0.12,17,North,1
48,Male,76757.61,785.0,0.53,25,South,1
59,Female,67640.94,657.0,0.22,39,West,1
35,Female,78999.06,733.0,0.57,14,West,0
31,Male,39167.06,654.0,0.11,8,North,1
22,Female,87937.39,645.0,0.41,2,North,0
63,Female,95995.74,661.0,0.24,43,South,1
41,Female,56694.88,708.0,0.26,20,West,1
56,Male,51068.95,650.0,0.61,36,West,1
35,Female,66471.12,697.0,0.12,12,East,1
28,Male,89232.34,695.0,0.65,8,West,1
39,Male,75815.8,666.0,0.57,17,West,1
62,Female,98731.72,688.0,0.71,38,East,1
42,Male,41753.93,688.0,0.56,19,North,0
47,Male,33778.01,698.0,0.74,25,North,0
28,Female,80116.82,721.0,0.14,5,South,1
37,Female,58021.89,750.0,0.25,13,West,1
44,Male,37848.26,524.0,0.57,20,West,0
38,Female,42154.04,506.0,0.53,15,East,0
43,Male,38233.35,519.0,0.35,23,East,0
46,Female,75533.88,681.0,0.51,22,North,0
53,Male,54846.15,641.0,0.24,31,West,1
64,Female,54888.0,635.0,0.45,40,West,1
46,Female,73884.01,668.0,0.74,22,East,0
51,Male,110995.62,687.0,0.36,31,North,1
67,Male,88530.25,624.0,0.4,43,North,1
65,Female,82956.45,657.0,0.33,42,West,1
25,Female,30649.25,751.0,0.28,4,West,0
52,Male,61274.32,704.0,0.29,30,West,1
37,Female,36941.69,604.0,0.55,16,North,0
32,Female,93682.83,739.0,0.29,8,North,1
49,Female,75057.9,610.0,0.38,28,South,1
36,Female,120340.65,746.0,0.34,13,West,1
24,Female,64710.06,716.0,0.35,2,South,0
46,Female,64559.16,602.0,0.3,22,North,1
39,Female,50290.9,672.0,0.61,19,East,0
25,Female,86718.08,726.0,0.35,5,East,1
29,Female,65360.03,644.0,0.58,9,South,0
47,Female,99316.86,644.0,0.48,25,West,1
54,Female,25000.0,644.0,0.36,31,West,0
28,Male,66781.47,669.0,0.72,8,West,0
26,Male,44170.21,509.0,0.23,4,North,0
49,Male,70092.2,773.0,0.79,25,West,1
50,Female,71546.64,773.0,0.57,28,South,1
56,Male,101078.69,728.0,0.15,36,West,1
60,Female,101282.8,636.0,0.43,39,West,1
25,Male,67435.93,645.0,0.17,1,East,1
50,Female,83676.54,563.0,0.32,30,West,1
47,Female,53534.06,811.0,0.27,23,South,1
51,Female,60107.95,572.0,0.54,31,South,0
49,Male,65751.4,827.0,0.46,27,East,1
34,Male,100354.42,724.0,0.44,10,West,1
26,Female,45065.76,580.0,0.58,4,South,0
63,Female,31059.97,696.0,0.33,42,West,1
43,Male,108049.73,672.0,0.4,21,East,1
64,Female,34633.45,653.0,0.17,44,North,1
53,Male,82619.66,688.0,0.37,30,North,1
31,Male,44319.53,731.0,0.16,7,South,1
50,Female,74890.17,693.0,0.78,28,East,0
52,Female,60408.02,673.0,0.71,30,West,0
35,Male,66875.73,743.0,0.6,11,North,0
39,Female,52961.89,791.0,0.62,16,West,0
66,Male,79872.44,771.0,0.58,43,West,1
57,Female,66649.72,627.0,0.15,36,North,1
25,Female,32957.39,620.0,0.3,4,South,0
68,Female,90698.49,735.0,0.8,45,North,1
50,Female,85994.69,748.0,0.74,27,North,0
33,Male,86444.26,537.0,0.56,9,East,0
56,Female,54602.2,767.0,0.77,33,North,0
49,Male,55919.08,622.0,0.11,27,West,1
32,Female,50498.36,710.0,0.13,9,West,1
32,Male,37948.38,615.0,0.42,12,East,0
40,Male,101637.51,672.0,0.69,20,North,1
63,Female,68264.45,638.0,0.52,40,West,1
33,Female,52116.46,584.0,0.57,11,North,0
25,Male,38866.62,643.0,0.46,1,East,0
34,Male,77271.96,632.0,0.14,14,North,1
46,Male,71894.83,665.0,0.21,25,South,1
26,Female,67098.53,745.0,0.36,2,West,0
41,Female,49256.31,653.0,0.62,21,East,0
44,Male,53451.36,745.0,0.5,21,West,1
41,Female,67207.38,773.0,0.53,19,North,0
69,Male,54491.89,726.0,0.69,45,East,1
66,Male,62262.63,595.0,0.62,45,South,1
35,Male,27656.43,648.0,0.25,13,North,0
63,Male,40982.06,716.0,0.66,42,West,1
