age,gender,income,credit_score,debt_ratio,employment_years,region,approved
50,Female,43401.94,566.0,0.539,17.4,East,0
40,Female,103705.21,701.0,0.333,4.5,North,1
57,Male,84850.91,626.0,0.348,2.8,East,1
37,Male,62942.97,603.0,0.38,7.1,South,1
42,Female,78216.94,628.0,0.146,2.7,South,1
46,Female,91325.35,675.0,0.39,1.9,East,0
32,Male,55403.56,519.0,0.249,13.6,North,1
63,Male,36603.69,698.0,0.481,1.0,South,0
44,Female,73011.54,584.0,0.56,8.1,North,0
43,Male,88266.51,588.0,0.57,0.1,North,0
35,Female,55560.98,579.0,0.329,8.9,East,0
38,Male,57224.42,619.0,0.32,4.0,North,1
47,Male,84660.97,617.0,0.106,16.5,North,1
58,Female,71862.59,651.0,0.552,12.7,South,0
47,Male,86776.16,641.0,0.676,10.9,North,0
38,Female,77743.67,763.0,0.576,3.5,South,0
57,Male,41673.65,704.0,0.321,13.6,North,1
60,Female,57581.53,679.0,0.239,4.7,South,1
58,Female,71908.53,624.0,0.416,12.7,North,0
61,Male,59764.26,636.0,0.214,5.0,South,1
28,Male,36360.26,643.0,0.452,2.5,North,0
46,Male,96852.33,557.0,0.333,4.1,South,1
51,Female,30000.0,657.0,0.277,12.0,North,1
34,Female,52820.97,678.0,0.514,6.4,South,0
47,Male,63298.93,604.0,0.432,4.2,South,0
41,Female,38584.12,506.0,0.414,12.3,East,0
55,Male,98305.03,688.0,0.47,12.1,North,1
26,Female,46522.06,675.0,0.466,8.5,North,0
56,Female,68257.11,658.0,0.385,0.0,East,0
55,Male,80506.48,713.0,0.45,0.7,North,1
33,Male,30000.0,667.0,0.32,11.9,East,0
43,Male,89308.66,676.0,0.34,4.9,North,1
51,Male,82307.7,746.0,0.353,3.1,South,1
49,Female,83650.85,741.0,0.328,10.5,South,0
61,Female,58840.46,632.0,0.453,18.9,East,0
24,Male,76985.52,597.0,0.269,6.2,North,1
37,Female,69942.66,691.0,0.417,10.3,South,1
29,Female,92614.29,671.0,0.595,0.0,South,0
58,Female,53252.52,564.0,0.726,1.7,North,0
45,Male,84475.08,731.0,0.297,11.8,South,1
48,Male,51472.63,725.0,0.534,7.9,North,1
56,Female,35044.8,744.0,0.312,10.8,East,1
47,Female,70504.09,577.0,0.277,1.0,South,1
36,Male,63760.74,669.0,0.595,4.9,South,0
62,Female,119903.17,600.0,0.466,7.2,South,1
41,Male,109043.41,575.0,0.119,0.3,North,1
48,Male,47557.12,769.0,0.532,7.8,North,1
26,Female,67738.15,595.0,0.408,7.5,East,1
35,Male,101014.92,666.0,0.324,6.5,North,1
52,Male,30000.0,607.0,0.451,11.8,East,1
34,Male,54654.56,595.0,0.386,5.4,North,0
29,Male,80616.8,690.0,0.1,5.9,North,1
45,Male,76808.8,767.0,0.327,3.7,East,1
62,Male,49825.55,767.0,0.163,2.7,North,1
50,Male,44115.21,677.0,0.587,13.9,North,0
30,Female,30000.0,597.0,0.145,9.2,East,0
28,Male,68356.85,687.0,0.432,13.1,South,1
53,Female,93672.63,640.0,0.435,5.1,East,0
45,Female,50141.85,672.0,0.265,6.9,East,1
22,Male,77603.09,602.0,0.258,0.0,North,1
64,Male,119779.88,734.0,0.1,13.6,North,1
33,Male,64918.41,759.0,0.184,7.5,East,1
50,Female,63819.68,784.0,0.696,9.5,South,0
34,Female,54997.17,670.0,0.654,17.3,South,1
26,Female,63210.13,613.0,0.41,2.7,South,0
42,Female,76806.86,664.0,0.374,12.0,South,1
49,Female,73298.58,588.0,0.145,10.3,South,1
24,Female,94478.99,567.0,0.654,3.0,South,0
38,Male,74087.75,599.0,0.413,6.7,North,0
57,Male,96313.79,738.0,0.577,2.3,North,0
57,Male,30000.0,684.0,0.231,16.3,East,1
31,Male,52656.42,790.0,0.332,16.0,North,1
23,Female,56628.06,786.0,0.288,0.0,South,0
38,Male,65434.51,564.0,0.345,8.2,North,1
63,Female,80704.62,559.0,0.352,5.8,South,0
46,Male,41686.53,763.0,0.329,5.3,North,1
33,Male,38676.75,621.0,0.374,7.6,North,0
22,Male,60244.95,724.0,0.526,1.6,North,0
54,Male,67319.63,584.0,0.494,4.4,East,0
46,Male,80325.79,544.0,0.285,0.0,North,0
32,Male,60820.57,835.0,0.466,3.9,South,1
33,Female,30000.0,671.0,0.512,0.0,South,0
25,Female,88205.88,801.0,0.465,0.5,South,1
25,Male,66527.54,814.0,0.262,3.6,South,1
29,Male,82587.52,594.0,0.32,3.1,North,1
23,Male,93238.05,637.0,0.249,6.2,North,1
61,Male,75913.63,584.0,0.451,3.9,North,1
48,Male,65054.89,553.0,0.689,10.1,East,0
44,Female,77129.96,594.0,0.136,0.0,North,0
53,Female,30000.0,605.0,0.427,0.0,South,0
29,Female,83473.5,627.0,0.179,21.1,North,0
57,Male,76268.84,700.0,0.465,13.0,South,1
61,Male,43257.61,720.0,0.449,2.7,East,1
60,Male,70934.81,657.0,0.683,12.4,North,0
59,Female,66625.7,673.0,0.187,2.9,South,1
62,Male,78779.58,708.0,0.234,8.8,North,1
46,Male,58539.54,631.0,0.419,13.5,South,1
36,Male,83483.94,649.0,0.521,2.1,North,1
61,Male,69231.12,759.0,0.266,4.8,North,1
25,Female,61043.26,721.0,0.572,10.5,South,0
29,Male,54664.32,680.0,0.22,11.2,South,1
28,Male,71377.11,658.0,0.649,10.7,East,0
55,Female,41270.6,700.0,0.336,7.3,South,1
63,Female,69129.71,740.0,0.287,6.4,North,1
50,Male,53998.44,585.0,0.457,0.3,East,0
44,Male,94578.33,703.0,0.251,5.1,East,1
30,Female,68891.44,589.0,0.412,12.4,East,0
56,Male,30000.0,666.0,0.338,8.3,North,1
30,Male,46670.68,735.0,0.365,3.7,North,1
62,Female,51072.28,565.0,0.191,8.6,South,1
60,Female,56038.37,559.0,0.266,4.1,South,0
61,Male,121546.48,631.0,0.212,4.6,North,1
63,Male,73172.86,677.0,0.434,0.0,North,0
49,Female,49243.53,646.0,0.191,0.1,South,0
47,Female,46447.79,681.0,0.1,10.2,South,0
27,Male,126896.58,622.0,0.451,0.3,North,1
33,Female,83466.65,656.0,0.136,0.0,North,0
37,Male,73130.03,560.0,0.1,0.0,East,1
49,Male,45556.64,527.0,0.46,8.4,North,0
48,Female,38071.28,595.0,0.186,4.2,East,1
34,Male,70051.35,525.0,0.382,2.9,South,1
35,Male,55139.27,592.0,0.546,12.0,South,0
40,Female,79430.23,850.0,0.614,1.2,South,0
26,Male,84574.41,814.0,0.601,5.3,North,1
26,Female,50176.29,647.0,0.623,0.1,East,0
29,Male,58057.16,526.0,0.418,12.7,North,1
22,Male,65744.88,850.0,0.39,5.5,North,1
45,Female,48595.43,546.0,0.468,5.6,North,0
29,Male,77902.56,823.0,0.517,6.9,North,1
47,Male,49150.59,850.0,0.433,7.5,South,1
29,Female,67838.42,644.0,0.203,0.6,South,1
58,Female,61958.73,786.0,0.702,10.0,South,1
32,Male,76088.53,707.0,0.677,18.2,North,1
48,Female,49026.99,652.0,0.706,7.9,South,0
54,Female,33038.89,650.0,0.359,7.1,South,1
38,Male,78565.74,501.0,0.579,0.0,North,0
53,Male,53654.77,712.0,0.214,4.1,South,1
57,Male,35185.21,707.0,0.209,9.6,South,1
60,Female,67844.54,696.0,0.497,19.0,East,0
24,Female,43637.28,622.0,0.138,10.2,South,0
56,Male,66649.33,571.0,0.74,5.7,East,0
60,Female,91189.12,673.0,0.292,11.5,South,1
51,Male,71525.41,602.0,0.638,14.6,East,0
51,Male,58958.03,643.0,0.512,12.1,North,1
40,Female,46935.88,702.0,0.296,11.6,North,0
34,Female,66903.87,571.0,0.493,7.4,South,0
35,Male,56150.69,680.0,0.216,5.3,North,1
46,Female,68844.45,637.0,0.167,1.3,North,1
30,Male,50811.2,771.0,0.321,4.2,North,1
42,Female,64115.52,495.0,0.368,15.0,North,0
51,Male,77520.27,685.0,0.448,8.6,North,1
31,Male,33619.16,440.0,0.342,9.2,North,0
35,Male,52160.02,627.0,0.371,6.9,North,1
37,Male,90438.18,669.0,0.365,11.2,North,1
42,Female,65463.13,823.0,0.589,12.7,South,0
26,Female,61025.81,626.0,0.452,5.2,South,0
53,Female,30000.0,694.0,0.491,9.6,South,1
46,Male,70890.32,552.0,0.59,14.8,North,0
40,Male,77680.47,572.0,0.732,4.6,North,0
35,Male,86079.07,639.0,0.505,6.9,North,0
50,Female,69953.44,628.0,0.614,5.4,North,0
47,Female,99537.47,538.0,0.263,5.5,North,0
50,Male,88659.11,689.0,0.319,2.9,East,1
36,Female,73630.67,548.0,0.325,11.1,South,1
24,Female,50355.95,554.0,0.21,10.7,East,0
49,Female,59617.0,662.0,0.34,6.7,South,1
58,Female,55093.72,646.0,0.531,12.3,East,1
49,Male,82396.7,648.0,0.455,0.0,North,0
59,Female,41315.25,737.0,0.583,8.1,South,0
26,Female,85188.08,788.0,0.481,8.9,North,0
57,Female,31033.97,657.0,0.454,0.0,North,0
27,Male,93471.56,616.0,0.659,0.0,South,0
26,Female,57623.84,660.0,0.547,5.2,East,0
30,Male,63980.94,752.0,0.377,8.3,South,1
44,Female,33058.04,850.0,0.255,13.1,East,0
51,Male,51374.26,466.0,0.58,6.2,North,0
52,Female,51862.82,732.0,0.45,6.6,North,1
63,Female,48830.68,733.0,0.159,10.4,South,1
32,Male,51755.3,740.0,0.544,1.9,North,0
61,Female,73714.25,562.0,0.317,5.5,South,1
25,Male,55905.72,689.0,0.375,0.5,South,1
45,Male,89877.5,637.0,0.526,11.2,South,1
61,Male,46469.79,537.0,0.332,8.6,North,0
28,Female,62232.35,592.0,0.574,13.9,South,0
49,Male,43134.88,651.0,0.367,2.5,North,0
45,Female,44781.7,584.0,0.371,9.8,South,1
47,Male,69528.58,723.0,0.529,11.7,South,1
45,Male,58143.1,591.0,0.274,11.2,East,1
33,Female,40505.56,579.0,0.44,12.4,North,0
52,Female,51764.0,710.0,0.599,8.8,South,0
34,Female,67640.02,601.0,0.279,0.0,North,1
24,Male,89505.81,822.0,0.496,15.5,North,1
59,Female,52162.74,812.0,0.546,3.8,South,1
45,Male,51510.54,609.0,0.271,19.6,East,1
63,Male,42108.7,676.0,0.4,16.0,East,1
31,Female,72570.54,550.0,0.388,16.0,South,0
58,Male,57789.14,607.0,0.182,5.7,North,1
35,Male,63405.33,656.0,0.303,13.6,East,1
25,Male,93052.46,606.0,0.388,5.1,North,1
51,Male,62665.39,702.0,0.686,11.4,North,0
34,Male,76463.97,614.0,0.314,3.0,East,1
38,Female,50545.07,819.0,0.312,10.9,East,1
63,Female,44950.35,638.0,0.667,6.7,South,0
55,Female,95629.66,601.0,0.138,2.5,South,1
61,Male,60867.13,664.0,0.351,1.3,North,1
50,Male,51631.3,687.0,0.1,4.3,North,1
26,Female,48860.78,681.0,0.467,3.5,South,1
28,Female,63587.68,670.0,0.293,4.1,North,0
49,Male,43734.45,638.0,0.253,10.5,East,1
31,Female,30000.0,686.0,0.456,9.1,East,0
54,Male,75030.14,592.0,0.321,8.9,North,1
22,Male,46439.63,521.0,0.26,3.8,North,0
53,Male,51185.84,752.0,0.609,7.3,East,1
35,Male,30000.0,616.0,0.458,12.4,East,0
46,Male,57481.14,767.0,0.392,7.8,North,1
24,Male,100848.04,611.0,0.368,4.5,North,1
34,Male,61230.62,658.0,0.669,0.0,North,0
53,Female,46522.3,564.0,0.503,14.0,South,0
30,Male,49384.37,635.0,0.256,4.4,North,1
22,Female,60212.95,693.0,0.323,4.8,East,0
45,Male,80684.23,560.0,0.213,11.8,North,1
63,Male,68348.96,629.0,0.449,12.6,North,1
29,Male,97067.21,679.0,0.379,13.1,South,1
30,Male,43699.18,703.0,0.35,8.9,North,1
25,Female,56090.47,718.0,0.586,0.0,North,0
49,Male,58169.73,629.0,0.257,3.9,North,1
27,Male,85686.39,635.0,0.461,6.9,South,1
54,Female,62384.45,692.0,0.377,3.1,South,1
25,Female,77283.97,540.0,0.497,10.5,South,0
57,Male,50681.0,536.0,0.616,3.9,South,0
58,Male,49685.53,643.0,0.273,9.2,South,1
61,Female,75204.2,649.0,0.442,7.1,South,1
29,Male,30000.0,576.0,0.319,3.8,North,1
64,Male,84126.32,555.0,0.146,0.6,North,1
54,Male,87770.07,738.0,0.528,0.9,North,1
24,Female,30000.0,688.0,0.381,0.0,South,0
57,Female,88796.24,607.0,0.49,10.9,South,1
55,Female,51632.77,694.0,0.531,0.0,North,0
37,Male,45561.73,620.0,0.599,0.0,North,0
23,Male,49749.12,570.0,0.34,1.6,East,1
57,Female,58347.58,554.0,0.64,10.8,South,0
59,Female,32992.89,743.0,0.159,3.8,South,1
27,Female,52723.46,645.0,0.274,11.9,South,0
53,Female,91571.85,764.0,0.106,7.3,East,1
45,Male,45221.79,537.0,0.237,3.3,South,1
58,Female,37632.74,724.0,0.342,6.8,South,1
36,Female,76717.25,714.0,0.198,6.2,South,0
47,Male,85162.06,548.0,0.192,18.4,North,1
51,Female,61815.71,683.0,0.344,13.1,South,1
53,Male,96976.98,530.0,0.422,15.1,North,1
58,Male,41915.09,624.0,0.235,3.9,East,1
28,Male,91382.09,573.0,0.1,11.1,East,1
35,Male,73373.13,664.0,0.316,0.5,North,1
44,Male,62177.1,687.0,0.719,17.6,East,0
57,Female,64911.12,630.0,0.328,1.6,South,1
54,Male,35987.28,575.0,0.349,9.0,South,0
56,Female,51832.54,652.0,0.538,14.8,North,0
46,Male,50017.87,646.0,0.615,3.8,North,0
35,Female,60932.83,693.0,0.307,6.1,North,1
24,Male,69606.31,691.0,0.421,8.7,East,1
25,Female,84623.78,544.0,0.54,0.4,South,0
52,Male,67655.07,699.0,0.211,6.0,North,1
36,Male,43572.29,575.0,0.424,0.1,North,0
37,Male,47628.46,632.0,0.472,6.4,North,0
29,Male,38896.97,579.0,0.212,17.1,North,1
53,Female,80581.53,664.0,0.395,0.0,North,0
29,Female,95887.38,487.0,0.406,4.4,South,0
34,Male,86293.42,731.0,0.412,8.7,East,1
41,Male,60836.08,553.0,0.162,15.3,North,1
54,Male,96624.06,666.0,0.409,4.6,North,1
34,Female,114786.91,720.0,0.487,5.3,East,1
56,Female,80679.63,747.0,0.632,12.2,South,0
52,Male,53056.11,630.0,0.518,1.3,North,0
59,Male,38627.16,536.0,0.669,0.0,East,0
51,Female,39994.93,685.0,0.443,12.5,East,0
37,Female,60705.93,648.0,0.451,0.0,North,0
33,Female,51210.41,764.0,0.42,14.4,South,1
28,Male,71402.58,670.0,0.375,5.2,North,1
51,Male,38756.88,658.0,0.478,3.3,South,0
61,Male,80410.02,745.0,0.341,3.9,South,1
56,Female,76262.0,574.0,0.369,7.4,South,1
50,Male,102000.95,741.0,0.268,2.1,South,1
62,Female,84701.7,672.0,0.241,0.8,South,0
59,Male,48883.79,660.0,0.494,6.0,North,0
43,Male,39913.51,669.0,0.388,3.7,North,0
60,Male,87597.01,755.0,0.286,0.0,South,1
24,Male,61250.94,541.0,0.381,3.2,North,0
34,Male,66744.77,613.0,0.375,0.0,North,1
61,Female,96972.83,613.0,0.433,6.6,South,1
29,Male,43751.96,551.0,0.387,4.7,North,0
61,Male,30000.0,666.0,0.632,9.6,North,0
58,Male,49210.08,553.0,0.299,7.8,South,1
38,Male,60658.34,710.0,0.723,7.8,South,0
51,Female,122724.95,537.0,0.501,13.9,East,1
31,Male,69620.12,614.0,0.663,0.0,North,0
37,Female,40894.02,609.0,0.572,7.0,South,0
51,Male,37095.61,600.0,0.387,6.8,East,0
40,Male,86758.09,536.0,0.16,3.7,North,1
40,Female,86867.18,553.0,0.377,0.0,South,1
55,Female,41210.82,719.0,0.481,0.0,South,0
32,Female,38161.75,710.0,0.432,4.2,East,0
45,Male,47451.75,849.0,0.621,5.9,East,1
57,Male,66999.67,693.0,0.1,4.8,East,1
45,Male,72213.79,622.0,0.479,4.0,South,0
56,Male,64627.3,656.0,0.233,9.8,South,1
43,Male,95568.45,801.0,0.49,10.2,North,1
51,Female,30000.0,747.0,0.332,7.8,East,0
47,Female,70047.38,576.0,0.163,7.8,North,1
38,Male,49300.41,674.0,0.459,8.4,North,1
37,Male,34489.2,643.0,0.52,11.0,South,1
46,Female,59673.53,479.0,0.1,9.7,South,1
60,Male,39773.4,836.0,0.271,5.3,East,1
32,Male,85448.72,595.0,0.629,5.6,North,0
32,Female,54449.65,617.0,0.188,7.4,South,0
26,Female,70467.34,636.0,0.424,7.2,South,0
50,Female,78419.84,614.0,0.168,0.0,North,1
28,Male,66096.74,593.0,0.431,12.1,North,0
24,Female,68846.63,703.0,0.532,6.8,North,1
31,Female,40519.76,429.0,0.156,5.4,East,1
31,Female,97118.08,765.0,0.238,13.3,South,1
26,Male,54165.07,666.0,0.568,9.9,North,0
51,Male,30000.0,531.0,0.501,8.4,North,0
45,Female,72023.21,638.0,0.557,0.0,South,0
39,Female,60078.27,829.0,0.471,4.6,South,1
34,Male,78862.7,652.0,0.16,8.4,North,1
64,Male,46661.83,570.0,0.497,4.6,North,0
40,Female,64076.0,673.0,0.284,6.2,South,0
58,Female,50969.81,541.0,0.471,17.0,North,1
22,Male,82529.46,445.0,0.438,5.7,North,0
33,Female,70379.27,702.0,0.579,9.2,East,1
64,Male,64325.88,766.0,0.663,11.5,East,1
60,Male,53939.29,570.0,0.298,12.7,North,1
39,Female,56653.24,632.0,0.427,13.1,South,0
60,Female,30000.0,526.0,0.24,6.6,North,0
49,Female,90021.99,569.0,0.436,14.5,North,0
42,Male,82446.35,666.0,0.299,19.2,South,1
62,Female,86386.46,680.0,0.553,10.5,South,1
32,Male,48009.58,588.0,0.592,6.1,East,0
34,Female,68617.02,580.0,0.647,11.4,East,0
35,Male,43213.8,568.0,0.392,4.0,East,0
55,Female,40789.15,526.0,0.418,6.1,North,0
30,Male,55449.27,624.0,0.419,7.4,North,1
43,Female,62648.57,662.0,0.35,0.0,South,0
26,Male,38086.84,702.0,0.131,9.5,North,1
57,Female,72252.49,642.0,0.573,11.4,North,0
43,Male,52510.92,774.0,0.408,7.6,North,1
23,Male,43231.36,575.0,0.673,8.1,East,0
58,Female,65962.38,680.0,0.394,14.7,East,1
29,Male,53237.81,646.0,0.605,12.1,North,0
26,Male,97300.09,545.0,0.121,11.1,North,1
41,Male,96539.77,638.0,0.35,11.2,North,1
58,Female,32383.57,645.0,0.22,10.7,South,1
56,Male,46495.45,479.0,0.429,8.2,North,0
25,Male,72763.06,586.0,0.36,12.3,North,1
35,Male,73203.87,635.0,0.445,5.6,North,0
38,Male,36489.69,792.0,0.32,6.4,North,1
24,Male,79850.45,611.0,0.207,0.0,East,1
32,Female,83707.84,542.0,0.315,16.9,East,1
55,Male,93254.47,620.0,0.523,3.5,South,0
56,Male,49491.86,667.0,0.474,8.4,North,0
31,Male,83029.24,724.0,0.391,0.0,East,1
55,Male,77711.73,712.0,0.474,4.2,East,1
55,Male,38604.0,633.0,0.219,9.9,East,1
60,Female,46713.41,650.0,0.559,4.5,East,0
30,Female,48141.24,648.0,0.388,10.0,North,0
52,Male,82548.97,624.0,0.352,8.2,North,1
50,Male,73419.89,668.0,0.324,3.6,North,1
46,Male,36140.77,660.0,0.494,0.0,South,0
32,Male,96180.97,620.0,0.411,1.4,North,1
55,Female,74528.19,660.0,0.152,0.0,North,1
55,Female,50779.26,667.0,0.359,7.4,North,0
55,Female,67152.3,661.0,0.455,13.2,South,0
36,Female,111612.99,623.0,0.599,8.5,East,1
63,Male,69334.67,555.0,0.162,8.1,North,1
32,Female,93546.14,641.0,0.337,0.0,North,1
61,Female,58624.73,748.0,0.391,10.9,North,0
47,Female,70473.2,641.0,0.351,10.8,South,1
24,Male,68173.56,745.0,0.535,11.2,East,1
25,Female,101668.73,688.0,0.277,4.0,South,1
63,Male,40827.89,629.0,0.543,11.1,North,0
25,Female,63941.98,674.0,0.336,13.6,North,0
62,Male,68957.07,615.0,0.254,2.2,North,1
43,Male,88325.06,500.0,0.438,5.5,East,0
42,Female,54538.97,548.0,0.456,7.9,East,0
56,Male,61178.75,545.0,0.477,19.3,North,1
25,Female,61708.84,664.0,0.373,15.6,North,1
39,Male,73535.88,607.0,0.362,4.5,East,1
54,Male,104402.76,682.0,0.237,9.2,North,1
61,Male,75810.05,697.0,0.362,0.0,North,1
47,Female,61979.52,745.0,0.355,2.9,South,1
26,Male,101912.91,724.0,0.402,3.3,North,1
54,Female,72903.52,632.0,0.412,3.7,South,1
32,Female,106192.1,684.0,0.13,8.3,East,1
52,Female,57721.73,766.0,0.398,3.0,East,0
22,Female,86932.78,752.0,0.382,11.0,East,1
63,Male,48752.85,648.0,0.415,13.1,North,1
45,Female,45800.02,653.0,0.292,1.8,East,0
27,Female,46799.8,648.0,0.494,6.4,North,0
24,Female,53274.47,799.0,0.45,12.7,South,1
47,Female,60146.8,457.0,0.718,4.6,South,0
48,Male,55030.11,508.0,0.135,8.3,East,1
50,Female,71635.7,638.0,0.503,6.7,East,1
53,Male,87676.79,835.0,0.415,0.0,North,1
36,Male,90914.33,609.0,0.19,1.6,North,1
53,Female,78198.61,652.0,0.45,14.3,South,1
53,Female,68335.48,623.0,0.472,7.6,North,0
64,Female,64666.57,609.0,0.4,6.9,South,0
43,Female,49844.2,657.0,0.509,3.3,South,0
55,Male,64242.4,534.0,0.467,3.0,North,0
25,Male,53469.27,641.0,0.466,7.1,East,0
51,Male,89986.97,759.0,0.345,8.7,North,1
34,Male,62182.36,602.0,0.596,0.0,North,0
35,Female,53375.07,611.0,0.396,0.0,South,0
38,Female,35958.9,701.0,0.379,12.2,North,1
53,Female,57629.93,710.0,0.536,12.2,South,1
41,Male,54196.17,577.0,0.327,7.4,North,1
33,Male,56781.69,662.0,0.444,9.9,North,1
28,Male,77270.92,587.0,0.481,8.2,East,0
50,Male,85097.45,650.0,0.592,7.5,North,0
56,Male,68476.96,583.0,0.68,7.7,North,0
22,Male,30000.0,733.0,0.371,3.2,East,1
51,Male,95180.5,583.0,0.259,0.0,North,1
46,Male,93502.5,686.0,0.519,5.7,East,0
50,Male,30000.0,718.0,0.633,0.8,North,0
34,Female,67284.4,562.0,0.47,6.8,South,0
42,Female,97431.54,710.0,0.362,0.0,South,1
44,Male,93334.06,640.0,0.1,4.0,South,1
58,Male,55802.78,531.0,0.335,18.1,East,1
26,Female,79022.18,602.0,0.417,6.9,North,0
27,Female,37092.85,586.0,0.55,0.0,South,0
42,Male,57345.68,799.0,0.136,9.2,East,1
48,Female,48211.21,680.0,0.487,16.7,South,0
34,Male,58864.93,656.0,0.379,13.1,South,1
53,Female,100587.06,718.0,0.465,7.4,South,1
43,Male,58162.18,668.0,0.489,7.3,East,1
42,Female,64363.21,657.0,0.679,5.4,South,0
42,Male,70681.3,624.0,0.246,3.1,North,1
57,Male,62102.23,667.0,0.32,6.4,East,1
34,Male,94549.32,617.0,0.282,9.5,North,1
50,Male,87975.25,740.0,0.375,3.1,North,1
24,Male,58723.95,461.0,0.694,8.7,South,0
22,Male,95790.88,572.0,0.113,6.2,South,1
48,Male,56334.38,678.0,0.186,11.2,East,1
56,Male,84671.77,548.0,0.353,3.1,East,1
27,Male,74798.39,473.0,0.288,4.8,East,1
59,Male,59738.81,723.0,0.553,5.3,North,0
43,Female,45023.81,689.0,0.36,8.7,South,1
42,Male,35277.35,730.0,0.486,1.7,North,0
26,Male,67789.77,733.0,0.308,7.9,North,1
48,Female,74821.15,622.0,0.199,0.9,South,1
50,Male,114388.15,542.0,0.228,6.2,North,1
47,Male,74454.15,594.0,0.372,1.7,North,1
59,Male,82639.36,576.0,0.27,17.8,South,1
39,Male,76565.72,593.0,0.354,12.2,North,1
27,Male,90293.14,688.0,0.332,8.0,South,1
56,Female,47140.12,793.0,0.69,9.1,South,1
49,Female,79622.53,691.0,0.739,4.1,North,0
57,Female,57865.82,782.0,0.42,5.3,South,1
42,Male,37162.51,663.0,0.218,8.9,North,1
56,Male,51153.33,569.0,0.204,15.0,North,1
25,Male,61775.6,712.0,0.401,7.9,North,1
48,Female,94983.23,613.0,0.417,7.9,South,1
57,Female,89100.99,551.0,0.622,9.3,North,0
54,Male,56859.07,788.0,0.561,6.1,North,1
40,Female,95798.3,690.0,0.411,3.0,South,1
57,Female,54575.37,580.0,0.321,7.5,South,1
36,Female,87231.75,698.0,0.353,2.6,South,1
53,Male,34781.45,676.0,0.453,13.9,East,1
61,Male,86452.89,658.0,0.276,1.5,East,1
44,Male,32674.31,686.0,0.305,4.0,North,1
42,Female,30000.0,649.0,0.661,3.7,North,0
40,Female,92134.5,539.0,0.434,9.2,South,1
54,Male,59352.2,603.0,0.431,3.5,North,1
27,Male,75178.19,662.0,0.158,0.0,North,1
25,Male,30000.0,618.0,0.235,9.0,East,1
56,Male,96235.51,669.0,0.547,7.7,North,1
61,Female,44222.03,672.0,0.543,4.0,East,0
61,Female,97416.88,663.0,0.514,8.8,North,1
24,Male,117684.53,564.0,0.273,15.7,East,1
32,Female,30000.0,635.0,0.207,13.9,East,1
51,Male,43896.13,620.0,0.1,8.9,North,1
37,Female,71120.9,701.0,0.363,1.6,South,0
57,Male,75467.1,717.0,0.684,6.5,North,0
64,Female,61159.08,662.0,0.25,12.3,East,1
38,Female,31508.47,686.0,0.385,15.5,South,1
36,Male,86001.16,824.0,0.422,9.6,North,1
50,Female,84303.75,742.0,0.317,6.0,South,1
37,Female,40716.82,644.0,0.503,13.8,North,0
26,Male,54150.01,615.0,0.253,12.0,South,1
35,Male,103326.38,656.0,0.432,0.8,South,1
40,Female,74353.99,727.0,0.295,11.6,South,1
61,Male,103311.05,766.0,0.52,16.7,North,1
24,Female,30000.0,610.0,0.282,2.2,North,0
33,Female,92138.19,576.0,0.373,8.8,North,1
63,Male,87055.17,669.0,0.614,15.5,North,0
33,Male,62263.51,480.0,0.272,16.4,South,1
55,Male,30000.0,616.0,0.518,9.4,South,0
55,Female,44440.61,650.0,0.465,6.2,East,0
26,Male,30518.07,828.0,0.402,8.3,North,1
59,Female,49670.92,602.0,0.339,6.3,South,1
29,Male,40288.85,684.0,0.377,7.1,South,0
46,Male,46888.42,676.0,0.171,7.7,North,1
63,Male,30021.96,694.0,0.169,7.7,East,1
38,Female,30000.0,599.0,0.354,6.2,North,1
64,Female,72985.71,622.0,0.298,9.8,East,1
38,Female,83882.67,627.0,0.375,7.5,South,0
34,Male,66141.84,566.0,0.155,3.4,East,1
50,Female,100287.23,632.0,0.509,12.6,East,0
55,Male,54541.26,623.0,0.315,5.1,North,1
64,Female,97380.63,729.0,0.513,9.8,South,1
51,Male,63156.06,603.0,0.287,10.5,North,1
31,Female,47301.58,591.0,0.318,0.4,North,1
45,Male,106368.71,714.0,0.365,12.2,South,1
34,Female,55481.5,717.0,0.334,0.6,South,1
59,Male,36950.53,709.0,0.141,4.8,East,1
46,Female,33619.11,702.0,0.755,8.9,South,0
48,Female,73144.37,679.0,0.329,12.3,East,1
52,Male,55262.06,678.0,0.359,5.9,North,1
34,Male,34815.21,638.0,0.558,0.7,North,0
47,Male,64382.98,593.0,0.44,0.0,East,0
22,Male,73052.69,601.0,0.411,5.5,East,1
29,Male,40617.98,595.0,0.491,9.7,North,0
63,Male,62988.53,628.0,0.547,3.3,East,0
55,Male,63702.7,593.0,0.149,9.9,North,1
36,Male,53028.26,526.0,0.176,4.6,North,1
46,Male,79496.3,510.0,0.555,8.0,North,0
38,Male,87495.36,701.0,0.516,9.9,South,0
53,Male,62316.32,649.0,0.185,0.0,South,1
55,Female,47989.68,628.0,0.292,9.2,South,1
60,Male,75091.56,613.0,0.374,22.3,North,1
60,Male,98519.09,697.0,0.472,6.9,North,1
43,Male,84798.93,773.0,0.311,17.8,North,1
44,Female,58534.62,763.0,0.377,1.5,East,0
50,Male,67070.68,687.0,0.563,7.1,South,0
26,Female,62585.27,583.0,0.49,0.4,South,0
32,Female,64080.53,643.0,0.124,13.7,South,1
64,Male,65990.7,599.0,0.383,3.4,South,0
53,Female,58635.99,651.0,0.429,7.1,South,1
32,Female,30000.0,598.0,0.334,4.5,South,0
33,Male,55149.15,693.0,0.52,5.7,South,0
22,Male,38836.22,619.0,0.314,10.7,North,1
54,Male,87405.26,552.0,0.667,12.2,North,0
32,Male,65760.88,499.0,0.344,2.9,East,0
64,Female,85656.6,560.0,0.221,13.7,North,1
32,Male,74021.3,613.0,0.294,4.0,North,1
34,Male,66088.55,643.0,0.417,8.8,South,1
27,Female,69005.24,574.0,0.431,2.9,South,0
37,Male,41481.73,672.0,0.254,6.7,East,1
52,Male,66981.91,685.0,0.348,8.0,East,1
38,Female,64068.74,732.0,0.506,2.3,South,0
49,Female,52585.64,687.0,0.567,10.8,South,1
64,Female,89678.32,612.0,0.41,0.3,East,0
49,Female,126034.23,495.0,0.372,5.8,South,1
40,Male,48180.63,592.0,0.354,1.8,North,0
59,Male,58097.01,686.0,0.243,10.1,North,1
49,Female,47289.41,515.0,0.284,9.8,East,0
22,Male,66584.34,696.0,0.372,0.0,North,0
26,Male,94290.25,742.0,0.456,5.9,North,1
34,Female,78627.08,648.0,0.488,0.0,North,0
42,Female,101627.55,617.0,0.314,0.5,East,0
29,Male,35539.47,668.0,0.301,11.5,North,1
22,Female,30490.08,573.0,0.233,5.6,East,0
33,Male,70445.34,567.0,0.55,0.0,East,0
49,Female,65885.99,701.0,0.361,9.7,South,0
49,Male,75904.85,719.0,0.558,4.2,North,1
30,Male,59522.7,589.0,0.375,7.0,North,1
52,Female,101462.43,600.0,0.334,7.5,South,1
51,Female,67012.43,568.0,0.224,7.4,East,0
48,Female,84895.84,850.0,0.414,7.1,South,1
43,Male,55053.26,619.0,0.48,8.8,East,1
45,Female,46151.67,589.0,0.312,9.1,South,1
38,Male,80518.55,551.0,0.358,13.6,East,1
61,Female,69581.67,644.0,0.388,4.7,South,1
41,Male,63413.42,613.0,0.251,7.4,North,1
27,Male,64929.69,652.0,0.556,9.2,North,0
28,Female,71546.07,586.0,0.411,10.0,North,0
40,Female,77283.84,777.0,0.493,1.2,South,1
26,Female,90314.24,657.0,0.24,7.6,South,1
36,Male,81024.89,737.0,0.304,14.1,North,1
43,Female,54156.06,737.0,0.402,12.4,South,1
28,Female,66803.35,722.0,0.613,2.1,South,1
32,Male,67554.69,610.0,0.586,0.0,South,0
25,Female,30000.0,648.0,0.651,0.0,South,0
58,Male,75242.57,575.0,0.42,9.6,North,0
32,Male,86594.34,683.0,0.436,8.1,North,1
62,Male,32304.4,764.0,0.428,8.5,South,1
44,Male,47659.14,733.0,0.366,10.8,East,1
38,Male,72237.14,578.0,0.302,6.2,North,1
53,Female,88413.4,751.0,0.549,7.9,East,1
41,Male,69208.09,629.0,0.585,15.4,South,1
26,Female,61563.42,605.0,0.662,9.0,East,0
30,Male,69975.92,719.0,0.422,2.2,North,1
52,Female,30000.0,749.0,0.544,8.6,East,0
38,Male,76777.28,714.0,0.408,5.6,South,1
37,Female,59473.29,641.0,0.303,10.9,South,0
25,Male,88896.58,538.0,0.423,8.1,North,0
36,Male,79356.95,658.0,0.487,4.6,North,0
40,Male,44027.14,580.0,0.577,6.5,South,0
41,Male,65387.1,578.0,0.476,10.1,North,0
63,Male,82727.07,584.0,0.251,4.7,North,1
47,Female,61646.82,634.0,0.601,10.3,South,0
24,Female,59948.48,561.0,0.467,10.1,South,0
54,Female,94902.49,637.0,0.347,6.2,East,1
59,Female,75768.38,587.0,0.386,5.3,South,1
51,Male,70787.49,685.0,0.534,2.5,South,1
57,Female,72169.95,550.0,0.401,6.4,North,0
44,Male,30000.0,634.0,0.245,12.3,North,1
64,Female,74823.06,632.0,0.445,8.0,East,1
23,Male,70222.51,664.0,0.438,10.3,East,1
44,Male,53100.37,735.0,0.311,7.9,North,1
53,Female,61475.24,623.0,0.377,6.9,South,1
45,Female,47648.36,746.0,0.495,12.9,North,1
30,Female,64355.37,796.0,0.521,10.1,South,1
59,Male,50770.78,610.0,0.507,1.0,North,0
44,Male,103999.13,642.0,0.483,2.8,East,1
33,Female,49539.06,625.0,0.407,14.1,East,1
31,Female,80804.61,687.0,0.549,9.7,South,0
50,Female,70529.51,704.0,0.618,3.3,South,0
61,Male,45219.14,715.0,0.1,5.8,North,1
61,Female,42143.26,723.0,0.378,11.2,South,1
46,Male,73631.17,639.0,0.341,2.6,North,1
25,Female,63254.54,718.0,0.342,11.4,East,1
63,Male,78991.19,672.0,0.367,7.3,East,1
41,Female,98429.85,519.0,0.211,11.3,South,0
43,Male,71881.47,613.0,0.497,13.0,North,0
46,Female,30933.15,596.0,0.406,9.1,South,0
46,Male,54123.5,704.0,0.485,5.7,North,1
29,Male,57602.98,538.0,0.499,4.4,North,0
26,Female,59919.61,776.0,0.312,12.5,South,1
22,Female,89360.46,604.0,0.386,6.7,South,0
49,Male,75532.04,690.0,0.1,0.0,North,1
22,Female,73009.64,650.0,0.416,5.8,East,0
50,Female,44507.28,657.0,0.334,10.3,South,0
42,Male,37885.88,662.0,0.365,6.9,East,1
25,Male,49442.85,585.0,0.379,6.6,East,1
54,Male,82765.97,667.0,0.42,0.5,East,1
44,Male,52513.25,706.0,0.509,10.5,North,1
50,Male,60647.32,702.0,0.541,16.4,North,1
60,Male,51255.95,687.0,0.34,0.0,North,1
58,Female,72447.05,653.0,0.683,0.0,North,0
42,Male,70035.79,694.0,0.646,12.4,North,1
41,Male,61148.32,719.0,0.266,4.3,East,1
59,Male,87811.61,508.0,0.321,5.7,South,1
63,Female,50269.81,654.0,0.458,9.1,South,0
51,Male,79525.09,559.0,0.452,13.4,South,0
52,Female,64762.47,513.0,0.23,6.6,North,0
30,Male,78043.07,649.0,0.464,4.7,North,0
25,Female,67680.48,743.0,0.613,15.8,East,1
25,Female,69960.49,651.0,0.503,5.4,South,0
62,Male,80378.83,600.0,0.504,4.5,North,0
37,Male,55229.39,811.0,0.483,7.2,North,1
50,Male,30000.0,689.0,0.656,4.8,North,0
53,Female,52043.24,740.0,0.303,8.5,North,0
38,Female,69949.42,557.0,0.576,11.3,East,0
45,Male,84730.18,642.0,0.335,6.6,North,1
43,Female,57646.38,672.0,0.274,0.2,North,1
61,Male,51380.6,680.0,0.357,0.0,North,1
23,Male,37370.45,725.0,0.322,5.1,South,1
35,Male,53384.0,685.0,0.46,17.3,East,1
63,Male,31557.94,599.0,0.268,2.2,North,0
32,Male,76439.3,692.0,0.343,3.0,South,1
31,Female,44157.03,629.0,0.1,8.1,North,1
30,Female,68464.4,529.0,0.213,6.7,South,1
33,Male,90010.19,595.0,0.448,11.0,North,1
33,Male,103704.95,613.0,0.763,7.0,South,0
47,Male,70996.23,628.0,0.244,1.1,East,1
30,Female,86530.19,592.0,0.455,3.9,East,1
61,Female,70604.03,695.0,0.614,16.3,South,0
58,Male,40655.7,565.0,0.429,9.7,North,0
33,Male,33188.7,517.0,0.229,15.6,East,1
28,Male,70720.83,648.0,0.341,0.5,North,0
55,Male,49502.73,599.0,0.461,3.3,North,0
47,Female,63459.11,580.0,0.292,1.7,South,1
40,Male,41467.26,806.0,0.375,6.6,North,1
30,Male,50761.28,776.0,0.508,6.2,South,0
25,Male,51627.56,732.0,0.644,5.8,North,0
26,Male,64225.53,501.0,0.5,15.4,South,1
31,Male,50555.62,632.0,0.547,10.6,East,1
27,Male,65690.07,665.0,0.259,4.1,North,1
49,Male,30000.0,827.0,0.293,12.1,East,1
42,Male,35856.47,650.0,0.286,13.6,South,1
41,Male,52646.09,712.0,0.23,6.3,East,1
47,Male,67799.3,468.0,0.41,10.2,East,0
38,Female,93926.15,693.0,0.567,19.4,South,1
61,Female,64710.02,496.0,0.43,0.0,South,0
57,Female,30000.0,643.0,0.488,3.8,East,0
38,Female,62577.02,753.0,0.182,19.8,North,0
54,Male,97398.31,648.0,0.471,7.5,North,1
39,Male,67583.35,589.0,0.299,7.0,East,0
34,Female,79986.05,601.0,0.254,7.9,East,1
42,Male,80456.09,572.0,0.632,6.5,East,0
37,Female,38260.38,699.0,0.385,0.8,South,1
44,Male,67117.76,655.0,0.248,8.4,South,1
41,Male,57864.86,717.0,0.187,2.4,North,1
28,Female,61342.49,732.0,0.809,13.7,South,0
61,Male,42858.72,726.0,0.372,0.0,North,1
35,Male,48588.47,702.0,0.443,10.1,North,1
32,Male,84433.34,634.0,0.292,13.9,South,1
25,Female,47208.1,773.0,0.707,8.4,South,0
22,Female,74578.23,541.0,0.717,6.5,North,0
57,Female,30000.0,792.0,0.206,2.2,East,1
56,Female,96519.49,624.0,0.668,11.9,South,0
41,Male,85105.04,795.0,0.487,3.2,East,1
25,Male,58713.56,591.0,0.659,18.8,South,0
61,Male,46204.06,732.0,0.117,8.1,North,1
36,Male,60789.03,530.0,0.363,7.4,North,1
48,Male,73939.45,566.0,0.36,6.4,North,1
50,Male,79617.58,660.0,0.392,14.6,North,1
50,Male,43809.87,605.0,0.576,4.1,South,0
47,Female,99674.61,613.0,0.4,10.5,South,1
56,Male,72991.62,629.0,0.595,12.6,South,0
53,Male,67642.55,611.0,0.237,13.8,North,1
49,Female,63981.54,734.0,0.532,0.0,North,1
64,Male,44146.35,814.0,0.502,8.5,South,1
25,Male,30000.0,850.0,0.43,8.3,South,1
29,Male,49067.58,598.0,0.137,8.9,North,1
49,Male,88594.95,595.0,0.349,6.0,East,1
29,Female,71256.19,560.0,0.518,4.6,South,0
54,Male,64175.29,705.0,0.433,14.6,North,1
44,Female,67770.55,638.0,0.254,2.6,South,1
48,Female,49434.44,692.0,0.209,9.5,East,1
42,Male,57734.91,487.0,0.607,9.6,North,0
35,Male,57763.31,630.0,0.57,1.5,North,0
29,Male,55188.65,728.0,0.225,14.0,South,1
53,Male,78722.53,486.0,0.578,1.5,North,0
56,Male,82568.7,585.0,0.331,13.4,South,1
50,Female,46883.81,676.0,0.35,9.5,South,1
60,Male,84336.4,638.0,0.634,0.7,North,0
22,Male,39119.04,525.0,0.629,0.0,North,0
48,Female,70478.26,662.0,0.314,0.0,South,1
45,Male,81403.3,723.0,0.514,11.5,North,1
22,Male,70260.81,704.0,0.302,0.0,North,1
30,Male,55807.93,658.0,0.404,0.0,North,0
54,Female,88459.64,618.0,0.266,3.3,South,1
46,Male,47921.55,726.0,0.533,9.8,East,0
22,Female,41467.73,617.0,0.662,2.1,South,0
46,Male,84435.63,703.0,0.52,12.5,North,1
51,Male,96797.54,637.0,0.37,0.3,South,1
51,Male,50926.05,738.0,0.71,11.7,North,1
30,Male,30000.0,689.0,0.42,0.0,North,0
54,Male,52794.88,625.0,0.1,0.0,South,1
22,Female,58724.27,734.0,0.387,0.0,North,0
61,Female,43603.21,616.0,0.431,1.1,North,0
38,Male,30000.0,706.0,0.583,7.1,North,0
44,Male,62940.95,528.0,0.507,5.0,North,0
59,Female,92835.66,739.0,0.298,9.5,South,1
47,Female,103428.79,687.0,0.254,9.9,South,0
24,Male,67528.49,751.0,0.358,5.7,North,1
39,Female,43982.16,827.0,0.515,12.8,East,1
44,Male,67874.97,665.0,0.216,9.1,North,1
29,Female,30000.0,764.0,0.299,0.3,South,1
31,Female,89081.75,618.0,0.369,2.3,South,0
41,Female,81281.02,796.0,0.499,6.8,South,0
48,Female,30000.0,462.0,0.581,6.6,South,0
25,Female,94713.18,631.0,0.593,6.5,South,0
48,Female,72652.0,732.0,0.549,16.2,East,1
56,Male,84819.19,680.0,0.298,3.3,North,1
39,Male,66083.27,676.0,0.47,2.0,North,1
58,Female,63824.66,643.0,0.469,6.2,South,0
42,Male,69502.07,593.0,0.316,12.0,North,1
44,Male,63349.26,810.0,0.407,4.1,South,1
64,Male,41399.61,630.0,0.322,3.7,North,1
47,Female,82293.75,654.0,0.395,14.1,South,1
28,Female,66774.2,673.0,0.583,9.7,East,0
60,Female,46693.62,569.0,0.536,5.2,North,0
55,Male,86588.26,600.0,0.383,2.4,North,1
35,Male,48380.7,642.0,0.362,0.0,East,0
32,Female,45270.6,530.0,0.716,1.9,North,0
42,Female,43379.81,707.0,0.586,12.7,South,0
46,Male,84162.72,562.0,0.385,12.7,North,1
39,Male,102629.46,735.0,0.508,11.2,North,1
61,Male,89239.0,589.0,0.341,10.9,East,1
57,Female,75708.98,647.0,0.267,13.2,East,1
46,Female,61480.04,431.0,0.406,9.5,East,0
22,Female,47433.45,671.0,0.395,14.4,South,1
26,Female,68817.05,666.0,0.352,5.4,South,1
52,Male,60230.89,371.0,0.527,3.4,North,0
55,Female,67111.22,719.0,0.746,5.9,North,0
61,Female,84536.71,596.0,0.501,7.4,South,1
55,Female,62157.36,654.0,0.49,1.0,South,0
28,Male,67441.18,595.0,0.567,9.0,North,0
55,Female,75403.36,580.0,0.484,1.7,North,0
26,Male,81200.04,717.0,0.495,5.3,North,1
46,Male,53257.43,703.0,0.246,9.1,South,1
47,Male,76480.64,763.0,0.323,12.4,South,1
48,Male,56507.57,614.0,0.52,9.4,North,0
45,Female,92036.27,695.0,0.571,12.5,East,0
43,Female,71912.8,668.0,0.345,4.5,North,1
56,Male,30000.0,709.0,0.481,10.6,North,1
33,Male,48273.17,756.0,0.305,13.0,East,1
52,Female,77593.4,548.0,0.248,5.4,North,0
58,Male,63074.99,753.0,0.477,11.7,East,1
64,Female,30000.0,646.0,0.572,10.3,South,0
59,Female,58665.24,638.0,0.241,18.9,South,1
54,Male,89166.96,601.0,0.298,15.7,North,1
39,Female,63441.65,576.0,0.797,6.1,South,0
24,Male,64532.13,650.0,0.555,10.6,North,1
33,Female,79258.88,494.0,0.593,8.9,South,0
53,Male,86045.12,665.0,0.507,6.9,East,1
48,Male,43335.32,682.0,0.421,11.7,North,1
51,Male,74974.22,713.0,0.619,0.0,North,0
39,Female,77593.22,668.0,0.359,8.1,South,1
52,Female,82785.72,649.0,0.364,3.4,South,1
47,Male,69530.49,732.0,0.69,6.4,North,0
45,Male,69523.28,625.0,0.535,3.6,North,0
63,Male,111441.07,652.0,0.489,0.0,East,1
49,Male,63733.37,743.0,0.583,18.6,North,1
43,Male,64629.46,695.0,0.473,5.5,South,0
58,Male,82016.81,640.0,0.342,18.9,North,1
22,Male,79465.29,678.0,0.31,4.9,North,1
43,Male,98995.73,508.0,0.416,8.1,North,1
37,Male,56717.52,691.0,0.422,3.0,North,0
51,Female,87433.53,576.0,0.252,13.2,East,0
54,Male,68853.71,645.0,0.253,0.0,North,1
50,Female,86672.25,674.0,0.1,12.3,South,1
32,Male,85098.43,689.0,0.46,1.9,North,1
24,Female,48735.54,709.0,0.809,11.4,North,0
62,Female,37386.05,749.0,0.668,0.0,South,0
46,Male,92641.68,784.0,0.332,6.1,East,1
59,Male,59502.69,554.0,0.442,5.1,North,0
34,Male,75795.02,701.0,0.612,2.9,North,1
54,Male,74247.92,829.0,0.517,5.3,East,1
55,Female,62537.8,674.0,0.432,0.9,North,0
44,Female,92044.88,655.0,0.674,5.8,South,0
59,Female,75628.71,534.0,0.107,3.5,South,0
25,Male,63603.5,793.0,0.506,8.4,East,1
59,Female,79644.88,664.0,0.339,12.9,East,1
22,Male,57026.16,624.0,0.45,11.1,North,1
42,Male,40655.96,705.0,0.225,8.3,North,1
49,Male,71601.36,648.0,0.419,5.2,South,1
40,Female,75412.93,740.0,0.31,9.1,North,1
29,Male,70634.81,582.0,0.411,13.1,North,1
34,Male,86831.2,632.0,0.291,12.8,East,1
38,Female,87153.93,678.0,0.434,2.3,South,1
56,Male,56950.46,511.0,0.585,7.8,South,0
36,Male,79523.63,691.0,0.259,3.8,South,1
60,Female,91126.06,579.0,0.188,0.4,South,0
26,Male,54231.17,699.0,0.1,12.7,North,1
62,Female,88389.47,553.0,0.265,9.2,East,1
50,Male,54683.63,562.0,0.338,9.4,South,0
50,Female,100530.37,632.0,0.539,16.4,North,0
49,Female,68422.42,697.0,0.42,2.0,South,1
55,Female,68528.08,692.0,0.363,6.8,South,0
64,Female,83661.67,701.0,0.44,5.3,South,1
49,Female,72284.6,629.0,0.403,0.0,South,0
32,Male,79907.45,532.0,0.345,1.1,North,1
39,Female,67845.11,664.0,0.54,2.5,East,0
35,Male,48211.35,587.0,0.187,6.5,South,1
39,Male,39739.11,683.0,0.272,13.3,North,1
39,Female,82656.79,676.0,0.557,10.0,South,1
30,Male,89347.43,628.0,0.467,11.6,North,1
27,Male,41989.59,564.0,0.306,11.3,North,0
46,Female,72617.48,544.0,0.463,9.9,South,0
26,Male,44901.89,579.0,0.504,4.3,South,0
57,Female,49058.66,556.0,0.397,2.2,South,0
36,Male,74420.22,567.0,0.445,0.0,South,0
38,Male,33776.3,622.0,0.364,8.6,South,1
42,Male,67681.49,646.0,0.617,5.8,North,0
28,Male,58963.8,749.0,0.251,10.9,East,1
24,Female,60397.29,772.0,0.41,3.6,South,1
38,Male,82245.59,523.0,0.379,9.5,North,1
25,Female,71242.82,567.0,0.339,12.4,North,1
45,Male,57260.24,695.0,0.417,0.0,North,1
57,Female,36635.98,697.0,0.623,4.7,North,0
31,Male,48481.05,671.0,0.388,0.8,North,0
27,Female,39497.52,708.0,0.545,3.8,North,0
59,Male,47697.73,671.0,0.466,10.2,North,1
30,Female,62450.38,680.0,0.519,9.5,East,0
34,Female,42868.07,463.0,0.321,0.0,South,0
31,Female,82833.27,736.0,0.393,0.0,North,1
33,Male,67671.58,653.0,0.212,14.1,South,1
50,Male,65471.52,630.0,0.528,3.5,South,0
41,Male,80446.04,590.0,0.318,13.3,East,1
32,Male,68860.65,827.0,0.341,10.1,North,1
29,Female,45298.81,471.0,0.48,11.1,South,0
62,Male,100354.64,659.0,0.41,10.2,North,1
43,Female,57628.74,662.0,0.317,6.2,South,1
64,Female,64032.75,648.0,0.493,12.4,South,1
53,Male,54962.91,699.0,0.48,15.4,East,1
62,Female,51103.96,720.0,0.247,12.0,North,1
33,Male,70387.41,698.0,0.113,15.3,North,1
43,Female,91389.58,652.0,0.639,9.7,North,0
62,Female,68919.74,664.0,0.214,5.7,South,1
58,Male,35473.57,591.0,0.376,5.5,East,1
54,Male,50748.43,801.0,0.314,1.7,North,1
41,Male,87160.76,716.0,0.309,13.1,South,1
45,Male,48712.33,732.0,0.111,10.9,North,1
47,Male,33440.71,680.0,0.562,9.6,North,0
57,Male,83964.93,564.0,0.711,9.6,North,0
63,Female,93882.24,706.0,0.469,7.1,South,0
35,Female,89244.67,823.0,0.293,9.5,South,1
41,Female,94881.42,793.0,0.1,6.1,North,1
39,Male,30000.0,516.0,0.25,10.7,South,0
26,Female,83041.54,676.0,0.681,11.5,South,0
48,Male,48626.13,585.0,0.394,3.4,East,1
47,Male,91759.85,778.0,0.414,9.5,North,1
57,Male,58817.38,604.0,0.393,1.8,North,0
42,Male,39933.88,741.0,0.318,3.5,South,1
47,Male,67468.89,628.0,0.629,12.2,North,0
56,Female,103754.88,700.0,0.491,5.9,North,0
35,Male,79729.56,535.0,0.259,3.9,East,1
62,Female,103692.51,608.0,0.207,13.1,South,0
57,Female,70147.13,604.0,0.461,10.5,North,1
32,Male,56004.58,680.0,0.554,11.8,North,1
52,Female,70657.66,718.0,0.122,14.8,East,1
43,Male,51947.72,692.0,0.323,0.9,North,1
41,Female,41780.59,601.0,0.567,10.6,South,0
29,Female,51983.48,607.0,0.356,10.4,South,0
33,Female,91746.3,642.0,0.204,17.7,South,1
64,Female,38993.61,585.0,0.125,9.4,South,0
30,Male,82955.74,561.0,0.18,4.5,North,1
39,Female,31359.74,628.0,0.218,4.1,North,1
30,Female,84917.39,525.0,0.148,1.4,East,0
31,Male,51990.22,631.0,0.562,4.1,North,0
48,Female,35171.19,652.0,0.64,8.5,South,0
29,Male,92036.76,586.0,0.339,6.2,North,1
27,Male,57830.41,565.0,0.222,8.1,East,1
30,Female,84370.17,781.0,0.5,8.2,South,1
34,Female,62741.91,629.0,0.317,10.7,South,1
28,Female,106019.41,632.0,0.739,5.8,East,0
56,Male,31725.27,777.0,0.282,1.9,North,1
38,Male,88955.0,630.0,0.705,3.8,South,0
48,Male,37843.36,733.0,0.195,14.2,North,1
41,Male,58241.06,488.0,0.23,7.7,North,1
28,Male,74916.15,613.0,0.432,2.9,North,0
29,Female,93513.04,599.0,0.262,6.7,South,1
49,Male,51796.62,695.0,0.422,4.6,North,1
43,Male,65769.6,676.0,0.412,12.0,East,1
31,Male,47450.23,526.0,0.654,5.1,North,0
47,Male,86411.33,842.0,0.611,13.7,North,1
39,Male,51746.47,618.0,0.72,5.7,East,0
37,Female,45785.41,530.0,0.152,13.3,South,1
55,Female,50249.63,561.0,0.282,5.4,North,0
42,Male,41339.28,608.0,0.424,9.2,North,0
39,Male,65160.48,643.0,0.335,8.4,North,1
41,Male,57180.87,762.0,0.591,9.4,South,0
51,Female,69707.0,607.0,0.344,7.9,East,0
54,Female,31399.91,548.0,0.371,0.0,North,0
39,Male,77364.08,682.0,0.563,5.2,East,0
28,Female,74600.67,643.0,0.515,0.0,South,0
63,Male,35278.85,663.0,0.451,4.8,East,0
52,Female,67705.37,713.0,0.504,13.5,South,1
52,Female,30000.0,814.0,0.409,0.0,South,1
29,Male,75318.1,645.0,0.383,10.9,North,1
23,Male,50687.05,736.0,0.345,18.9,North,1
25,Male,65733.93,627.0,0.498,15.5,North,1
22,Male,69983.13,675.0,0.444,0.0,South,1
55,Female,53390.76,749.0,0.355,7.0,South,1
61,Male,72726.29,658.0,0.345,15.2,North,1
59,Male,43210.06,592.0,0.332,5.0,East,0
49,Male,36830.7,521.0,0.5,4.6,South,0
44,Male,57248.68,667.0,0.111,8.9,North,1
24,Male,64406.5,687.0,0.458,14.2,North,1
55,Female,30000.0,591.0,0.323,11.6,South,1
40,Male,72550.91,609.0,0.321,10.4,North,1
41,Male,48591.94,747.0,0.348,10.0,North,1
53,Male,75732.93,610.0,0.358,1.0,North,1
53,Male,74359.28,551.0,0.418,14.8,North,1
27,Female,94513.39,693.0,0.397,7.3,East,1
52,Male,62689.17,660.0,0.695,2.7,South,0
35,Male,69182.87,628.0,0.276,14.0,South,1
29,Male,57899.39,627.0,0.202,15.5,North,1
42,Female,74273.56,685.0,0.463,7.2,South,1
31,Female,60310.36,697.0,0.317,5.6,South,0
59,Female,63385.42,736.0,0.565,12.6,South,1
56,Male,70263.3,658.0,0.52,13.5,North,1
52,Female,45226.21,703.0,0.431,2.2,South,0
32,Female,30000.0,623.0,0.245,14.3,South,1
22,Female,108834.72,759.0,0.399,9.6,South,1
39,Female,62013.91,653.0,0.342,6.0,North,1
33,Male,40314.49,724.0,0.487,10.4,North,1
39,Female,68617.05,698.0,0.55,2.0,South,1
46,Female,56058.07,610.0,0.362,6.3,South,1
32,Male,51051.79,676.0,0.182,9.1,North,1
33,Male,42672.61,592.0,0.468,0.5,North,0
61,Male,63142.05,721.0,0.109,1.6,South,1
61,Female,46296.08,720.0,0.494,13.3,East,0
42,Male,36463.45,724.0,0.284,18.4,North,1
36,Female,77661.9,692.0,0.314,5.8,South,1
56,Female,35910.99,715.0,0.363,9.3,South,1
37,Male,51071.79,739.0,0.536,5.1,North,0
31,Female,72329.27,601.0,0.178,1.0,South,0
61,Male,115707.51,545.0,0.418,12.0,East,1
59,Female,44868.43,629.0,0.525,4.0,East,0
48,Female,51902.48,562.0,0.223,8.5,South,0
26,Male,30000.0,656.0,0.258,2.1,East,1
35,Male,72673.98,549.0,0.195,2.7,South,1
32,Male,56622.65,795.0,0.5,10.1,North,1
24,Male,32575.92,649.0,0.55,0.0,North,0
25,Female,89936.25,702.0,0.393,8.9,South,1
34,Female,63474.59,709.0,0.663,8.8,South,0
45,Male,36941.87,637.0,0.45,4.2,North,1
61,Male,65671.27,713.0,0.404,16.0,East,1
37,Female,63740.38,633.0,0.634,2.3,South,0
52,Male,62564.54,651.0,0.297,15.2,East,1
23,Female,105766.58,596.0,0.558,8.2,South,0
35,Male,51713.83,527.0,0.437,9.5,North,0
36,Male,57075.78,654.0,0.433,15.1,East,1
22,Male,64505.29,584.0,0.185,6.4,South,1
57,Female,90047.99,549.0,0.271,5.7,North,1
29,Male,75759.96,672.0,0.404,2.1,North,1
35,Female,48693.24,609.0,0.235,4.4,South,0
35,Female,79367.39,776.0,0.632,20.5,South,0
45,Male,38648.23,521.0,0.571,6.3,North,0
33,Male,85581.82,743.0,0.558,10.5,North,1
38,Female,86829.2,642.0,0.451,4.0,South,1
50,Male,73404.61,520.0,0.102,9.6,North,1
56,Male,39277.86,469.0,0.416,5.9,South,0
31,Male,30000.0,615.0,0.535,12.4,North,0
41,Male,63100.53,613.0,0.695,7.1,South,0
36,Male,46877.87,472.0,0.418,5.0,East,0
33,Female,48828.58,704.0,0.336,10.4,North,1
31,Male,30000.0,520.0,0.574,12.8,East,0
36,Male,65939.84,619.0,0.293,12.4,North,1
31,Female,78144.25,659.0,0.1,6.1,South,0
44,Male,75949.1,784.0,0.529,8.0,North,1
47,Female,71246.59,657.0,0.491,7.6,South,1
27,Male,74610.25,651.0,0.36,12.1,South,1
25,Female,81156.13,602.0,0.456,1.4,South,1
51,Male,40253.16,660.0,0.446,9.9,North,0
36,Male,86094.14,704.0,0.632,16.2,North,1
55,Male,91743.54,532.0,0.119,1.1,North,1
39,Male,70479.28,661.0,0.247,0.0,North,1
32,Male,51349.24,692.0,0.213,0.0,North,1
27,Male,85137.82,616.0,0.385,1.2,South,0
47,Male,104293.09,704.0,0.264,4.2,North,1
54,Male,94935.49,483.0,0.2,9.5,East,1
51,Male,54295.03,660.0,0.249,10.4,North,1
37,Male,48086.67,734.0,0.667,0.0,North,0
53,Male,76512.34,620.0,0.202,15.5,North,1
23,Female,65615.72,694.0,0.715,6.7,South,0
46,Female,34619.81,632.0,0.662,3.9,East,0
63,Male,30000.0,743.0,0.554,1.0,North,0
32,Female,91746.66,632.0,0.532,8.7,South,0
57,Female,71876.09,569.0,0.366,7.5,South,1
43,Female,58677.22,618.0,0.354,13.0,South,1
63,Male,60410.03,660.0,0.232,15.1,East,1
56,Female,97092.49,667.0,0.456,5.6,South,1
59,Male,72381.06,657.0,0.333,12.1,East,1
59,Male,69613.97,624.0,0.341,3.5,North,1
32,Male,97830.74,638.0,0.428,3.6,South,1
37,Male,82892.17,662.0,0.547,9.1,North,1
61,Male,30000.0,730.0,0.739,9.2,East,0
58,Female,73876.76,553.0,0.492,6.6,South,0
64,Female,50206.25,739.0,0.369,1.1,South,1
43,Male,77000.35,756.0,0.386,0.0,East,1
62,Male,34812.83,724.0,0.38,11.0,North,1
43,Male,47660.59,604.0,0.293,13.8,North,1
57,Female,103731.73,705.0,0.137,6.0,South,0
61,Male,52830.82,634.0,0.557,0.0,North,0
23,Female,55705.6,586.0,0.455,5.2,East,0
53,Female,68257.19,748.0,0.168,7.7,South,1
35,Female,89863.11,630.0,0.54,5.7,South,0
42,Female,47517.05,800.0,0.244,14.0,North,1
27,Female,75627.49,762.0,0.364,12.3,South,1
56,Male,53301.4,675.0,0.355,11.7,East,1
26,Female,30000.0,620.0,0.436,9.8,East,0
63,Female,92698.97,738.0,0.263,4.1,East,1
31,Male,68409.97,784.0,0.535,9.1,East,1
23,Male,76116.92,671.0,0.38,12.0,North,1
49,Female,30000.0,582.0,0.67,5.9,North,0
33,Male,66227.2,636.0,0.51,7.1,South,1
60,Male,100769.72,746.0,0.275,6.8,South,1
37,Male,68253.44,736.0,0.374,10.0,North,1
40,Female,79142.0,531.0,0.318,14.6,North,1
51,Male,47931.18,690.0,0.41,0.6,North,1
58,Female,97222.3,543.0,0.298,4.0,North,1
59,Female,69602.81,558.0,0.599,4.1,North,0
45,Female,45313.75,590.0,0.566,14.3,South,0
28,Female,30000.0,731.0,0.313,8.0,South,0
64,Female,62142.44,749.0,0.25,8.8,North,1
35,Female,59066.96,650.0,0.403,0.0,South,1
56,Male,71192.3,688.0,0.359,0.0,South,1
32,Female,59949.45,626.0,0.241,2.4,South,1
42,Female,54302.06,686.0,0.308,8.0,South,1
22,Female,66336.96,559.0,0.225,13.0,South,1
50,Female,68378.45,625.0,0.364,6.0,North,1
50,Female,66734.37,604.0,0.266,9.0,South,0
51,Male,78045.89,640.0,0.541,3.5,South,0
58,Female,58346.36,663.0,0.475,15.5,South,0
55,Female,74902.93,548.0,0.561,6.4,North,0
64,Female,40214.25,640.0,0.364,6.8,East,0
44,Male,59930.8,654.0,0.313,12.8,North,1
40,Female,31211.64,611.0,0.514,9.4,South,0
53,Female,64039.72,582.0,0.409,9.9,South,1
32,Male,64917.42,746.0,0.395,7.1,South,1
53,Male,41043.94,567.0,0.51,5.9,North,0
47,Male,61640.79,673.0,0.282,1.0,South,1
39,Female,67130.21,574.0,0.572,15.4,South,1
45,Male,49332.13,781.0,0.285,11.4,North,1
26,Male,53668.74,755.0,0.59,4.5,North,0
42,Male,57749.04,640.0,0.292,6.8,East,1
47,Male,64473.38,734.0,0.431,12.9,North,1
45,Male,69862.79,850.0,0.652,7.5,East,1
46,Male,73739.67,692.0,0.275,6.9,North,1
44,Female,52025.32,724.0,0.341,5.4,East,1
44,Female,52884.27,566.0,0.316,6.9,South,0
54,Female,93770.52,592.0,0.337,14.1,North,0
43,Female,58998.07,727.0,0.544,7.2,North,0
29,Male,50067.25,667.0,0.43,10.5,South,1
34,Female,80422.26,675.0,0.523,9.5,South,0
52,Female,42406.53,719.0,0.2,9.0,South,1
28,Male,76376.3,540.0,0.1,4.8,North,1
36,Female,35549.29,640.0,0.392,0.0,North,0
38,Male,80888.06,692.0,0.502,13.8,South,1
59,Male,55760.73,799.0,0.643,11.8,North,1
32,Male,59994.35,645.0,0.514,15.7,North,0
64,Female,73774.65,669.0,0.454,0.1,South,1
47,Female,67441.62,801.0,0.747,13.0,South,0
64,Female,86402.35,619.0,0.301,8.3,North,0
25,Female,55586.52,643.0,0.574,8.1,South,0
55,Male,32449.5,658.0,0.365,6.0,South,0
23,Male,53852.24,549.0,0.352,0.8,East,0
50,Female,30000.0,695.0,0.339,7.8,South,0
31,Male,75342.71,569.0,0.387,4.1,North,0
57,Female,59160.12,575.0,0.175,10.4,North,1
25,Female,58639.48,715.0,0.459,0.0,South,0
25,Female,50918.39,642.0,0.675,4.6,North,0
39,Male,76265.62,581.0,0.134,9.0,North,1
57,Female,30000.0,632.0,0.454,7.7,South,0
55,Male,77951.79,686.0,0.4,0.0,North,0
59,Male,69489.96,585.0,0.686,4.6,South,0
46,Male,63468.23,709.0,0.608,13.5,North,1
50,Male,67799.83,803.0,0.506,17.3,North,1
29,Female,46708.23,729.0,0.475,1.7,South,0
23,Female,42601.7,591.0,0.3,2.1,South,0
25,Female,95884.5,592.0,0.615,9.6,South,0
43,Male,50360.16,526.0,0.425,6.4,South,0
38,Female,73400.34,598.0,0.407,4.7,South,0
31,Female,84063.07,717.0,0.411,16.4,North,1
40,Male,48347.92,518.0,0.132,0.0,North,1
45,Male,35857.98,607.0,0.428,2.8,North,1
31,Male,60458.13,738.0,0.541,1.6,East,1
25,Female,42211.05,600.0,0.573,7.9,North,0
52,Male,51007.48,598.0,0.528,7.2,North,0
39,Male,66038.6,604.0,0.398,6.8,North,1
58,Male,74301.64,733.0,0.335,6.4,South,1
32,Female,100119.13,597.0,0.431,6.6,South,0
44,Female,93059.54,621.0,0.496,9.9,South,1
49,Male,89373.25,579.0,0.533,2.8,East,0
27,Female,66582.45,791.0,0.617,15.9,East,1
34,Male,82781.33,718.0,0.452,6.1,North,1
59,Male,83115.24,644.0,0.121,3.7,North,1
29,Male,70219.81,611.0,0.192,3.3,North,1
53,Male,60163.05,722.0,0.33,5.9,South,1
53,Female,66998.4,799.0,0.33,6.9,North,1
55,Male,65890.87,640.0,0.343,3.5,North,1
57,Female,55479.88,740.0,0.576,6.3,East,0
50,Female,61391.26,625.0,0.517,10.2,North,0
30,Female,76468.21,660.0,0.108,0.0,South,0
51,Female,48790.05,780.0,0.396,14.9,South,1
54,Male,42782.13,558.0,0.332,14.3,North,1
24,Female,72852.07,725.0,0.334,5.0,North,1
36,Female,91635.71,623.0,0.617,14.1,East,0
44,Male,51454.19,679.0,0.615,3.2,North,0
54,Male,53208.76,695.0,0.436,13.8,South,1
26,Female,56146.32,595.0,0.337,11.4,South,1
24,Male,65999.95,628.0,0.515,5.2,North,0
34,Male,78377.69,686.0,0.479,10.4,South,1
27,Male,88006.54,649.0,0.325,7.6,North,1
58,Male,56119.66,621.0,0.481,2.3,North,0
59,Female,77043.88,605.0,0.367,13.9,South,0
46,Female,82855.8,495.0,0.33,5.4,South,0
53,Male,71665.87,555.0,0.331,10.1,East,1
48,Female,38108.28,610.0,0.456,2.4,South,0
53,Female,72537.69,551.0,0.419,6.9,East,0
34,Male,30000.0,716.0,0.219,6.0,North,1
38,Female,101887.07,608.0,0.157,12.3,East,1
51,Male,55899.07,695.0,0.324,1.3,North,1
26,Male,71630.86,559.0,0.58,2.2,North,0
60,Female,64151.47,695.0,0.488,13.4,South,1
60,Male,64558.96,702.0,0.38,11.4,East,1
54,Female,128110.76,758.0,0.488,7.8,South,1
59,Female,80636.42,720.0,0.305,5.7,East,0
33,Male,83108.77,700.0,0.521,9.7,East,1
62,Female,31964.98,747.0,0.579,5.1,South,0
63,Male,68840.57,604.0,0.426,5.4,North,1
43,Female,61971.79,592.0,0.504,10.7,South,1
47,Female,67460.51,677.0,0.521,2.8,South,1
22,Female,100946.94,596.0,0.497,8.9,South,1
44,Male,67939.33,766.0,0.303,9.1,North,1
59,Female,66687.62,803.0,0.505,4.3,South,1
25,Male,64084.07,561.0,0.331,10.4,North,0
39,Female,34732.72,738.0,0.1,6.9,South,0
42,Female,83178.33,559.0,0.455,11.0,South,0
61,Male,75488.24,744.0,0.448,4.8,East,1
42,Female,87932.25,623.0,0.31,13.5,South,0
38,Female,52727.94,576.0,0.487,4.8,North,0
46,Female,79261.55,723.0,0.28,11.5,North,0
28,Male,43611.89,561.0,0.545,7.0,South,0
52,Male,44748.51,605.0,0.48,11.8,North,1
51,Male,74468.16,664.0,0.407,2.3,North,0
38,Male,76257.02,651.0,0.468,11.3,North,1
57,Female,124353.98,588.0,0.296,10.3,South,0
56,Male,80157.24,573.0,0.394,5.9,South,1
41,Male,48898.3,662.0,0.177,10.9,East,1
30,Female,55353.82,553.0,0.559,17.6,North,0
45,Female,66972.69,633.0,0.439,14.7,East,1
58,Male,87886.9,597.0,0.357,1.8,South,1
36,Male,69013.94,602.0,0.566,3.9,South,0
54,Male,49765.36,620.0,0.1,5.4,North,1
41,Female,64280.23,654.0,0.628,4.6,North,0
48,Male,69454.32,758.0,0.403,12.6,North,1
23,Male,74282.26,742.0,0.352,7.3,North,1
61,Female,54986.9,689.0,0.401,6.1,South,0
26,Male,33039.01,686.0,0.227,0.0,North,1
59,Female,44685.11,512.0,0.344,2.9,North,0
46,Female,73230.42,649.0,0.189,4.1,North,0
25,Male,67051.67,815.0,0.499,19.5,North,1
56,Male,40718.43,713.0,0.451,14.8,North,1
53,Female,59803.3,665.0,0.493,4.0,East,0
58,Male,32429.5,673.0,0.452,10.9,North,0
43,Male,36517.84,572.0,0.292,15.5,East,1
58,Male,78127.83,624.0,0.158,12.2,South,1
25,Male,38570.75,819.0,0.347,0.0,South,1
54,Male,45258.06,639.0,0.336,1.9,South,0
44,Female,44163.73,803.0,0.397,10.4,North,1
41,Female,50976.15,616.0,0.506,8.4,East,0
26,Male,32085.67,740.0,0.381,12.6,North,1
39,Male,87130.5,479.0,0.475,4.9,North,0
56,Male,30000.0,508.0,0.167,11.0,South,1
56,Male,95302.44,565.0,0.436,0.2,North,0
26,Male,68540.46,672.0,0.574,0.4,North,0
64,Female,42059.78,565.0,0.234,0.0,South,0
29,Male,74584.8,604.0,0.607,5.7,North,0
29,Male,65220.94,632.0,0.456,6.8,South,1
31,Male,57345.46,693.0,0.657,6.6,North,0
61,Female,43752.42,658.0,0.358,7.9,South,0
58,Male,73805.02,813.0,0.434,5.5,South,1
62,Female,70252.65,785.0,0.476,8.9,East,0
64,Female,39945.32,627.0,0.209,0.0,South,1
59,Male,57060.88,568.0,0.289,11.3,South,1
53,Male,92828.47,719.0,0.506,15.1,East,1
55,Male,42262.22,598.0,0.641,9.8,North,0
47,Male,99620.81,655.0,0.135,5.0,North,1
50,Female,105574.27,676.0,0.395,13.5,East,0
24,Female,87558.84,723.0,0.345,0.0,South,1
58,Male,30000.0,606.0,0.689,4.0,South,0
27,Male,45626.9,653.0,0.259,15.6,East,1
48,Female,76868.58,642.0,0.298,10.4,South,1
50,Male,65712.29,638.0,0.349,13.0,East,1
53,Female,41609.18,569.0,0.593,11.1,South,0
56,Female,61161.44,729.0,0.454,8.2,North,0
22,Female,76834.43,616.0,0.527,5.9,South,0
40,Male,71352.94,720.0,0.35,7.3,East,1
58,Male,60749.0,755.0,0.317,17.2,South,1
62,Female,30000.0,592.0,0.479,3.2,South,0
53,Female,39351.99,720.0,0.477,9.6,North,0
33,Male,85834.7,647.0,0.349,19.5,North,1
59,Male,66530.11,667.0,0.542,6.8,South,1
34,Male,52938.68,500.0,0.362,5.3,North,0
31,Male,50652.59,546.0,0.384,5.4,East,0
54,Female,56394.52,627.0,0.521,1.2,East,0
49,Male,57923.87,777.0,0.327,12.6,North,1
44,Female,70804.21,607.0,0.513,0.0,South,0
34,Female,81572.79,649.0,0.493,2.6,North,0
28,Male,30000.0,687.0,0.574,10.2,East,1
64,Male,33793.11,719.0,0.348,17.0,North,1
61,Female,78853.44,702.0,0.502,0.0,South,1
47,Male,61030.35,490.0,0.484,9.9,South,0
51,Male,66520.56,656.0,0.511,2.4,North,0
46,Male,71457.66,653.0,0.456,12.1,North,1
52,Female,107944.94,684.0,0.321,12.8,North,1
41,Male,36177.97,612.0,0.411,0.3,South,0
44,Male,89633.01,543.0,0.193,9.0,South,1
42,Male,85302.88,752.0,0.198,1.0,North,1
40,Female,62573.41,605.0,0.18,4.5,North,1
24,Female,30000.0,689.0,0.729,1.4,North,0
24,Female,115624.94,613.0,0.549,8.9,South,0
59,Male,83280.5,535.0,0.57,8.7,North,0
63,Male,81050.52,631.0,0.465,1.6,North,1
39,Male,95785.65,621.0,0.475,13.9,East,1
42,Male,82594.71,476.0,0.251,4.2,South,1
50,Female,79733.93,737.0,0.548,0.0,South,0
33,Female,92600.63,702.0,0.545,10.5,North,0
41,Female,77561.05,580.0,0.435,10.3,South,0
47,Male,67903.13,699.0,0.408,9.2,North,1
41,Male,48748.63,702.0,0.589,2.8,South,0
32,Female,51558.27,558.0,0.468,6.3,South,0
53,Female,80923.42,625.0,0.558,3.0,North,0
24,Male,71219.42,745.0,0.464,11.2,North,1
62,Male,94353.87,588.0,0.262,8.8,North,1
23,Male,80653.94,479.0,0.173,3.8,North,1
36,Male,78565.47,654.0,0.501,10.3,South,1
23,Male,63823.04,786.0,0.402,9.3,East,1
26,Male,54262.15,647.0,0.314,5.6,North,1
38,Male,59968.64,700.0,0.1,6.3,North,1
39,Female,63005.57,552.0,0.561,7.9,North,0
51,Female,93264.28,538.0,0.282,0.0,South,0
34,Female,72151.02,635.0,0.414,0.0,North,0
58,Male,70639.74,635.0,0.298,12.2,North,1
47,Female,113007.97,653.0,0.256,11.0,South,0
29,Female,81373.93,572.0,0.402,13.6,South,1
44,Male,84445.23,556.0,0.343,10.2,South,1
59,Male,49415.04,593.0,0.466,15.2,North,0
41,Male,55655.01,617.0,0.434,4.9,North,0
46,Male,46308.9,705.0,0.1,14.9,South,1
60,Female,53566.59,595.0,0.298,6.3,East,1
43,Female,46556.57,650.0,0.454,5.2,East,0
30,Male,67368.05,634.0,0.615,4.8,South,0
30,Female,80419.98,648.0,0.303,7.7,South,0
42,Male,50942.58,608.0,0.301,16.1,North,1
46,Female,70636.26,600.0,0.417,3.8,South,0
60,Female,76192.86,659.0,0.435,4.9,South,1
49,Male,58717.57,684.0,0.203,10.5,South,1
30,Male,83439.03,664.0,0.424,4.9,North,1
49,Male,62722.38,509.0,0.275,10.2,North,1
56,Male,42883.33,504.0,0.578,11.2,South,0
48,Female,34525.14,674.0,0.17,12.5,South,1
46,Male,77634.07,625.0,0.234,11.7,North,1
30,Female,53856.79,493.0,0.375,6.6,South,0
41,Male,75173.4,668.0,0.418,8.2,North,1
54,Male,46893.06,769.0,0.383,0.4,North,1
38,Female,43850.14,641.0,0.631,9.6,North,0
48,Female,75752.4,583.0,0.332,13.3,North,0
45,Female,38011.27,670.0,0.364,15.3,North,0
44,Male,30000.0,572.0,0.304,8.9,East,1
51,Male,33184.7,600.0,0.456,3.1,South,0
41,Male,80093.47,693.0,0.237,8.6,South,1
35,Female,80905.35,676.0,0.466,0.0,North,0
33,Male,87053.93,634.0,0.827,10.1,North,0
43,Female,69271.19,590.0,0.597,6.7,North,0
56,Male,70798.15,615.0,0.428,9.9,North,1
23,Female,43391.01,693.0,0.359,6.0,North,1
59,Male,80949.6,710.0,0.345,3.3,East,1
30,Male,84865.08,560.0,0.339,9.3,East,1
42,Male,60595.48,559.0,0.62,3.6,North,0
61,Female,56726.53,650.0,0.38,10.0,East,0
62,Male,50047.96,685.0,0.286,11.8,East,1
62,Male,40479.05,536.0,0.31,0.5,North,0
49,Female,77595.21,645.0,0.466,8.5,South,1
42,Female,58019.79,670.0,0.673,2.0,North,0
24,Male,84749.06,712.0,0.763,10.4,East,1
32,Male,73371.59,706.0,0.279,7.3,North,1
64,Female,66744.25,623.0,0.358,13.5,East,1
38,Female,54665.06,730.0,0.54,8.0,East,1
51,Male,52273.27,643.0,0.333,17.2,North,1
34,Female,66236.78,557.0,0.46,8.2,South,0
49,Male,56791.35,684.0,0.118,1.4,East,1
23,Male,44307.79,721.0,0.165,14.5,North,1
30,Male,104523.45,618.0,0.612,8.6,North,0
64,Female,63335.35,710.0,0.1,8.6,South,1
52,Female,49209.62,557.0,0.443,13.7,North,0
58,Female,58104.08,658.0,0.158,1.4,North,0
57,Male,60598.74,572.0,0.364,13.6,North,1
41,Male,39128.96,703.0,0.428,13.9,North,1
25,Male,51994.72,748.0,0.529,5.9,South,0
29,Male,87265.73,576.0,0.295,10.9,North,1
27,Male,66202.72,547.0,0.489,3.7,North,0
25,Female,30296.83,708.0,0.428,15.3,South,0
23,Female,86823.59,571.0,0.165,7.7,South,1
47,Female,61940.25,762.0,0.121,0.0,South,1
24,Female,64223.98,807.0,0.328,5.4,North,1
42,Female,40965.29,571.0,0.364,5.4,East,0
61,Male,60879.09,616.0,0.426,9.0,East,1
62,Female,44602.26,539.0,0.55,1.5,South,0
34,Male,79942.72,514.0,0.239,8.7,South,1
43,Male,64215.79,568.0,0.368,2.6,East,0
47,Male,71383.39,632.0,0.389,6.0,North,1
44,Female,76533.8,685.0,0.441,15.9,North,1
25,Male,95043.42,657.0,0.51,0.0,North,1
49,Male,80078.31,641.0,0.382,6.6,North,1
42,Male,57294.33,614.0,0.259,5.9,North,1
46,Female,50054.74,757.0,0.346,0.5,South,1
52,Male,75503.58,394.0,0.352,5.7,North,0
56,Female,56189.09,763.0,0.239,3.6,South,0
39,Male,87411.83,648.0,0.433,13.0,North,1
27,Female,58863.65,816.0,0.564,7.9,South,0
40,Male,66271.93,569.0,0.367,9.3,South,1
62,Male,61363.25,608.0,0.521,11.5,East,0
43,Female,100048.84,581.0,0.646,12.4,South,0
54,Male,69376.59,749.0,0.377,3.7,East,1
27,Male,52785.94,691.0,0.306,17.0,North,1
59,Female,85889.96,745.0,0.502,6.1,South,1
38,Female,69204.57,601.0,0.436,6.4,South,0
31,Female,63743.02,742.0,0.734,8.0,South,1
56,Female,38644.69,699.0,0.465,2.0,East,0
23,Female,65581.24,684.0,0.335,15.3,South,1
57,Male,58569.74,636.0,0.397,12.5,North,1
47,Female,50174.42,652.0,0.323,12.2,South,1
47,Female,61129.69,720.0,0.221,13.0,South,1
32,Male,39419.07,750.0,0.435,1.7,North,0
63,Male,47898.36,616.0,0.359,8.5,South,1
38,Female,54662.13,787.0,0.352,4.7,South,1
23,Female,75631.92,567.0,0.301,12.5,South,1
49,Female,67104.25,723.0,0.468,0.5,East,0
34,Male,69516.08,624.0,0.369,15.0,North,1
45,Female,30000.0,541.0,0.415,4.4,North,0
53,Female,60193.82,642.0,0.377,5.0,South,0
35,Female,84770.77,529.0,0.246,5.3,South,1
43,Male,35463.99,683.0,0.491,5.7,North,0
34,Male,91559.26,678.0,0.207,4.3,North,1
60,Female,51635.87,632.0,0.487,9.3,North,0
43,Female,64477.24,689.0,0.598,0.4,South,0
52,Male,44763.26,445.0,0.558,6.0,South,0
25,Female,61628.87,489.0,0.298,8.7,East,0
37,Male,82009.35,672.0,0.467,10.9,North,1
57,Female,59750.79,694.0,0.429,26.7,South,0
50,Male,47322.92,632.0,0.351,9.8,North,0
44,Male,55642.19,676.0,0.335,6.5,North,1
58,Female,74798.35,771.0,0.318,10.4,East,1
22,Male,66961.16,632.0,0.415,5.6,East,0
35,Male,67396.79,659.0,0.456,3.4,South,0
50,Male,60375.35,656.0,0.607,1.1,South,0
37,Male,83884.17,666.0,0.683,8.5,East,0
41,Female,94053.06,574.0,0.644,0.0,South,0
24,Female,77978.62,605.0,0.184,9.8,South,1
63,Male,30000.0,623.0,0.524,9.8,East,0
24,Male,34644.02,721.0,0.209,6.4,South,1
50,Male,68400.95,766.0,0.325,3.0,South,1
60,Male,46144.43,669.0,0.269,3.0,North,1
55,Female,75168.02,638.0,0.1,7.3,South,1
44,Male,58749.64,635.0,0.295,16.3,North,1
38,Female,49275.27,733.0,0.483,8.3,South,1
45,Male,37079.9,613.0,0.724,10.0,North,0
24,Female,30000.0,708.0,0.216,0.0,South,1
59,Male,50630.57,742.0,0.343,6.8,East,1
62,Male,92543.2,591.0,0.104,4.6,North,1
53,Female,88467.82,564.0,0.243,8.2,East,0
28,Female,54481.78,499.0,0.129,8.2,South,1
48,Male,96444.18,770.0,0.518,1.7,North,1
42,Male,32230.72,810.0,0.436,14.0,North,1
49,Male,60295.4,598.0,0.368,5.1,North,0
36,Female,41014.83,824.0,0.402,10.8,South,1
26,Female,86477.88,476.0,0.367,7.8,North,0
38,Female,30000.0,614.0,0.189,9.5,North,1
43,Male,48877.12,563.0,0.421,2.9,South,0
54,Female,38013.8,720.0,0.332,1.4,East,0
37,Male,41570.32,755.0,0.482,2.2,East,0
50,Female,66886.33,725.0,0.467,9.8,South,1
29,Female,49594.23,581.0,0.327,2.9,South,0
59,Male,75130.52,535.0,0.518,6.3,North,0
41,Male,61110.81,635.0,0.11,6.5,North,1
34,Female,60003.55,756.0,0.363,16.6,North,1
58,Male,80036.16,651.0,0.215,2.6,South,1
43,Female,64165.69,599.0,0.36,10.7,North,1
54,Male,83424.44,602.0,0.667,7.1,North,0
49,Male,33481.61,674.0,0.336,0.0,South,1
29,Male,35392.87,850.0,0.144,9.1,North,1
37,Female,76172.7,700.0,0.536,14.9,South,0
49,Male,60682.44,605.0,0.281,3.4,South,1
38,Female,38838.81,711.0,0.1,6.9,South,0
24,Male,55635.37,839.0,0.355,8.0,North,1
26,Male,31036.42,655.0,0.36,14.1,East,1
28,Male,65854.56,650.0,0.287,7.0,North,1
36,Male,67472.69,514.0,0.598,8.9,North,0
44,Male,72698.71,715.0,0.442,11.5,North,1
30,Female,49606.83,622.0,0.38,3.9,South,1
64,Female,87546.41,615.0,0.493,5.1,South,0
50,Male,91910.6,606.0,0.56,4.8,North,0
42,Male,97415.48,660.0,0.414,0.0,South,0
49,Male,66641.47,744.0,0.398,9.6,North,1
36,Female,75548.95,667.0,0.323,7.6,North,1
32,Male,66052.62,601.0,0.501,4.7,South,1
23,Male,62033.56,584.0,0.343,9.7,North,1
44,Female,95494.03,540.0,0.73,0.8,South,0
27,Male,46294.74,603.0,0.431,0.0,South,0
63,Female,75390.29,773.0,0.455,1.5,South,1
55,Male,50213.14,644.0,0.1,9.4,North,1
60,Female,68843.5,747.0,0.164,15.0,South,0
32,Male,71698.05,651.0,0.321,6.3,South,1
33,Male,54333.35,577.0,0.531,2.5,North,0
45,Female,74528.66,733.0,0.442,3.6,South,0
40,Male,66814.64,657.0,0.302,9.7,North,1
61,Male,68534.27,588.0,0.431,1.0,North,1
42,Female,53985.46,724.0,0.444,12.6,South,1
49,Male,48511.23,579.0,0.509,13.4,North,0
38,Female,79098.06,601.0,0.518,0.6,South,0
43,Male,67071.17,706.0,0.241,2.7,South,1
58,Female,92225.86,589.0,0.157,0.9,North,1
38,Female,50679.47,745.0,0.43,12.3,South,1
43,Female,67980.86,650.0,0.337,2.1,South,1
54,Male,57250.96,730.0,0.392,2.7,North,1
27,Female,77966.12,472.0,0.589,0.4,North,0
38,Male,81866.19,808.0,0.496,4.4,East,1
56,Male,74969.35,615.0,0.379,2.4,South,1
35,Male,52519.11,785.0,0.199,11.9,North,1
38,Male,59044.92,673.0,0.358,10.4,North,1
57,Male,58205.7,526.0,0.585,0.0,South,0
30,Female,46239.54,744.0,0.58,2.8,South,1
41,Male,38132.5,524.0,0.644,0.3,North,0
42,Male,85524.78,728.0,0.301,4.9,North,1
45,Male,51582.45,732.0,0.411,1.0,South,0
34,Female,78379.87,624.0,0.279,10.7,North,0
26,Female,30000.0,569.0,0.547,10.5,South,0
60,Male,72636.16,685.0,0.412,10.3,East,1
51,Female,40301.16,683.0,0.32,0.2,South,1
29,Female,31336.94,701.0,0.442,7.4,East,1
39,Male,40023.94,646.0,0.654,14.2,South,0
26,Male,54249.25,720.0,0.35,11.5,South,1
22,Male,91171.25,650.0,0.516,13.8,North,1
60,Male,81847.87,615.0,0.333,0.0,North,1
39,Female,70794.47,764.0,0.251,0.9,North,0
34,Male,54958.04,820.0,0.271,6.5,North,1
34,Male,47638.95,607.0,0.308,5.7,North,0
30,Male,68013.08,665.0,0.602,11.1,South,1
62,Male,78836.71,667.0,0.465,13.0,North,1
62,Male,53621.07,722.0,0.534,1.2,North,0
36,Male,77182.03,683.0,0.267,5.9,South,1
33,Female,48751.67,696.0,0.43,14.1,South,1
41,Male,92144.05,650.0,0.561,0.0,South,0
39,Female,74457.66,622.0,0.501,11.7,East,1
56,Male,99126.61,662.0,0.212,5.5,North,1
59,Male,30000.0,664.0,0.396,2.1,North,0
23,Male,86326.11,563.0,0.318,0.0,South,0
62,Male,61238.8,568.0,0.612,4.3,North,0
33,Female,56646.63,627.0,0.172,15.4,East,1
46,Female,103246.88,599.0,0.501,3.3,South,0
35,Female,77719.19,679.0,0.287,7.9,South,1
57,Male,52211.22,649.0,0.276,8.0,South,1
48,Male,83283.58,667.0,0.382,9.7,North,1
60,Male,51537.6,660.0,0.338,0.0,East,1
27,Female,93002.71,654.0,0.834,14.2,South,0
37,Female,41478.36,639.0,0.499,10.6,South,0
33,Female,49539.02,679.0,0.239,5.9,North,0
31,Male,30000.0,739.0,0.414,4.1,North,1
63,Male,61736.76,599.0,0.81,16.8,North,0
42,Female,86708.19,659.0,0.587,17.5,East,0
60,Female,83941.57,754.0,0.409,4.1,South,1
40,Female,48533.73,819.0,0.293,2.4,East,0
57,Female,39313.85,579.0,0.531,7.5,South,0
56,Female,58176.82,679.0,0.288,3.5,South,0
60,Male,84960.9,641.0,0.492,3.4,North,0
31,Male,56356.28,625.0,0.331,6.5,North,1
52,Male,87450.28,641.0,0.285,9.3,East,1
51,Male,72127.6,660.0,0.289,10.0,North,1
43,Male,75023.32,602.0,0.416,11.2,East,1
28,Female,57794.8,626.0,0.38,6.8,East,1
54,Female,81438.4,704.0,0.479,0.0,South,0
23,Male,53072.4,623.0,0.69,19.5,North,0
58,Female,69251.83,601.0,0.559,1.7,South,0
36,Female,66409.72,664.0,0.521,8.1,South,1
57,Female,92462.48,633.0,0.293,10.2,South,1
24,Male,57478.62,669.0,0.374,2.9,South,0
46,Female,55642.12,559.0,0.383,17.8,South,1
36,Male,65134.38,632.0,0.521,8.1,South,1
51,Male,60123.77,608.0,0.428,5.0,South,1
25,Female,40307.17,574.0,0.334,12.5,South,1
36,Male,78812.0,571.0,0.631,7.8,North,0
25,Male,96769.8,679.0,0.33,8.8,East,1
27,Male,52320.17,641.0,0.179,4.7,North,1
32,Male,48024.29,654.0,0.374,13.8,North,1
22,Male,99546.51,594.0,0.351,8.4,East,1
24,Male,76754.9,620.0,0.333,7.1,North,1
59,Female,50490.83,716.0,0.147,11.7,South,1
53,Female,78017.43,776.0,0.669,9.9,South,0
56,Male,98531.96,666.0,0.494,3.2,South,0
46,Female,65380.17,687.0,0.36,10.8,South,1
43,Male,63109.79,571.0,0.456,6.8,South,0
53,Male,81913.03,524.0,0.535,2.6,East,0
44,Male,56785.23,720.0,0.495,0.0,North,1
34,Female,72489.28,624.0,0.446,7.3,North,1
36,Male,94543.51,694.0,0.361,13.0,South,1
37,Female,80980.57,622.0,0.614,2.5,North,0
38,Male,59695.94,730.0,0.425,10.7,East,1
26,Female,88564.75,652.0,0.483,4.7,North,1
39,Male,68963.45,609.0,0.464,10.4,North,1
23,Female,66766.81,517.0,0.44,2.1,North,0
64,Female,56861.22,688.0,0.339,8.0,South,0
53,Female,62056.95,670.0,0.2,4.3,South,0
64,Female,45574.86,618.0,0.442,16.3,East,1
27,Male,45194.74,671.0,0.307,7.2,North,1
32,Male,56171.36,676.0,0.587,4.7,North,0
58,Male,73009.37,541.0,0.456,16.7,North,1
42,Female,30000.0,565.0,0.31,7.3,South,0
39,Male,34904.3,703.0,0.261,7.0,North,1
64,Female,70094.12,578.0,0.56,9.8,North,0
27,Male,71612.35,711.0,0.633,6.5,North,0
58,Female,71180.8,654.0,0.375,2.8,South,0
51,Female,49917.69,606.0,0.621,3.3,East,0
22,Female,69512.12,798.0,0.506,7.5,South,1
42,Female,78233.25,711.0,0.364,0.4,North,1
41,Female,53269.42,735.0,0.247,15.6,East,0
46,Male,30000.0,654.0,0.437,3.6,North,1
24,Male,63263.75,693.0,0.175,12.5,North,1
43,Male,53632.97,589.0,0.477,4.6,North,0
33,Male,65456.37,594.0,0.196,0.0,East,1
33,Male,136112.34,783.0,0.502,9.9,North,1
39,Female,57877.43,579.0,0.56,7.0,South,0
63,Male,88134.2,741.0,0.344,0.0,North,1
26,Male,40768.24,640.0,0.255,5.6,North,1
35,Male,74089.78,599.0,0.455,13.2,South,1
51,Male,79250.08,574.0,0.532,6.1,North,0
60,Male,54391.82,722.0,0.61,12.3,North,1
49,Female,47071.27,622.0,0.373,0.0,South,0
55,Female,85462.94,679.0,0.672,11.7,South,0
34,Female,76341.38,685.0,0.1,0.0,South,1
60,Male,68897.97,732.0,0.28,7.6,East,1
27,Female,94941.64,537.0,0.712,9.7,North,0
62,Female,90362.71,577.0,0.666,0.0,South,0
53,Male,112369.63,756.0,0.803,9.2,South,0
54,Female,95491.86,519.0,0.744,10.7,East,0
54,Female,39459.01,664.0,0.73,0.0,South,0
47,Female,59037.89,617.0,0.613,3.6,North,0
24,Female,64635.52,684.0,0.399,9.3,East,1
60,Male,60157.03,533.0,0.558,5.2,North,0
39,Female,63922.3,723.0,0.552,4.8,South,1
43,Female,66616.35,724.0,0.408,5.7,North,1
53,Male,70534.09,665.0,0.578,8.4,North,0
45,Female,34882.47,751.0,0.656,10.5,East,0
49,Male,50131.55,549.0,0.513,5.1,North,0
52,Male,101510.74,636.0,0.377,5.1,East,1
23,Female,53295.06,646.0,0.278,3.0,South,1
50,Male,58121.93,766.0,0.248,6.1,East,1
49,Male,78274.05,817.0,0.419,2.9,East,1
54,Male,106024.32,474.0,0.336,9.2,North,1
40,Male,47885.3,667.0,0.461,15.5,North,1
55,Male,62106.73,772.0,0.527,14.8,East,1
31,Male,64807.69,732.0,0.473,15.4,South,1
42,Female,73682.59,520.0,0.404,3.4,South,0
53,Female,56862.75,615.0,0.265,11.2,South,0
50,Female,54116.19,562.0,0.497,14.9,South,0
53,Male,79869.46,729.0,0.438,2.1,South,1
22,Female,100146.19,675.0,0.544,0.0,South,1
34,Male,57451.19,688.0,0.217,2.6,East,1
45,Male,48894.02,767.0,0.817,4.9,North,0
26,Female,45435.58,631.0,0.535,4.7,South,0
49,Female,59254.32,711.0,0.275,5.8,South,1
38,Female,69421.79,599.0,0.366,10.1,East,1
56,Male,55869.56,640.0,0.271,21.6,South,1
57,Male,40345.89,660.0,0.486,7.6,North,1
52,Female,66089.31,825.0,0.411,4.7,East,1
58,Male,57395.78,719.0,0.454,14.9,East,1
35,Male,62834.16,611.0,0.421,3.9,North,1
36,Female,70619.04,648.0,0.49,7.1,South,0
39,Male,74185.83,596.0,0.497,5.5,South,0
34,Female,127915.23,707.0,0.641,2.8,East,1
32,Female,45473.64,663.0,0.327,6.2,East,0
29,Male,49166.83,512.0,0.327,7.7,South,0
60,Female,85730.49,566.0,0.442,3.5,South,0
48,Male,39925.15,684.0,0.535,7.6,East,0
40,Male,30000.0,584.0,0.426,9.1,South,0
63,Female,65293.28,707.0,0.606,0.0,South,0
43,Male,85970.2,635.0,0.253,6.5,North,1
36,Male,44498.83,535.0,0.321,13.9,East,0
49,Female,68333.06,556.0,0.33,10.9,South,1
40,Male,60685.49,671.0,0.323,1.1,North,1
33,Male,79341.15,664.0,0.407,8.6,North,1
46,Female,61113.03,658.0,0.242,4.5,East,0
40,Male,83770.29,644.0,0.448,3.3,North,0
22,Male,53638.34,672.0,0.519,6.6,North,0
47,Female,44926.14,742.0,0.72,1.5,South,0
30,Female,58455.15,618.0,0.444,11.2,South,1
24,Female,61548.35,582.0,0.279,9.4,South,1
29,Female,112312.93,579.0,0.342,0.0,South,0
44,Female,30000.0,646.0,0.329,15.7,North,0
45,Male,51181.18,733.0,0.324,8.9,North,1
53,Female,44126.81,677.0,0.231,5.3,South,1
22,Male,51749.12,586.0,0.422,7.8,East,0
34,Male,82484.74,495.0,0.456,11.3,East,0
43,Male,62857.41,644.0,0.364,10.7,North,1
52,Female,48890.77,821.0,0.405,5.5,South,0
38,Male,45502.86,701.0,0.288,4.6,North,1
60,Male,51523.51,642.0,0.397,14.8,South,1
41,Male,50883.38,651.0,0.289,3.9,North,1
43,Female,83807.48,776.0,0.195,11.8,East,1
31,Male,69329.71,581.0,0.703,9.8,North,0
60,Male,67400.81,717.0,0.291,4.7,North,1
56,Male,52941.31,556.0,0.346,3.7,North,0
27,Female,33788.77,656.0,0.628,9.7,North,0
30,Female,85285.33,713.0,0.605,2.2,North,0
54,Female,50900.3,718.0,0.613,0.0,North,0
24,Male,53055.23,638.0,0.45,2.8,North,1
43,Female,96118.9,559.0,0.535,1.2,South,0
59,Female,86910.24,675.0,0.624,0.8,North,0
63,Female,67744.44,687.0,0.414,0.0,South,1
41,Male,51743.93,628.0,0.565,7.9,North,0
38,Female,34063.61,660.0,0.275,16.8,North,0
57,Male,59948.98,740.0,0.422,11.8,East,1
55,Male,48336.56,691.0,0.158,7.8,South,1
38,Male,38993.92,599.0,0.257,9.5,North,1
58,Male,59815.52,646.0,0.297,5.5,North,1
32,Female,88084.3,720.0,0.1,7.6,South,1
47,Male,103392.39,538.0,0.312,2.0,East,1
22,Female,56535.69,706.0,0.425,6.5,South,1
63,Female,78782.59,650.0,0.261,6.7,East,0
52,Male,55415.93,604.0,0.122,9.5,East,1
54,Male,75672.71,747.0,0.452,18.2,North,1
47,Male,86771.36,724.0,0.409,8.1,North,1
49,Female,63393.99,558.0,0.324,0.0,South,0
38,Female,57210.74,771.0,0.46,10.6,North,1
47,Male,72252.2,733.0,0.493,3.7,North,1
64,Male,117295.98,741.0,0.393,15.9,North,1
58,Female,45549.2,725.0,0.222,10.2,North,1
57,Male,37344.43,768.0,0.582,12.3,North,1
41,Female,43876.49,659.0,0.457,6.7,South,1
60,Male,45332.9,775.0,0.387,11.5,North,1
33,Female,99678.7,771.0,0.361,11.8,East,1
50,Male,73256.44,652.0,0.334,2.0,North,1
61,Female,88828.7,585.0,0.431,4.2,South,0
45,Male,54503.71,711.0,0.269,13.6,North,1
23,Male,60631.76,814.0,0.334,7.0,East,1
30,Male,89802.81,705.0,0.326,15.5,North,1
42,Female,84167.51,595.0,0.239,0.0,North,1
44,Female,60248.24,600.0,0.418,10.1,South,0
54,Female,35186.71,626.0,0.522,8.4,East,0
28,Female,52858.3,627.0,0.41,3.9,South,0
38,Female,57206.2,634.0,0.265,5.2,South,1
58,Male,81920.99,644.0,0.282,4.6,North,1
51,Male,30000.0,643.0,0.315,4.5,East,0
59,Female,34112.04,575.0,0.449,5.7,South,0
50,Female,92467.53,571.0,0.28,4.3,North,1
38,Male,74305.35,723.0,0.519,3.2,North,1
31,Female,42944.72,803.0,0.35,3.3,South,1
59,Female,89374.48,665.0,0.454,2.4,East,1
33,Female,48548.43,646.0,0.441,6.8,South,0
57,Male,114117.93,645.0,0.519,8.7,South,1
28,Female,89788.02,680.0,0.433,10.9,South,1
55,Female,42778.36,674.0,0.511,16.1,North,0
25,Female,43016.18,726.0,0.297,5.5,South,0
45,Male,55891.24,756.0,0.493,5.7,North,1
22,Male,97561.06,656.0,0.368,13.5,East,1
64,Female,85693.47,794.0,0.1,4.6,East,0
34,Female,65109.21,791.0,0.362,7.7,South,1
37,Male,63621.2,698.0,0.158,4.4,North,1
50,Female,50970.12,630.0,0.524,8.4,South,0
55,Male,77967.3,700.0,0.24,10.0,East,1
49,Female,70496.16,755.0,0.421,0.0,South,1
59,Male,91686.64,657.0,0.406,15.6,North,1
61,Female,89304.67,642.0,0.19,6.4,South,1
22,Female,68629.44,699.0,0.475,8.9,South,0
44,Male,35071.43,615.0,0.61,0.2,North,0
29,Female,34325.32,724.0,0.414,13.3,South,0
62,Female,43373.98,642.0,0.336,0.0,North,0
30,Male,82516.01,704.0,0.186,10.0,North,1
62,Female,68958.55,577.0,0.265,11.4,South,0
33,Male,58560.8,774.0,0.294,2.6,North,1
47,Male,88440.21,664.0,0.561,3.9,North,1
27,Male,50236.33,534.0,0.2,0.0,South,0
29,Male,75527.14,557.0,0.585,9.5,East,0
33,Female,74701.3,698.0,0.408,8.9,South,1
52,Male,67833.08,715.0,0.432,0.7,South,1
44,Male,50064.81,605.0,0.397,7.3,North,1
22,Female,76687.27,554.0,0.452,6.7,North,0
31,Female,33634.17,642.0,0.47,7.6,South,0
51,Female,45231.53,614.0,0.469,15.8,South,0
28,Male,74206.15,718.0,0.149,15.3,North,1
47,Male,46654.44,548.0,0.234,5.7,North,0
55,Male,70853.58,659.0,0.495,6.6,North,1
56,Male,54638.58,597.0,0.262,10.8,North,1
55,Male,127670.73,780.0,0.516,12.9,North,1
44,Female,68143.29,647.0,0.329,4.4,South,1
59,Male,70007.93,696.0,0.337,0.0,East,1
22,Male,34483.7,784.0,0.343,13.5,East,1
29,Female,68564.87,814.0,0.166,6.8,North,1
44,Male,38952.67,766.0,0.659,5.6,North,0
24,Male,34478.32,522.0,0.198,6.8,South,0
23,Male,45908.64,703.0,0.603,9.6,North,0
46,Female,30000.0,609.0,0.532,4.5,East,0
53,Male,56045.02,727.0,0.451,10.1,North,1
53,Female,64795.83,509.0,0.376,0.0,South,0
60,Female,61650.23,714.0,0.47,3.7,South,1
30,Male,77052.2,606.0,0.165,14.9,North,1
51,Male,64513.59,641.0,0.463,0.3,East,0
45,Female,66805.63,491.0,0.472,5.9,North,0
53,Male,32327.97,624.0,0.266,0.3,South,1
62,Male,68288.03,691.0,0.388,2.6,South,1
48,Male,69369.54,652.0,0.381,9.4,North,1
28,Female,64827.56,616.0,0.334,10.9,South,1
48,Female,39998.09,794.0,0.492,12.2,South,0
36,Female,66058.35,705.0,0.445,11.2,East,1
62,Female,87513.45,655.0,0.443,2.9,South,0
36,Male,69162.33,672.0,0.626,0.5,North,0
44,Female,91748.68,593.0,0.597,9.7,South,1
39,Female,61366.61,658.0,0.302,5.1,North,1
27,Female,48598.17,702.0,0.523,7.9,South,1
35,Male,30000.0,551.0,0.45,13.4,North,0
45,Female,87046.98,563.0,0.164,0.0,North,0
36,Female,30000.0,695.0,0.444,9.1,East,0
33,Male,97889.35,760.0,0.351,5.0,North,1
41,Male,74025.66,618.0,0.272,13.1,North,1
40,Female,81549.22,497.0,0.506,0.0,South,0
23,Female,78201.91,675.0,0.475,9.0,South,1
27,Female,74498.95,634.0,0.431,8.5,East,1
34,Male,89162.33,567.0,0.475,0.0,North,0
47,Female,60533.1,712.0,0.535,7.8,South,0
49,Male,79811.69,681.0,0.503,3.4,North,1
63,Male,32152.84,509.0,0.457,0.8,East,0
59,Male,79704.49,617.0,0.443,6.6,North,0
25,Female,69272.47,607.0,0.514,7.3,South,0
36,Male,77244.1,669.0,0.238,7.3,South,1
30,Male,44352.05,794.0,0.207,10.2,North,1
32,Male,54982.13,658.0,0.345,5.3,North,1
28,Male,30000.0,692.0,0.562,2.9,North,0
32,Female,62161.3,708.0,0.381,22.8,South,0
36,Male,77098.47,625.0,0.121,8.6,North,1
23,Female,89073.28,547.0,0.423,10.9,South,0
49,Male,74297.58,624.0,0.388,7.7,North,1
42,Female,46498.33,549.0,0.404,15.3,South,0
47,Male,56084.2,689.0,0.185,8.8,North,1
64,Female,89713.35,572.0,0.566,5.8,East,0
29,Male,65132.53,728.0,0.1,5.8,North,1
33,Male,73421.87,737.0,0.448,4.2,North,1
53,Female,34226.58,618.0,0.624,0.0,East,0
52,Female,70270.75,729.0,0.59,0.1,North,1
39,Female,45845.67,722.0,0.497,5.2,North,1
64,Female,84341.31,552.0,0.269,7.0,East,0
52,Male,44835.42,578.0,0.124,3.9,North,1
34,Female,74354.37,789.0,0.277,10.2,South,0
53,Male,65665.72,624.0,0.375,1.6,North,1
22,Female,31111.28,583.0,0.237,7.6,South,0
52,Male,101478.75,645.0,0.347,1.1,South,1
35,Female,61427.06,752.0,0.211,6.5,South,1
38,Male,53175.01,618.0,0.464,1.1,East,0
58,Female,94009.13,684.0,0.357,15.8,East,0
22,Female,44985.22,490.0,0.475,10.3,East,0
31,Male,88234.29,669.0,0.206,8.2,North,1
47,Male,62925.32,553.0,0.352,0.0,North,0
45,Female,47564.38,612.0,0.234,12.1,North,0
55,Female,63209.86,687.0,0.402,8.2,South,1
24,Male,91810.88,734.0,0.396,4.0,North,1
25,Male,67962.43,486.0,0.49,2.6,North,0
24,Female,30000.0,701.0,0.46,4.3,South,0
38,Female,127023.73,705.0,0.197,6.5,South,1
55,Female,30000.0,592.0,0.604,1.7,East,0
60,Female,66848.08,612.0,0.287,13.5,East,1
44,Female,84799.18,580.0,0.437,9.3,East,0
45,Male,90757.79,607.0,0.588,1.5,East,0
53,Female,37511.0,453.0,0.327,14.9,East,0
57,Male,90894.1,688.0,0.281,14.8,North,1
58,Female,72272.66,659.0,0.45,0.0,South,0
56,Male,55174.73,580.0,0.149,10.8,North,1
22,Male,49618.94,775.0,0.493,7.2,North,1
55,Female,77819.73,652.0,0.349,3.8,South,1
38,Male,57207.98,703.0,0.136,5.4,North,1
38,Female,30000.0,581.0,0.383,10.5,South,0
42,Male,56245.23,660.0,0.5,4.0,East,0
62,Female,48533.06,636.0,0.288,9.3,East,1
23,Female,70029.52,675.0,0.653,3.8,South,0
23,Male,105089.3,648.0,0.24,9.5,South,1
27,Female,45995.88,626.0,0.498,10.0,North,0
37,Male,88616.06,743.0,0.402,3.3,North,1
64,Female,45410.82,589.0,0.286,9.8,South,1
48,Female,45333.85,575.0,0.215,6.9,North,1
58,Male,30000.0,584.0,0.392,3.8,East,0
39,Male,69644.39,696.0,0.148,10.9,North,1
26,Male,75913.96,619.0,0.423,12.1,North,1
32,Male,73262.5,623.0,0.41,0.0,South,0
51,Female,105020.36,659.0,0.556,0.3,North,0
43,Female,76094.64,612.0,0.197,5.8,East,1
26,Male,68901.47,571.0,0.451,10.1,East,1
37,Female,41779.6,661.0,0.464,1.0,North,0
34,Male,48483.77,547.0,0.404,9.4,North,0
37,Female,75960.42,734.0,0.316,10.4,South,0
33,Female,80853.36,735.0,0.354,9.6,North,1
56,Male,63789.93,748.0,0.315,9.5,North,1
57,Male,54451.29,693.0,0.205,8.4,North,1
43,Male,70237.11,642.0,0.196,3.0,South,1
43,Male,87572.07,639.0,0.393,1.6,North,1
55,Female,66009.06,617.0,0.387,6.1,South,1
40,Female,82280.26,596.0,0.535,8.0,South,0
53,Female,97960.06,556.0,0.11,9.0,East,0
25,Female,70370.03,660.0,0.423,9.5,South,1
51,Female,50963.25,490.0,0.525,7.9,South,0
51,Female,67680.26,743.0,0.26,10.3,South,0
64,Female,39620.95,659.0,0.202,4.1,South,0
36,Male,75131.26,710.0,0.529,2.3,South,0
43,Male,72496.11,732.0,0.495,6.8,South,1
27,Female,45894.49,628.0,0.532,12.0,South,0
26,Male,82750.03,708.0,0.415,10.5,East,1
41,Male,34253.62,637.0,0.51,6.7,North,0
33,Male,74110.3,655.0,0.373,3.5,South,1
49,Male,49209.86,688.0,0.309,9.1,East,1
43,Female,84215.68,645.0,0.402,3.3,South,1
50,Male,75011.19,749.0,0.565,13.4,South,1
50,Female,47550.3,612.0,0.34,1.5,South,0
40,Female,40324.96,626.0,0.769,1.4,South,0
48,Male,61815.97,557.0,0.413,10.0,North,1
30,Male,56994.77,778.0,0.544,5.9,North,1
36,Male,50769.78,544.0,0.574,5.4,North,0
46,Female,67382.42,675.0,0.283,4.5,South,1
51,Female,57475.25,501.0,0.441,1.5,North,0
48,Male,55010.11,687.0,0.128,13.1,North,1
56,Female,101071.23,646.0,0.406,13.8,South,1
59,Female,75436.11,757.0,0.815,10.8,South,0
50,Male,69456.45,741.0,0.58,0.0,North,1
31,Male,31767.95,678.0,0.367,5.4,North,0
50,Female,49403.41,652.0,0.423,3.6,North,0
35,Female,61874.08,629.0,0.435,11.3,North,1
56,Male,30000.0,697.0,0.326,10.6,North,1
31,Female,35797.5,655.0,0.588,5.2,South,0
23,Female,57229.14,624.0,0.537,3.7,South,0
37,Male,105421.96,732.0,0.412,15.2,South,1
49,Male,65083.99,706.0,0.406,7.3,East,1
40,Female,64083.41,629.0,0.414,2.0,North,0
56,Male,107734.51,692.0,0.464,4.8,East,1
57,Female,88937.74,447.0,0.509,7.8,North,0
46,Male,30000.0,668.0,0.539,5.0,East,0
50,Female,68339.35,797.0,0.387,14.0,South,0
46,Male,120691.76,691.0,0.369,10.2,North,1
32,Male,75538.06,477.0,0.571,14.3,South,0
28,Male,71335.08,610.0,0.585,2.6,East,0
30,Male,67243.72,738.0,0.486,7.0,North,1
60,Male,49658.28,703.0,0.646,5.1,North,0
37,Male,89328.92,630.0,0.661,16.1,East,0
54,Male,73208.07,793.0,0.382,17.4,North,1
47,Male,73359.69,668.0,0.494,8.1,North,0
31,Female,65176.84,676.0,0.432,8.6,South,0
25,Female,60932.21,532.0,0.408,16.0,East,0
40,Male,61801.81,708.0,0.335,13.3,South,1
63,Female,78388.16,714.0,0.6,9.9,South,0
62,Male,79481.75,630.0,0.429,3.8,South,0
31,Male,72392.3,735.0,0.445,5.7,North,1
64,Female,81797.89,671.0,0.338,7.3,South,1
27,Female,74320.26,712.0,0.563,6.1,South,0
30,Male,78431.15,591.0,0.42,2.6,East,1
31,Male,34943.83,645.0,0.329,0.0,East,1
34,Male,75932.0,540.0,0.306,3.1,North,1
24,Female,40253.39,465.0,0.512,6.0,North,0
31,Male,75242.89,831.0,0.374,6.9,South,1
52,Female,74690.59,674.0,0.286,12.2,South,1
46,Male,69863.0,647.0,0.451,3.0,North,0
52,Male,69400.8,593.0,0.396,19.9,North,1
32,Male,56136.65,746.0,0.423,12.2,North,1
28,Male,34591.61,610.0,0.459,2.7,South,0
47,Male,34625.51,676.0,0.162,9.8,North,1
30,Male,63767.12,679.0,0.39,7.5,East,1
51,Male,67291.02,594.0,0.718,8.5,North,0
49,Female,30000.0,820.0,0.437,3.2,South,0
39,Male,58100.34,605.0,0.443,7.1,South,0
48,Male,56722.82,593.0,0.297,5.4,North,1
25,Female,74843.55,788.0,0.291,4.5,East,0
62,Female,30000.0,639.0,0.163,0.0,East,1
56,Male,52572.57,683.0,0.138,2.6,North,1
34,Male,65513.33,680.0,0.52,5.1,South,1
34,Male,74483.66,645.0,0.369,1.8,South,1
23,Female,63338.57,624.0,0.257,7.6,South,1
34,Male,101280.93,600.0,0.371,7.2,North,1
35,Male,56008.08,600.0,0.643,6.3,North,0
50,Female,55657.35,625.0,0.632,5.2,East,0
44,Female,50645.27,639.0,0.396,14.6,East,0
54,Female,65422.99,544.0,0.378,1.0,South,0
24,Female,82676.97,640.0,0.495,6.8,East,1
63,Female,66124.93,586.0,0.515,10.4,South,0
56,Male,47440.02,640.0,0.354,2.3,North,0
61,Male,54515.6,605.0,0.434,3.5,North,0
47,Male,57727.61,617.0,0.528,0.0,North,0
42,Male,89924.53,487.0,0.402,6.6,East,0
62,Male,39708.18,605.0,0.529,13.5,North,1
34,Male,81688.02,683.0,0.309,15.1,South,1
54,Female,87953.03,563.0,0.167,1.2,South,0
46,Male,57571.59,620.0,0.38,6.7,North,0
64,Female,62700.37,689.0,0.694,0.0,North,0
41,Female,58424.09,633.0,0.133,16.0,East,1
58,Female,86873.81,617.0,0.483,8.7,North,0
42,Female,109812.31,631.0,0.238,5.3,East,1
24,Male,54971.7,709.0,0.458,4.5,North,1
39,Male,85103.49,576.0,0.205,0.0,South,1
28,Female,84068.85,673.0,0.363,4.9,South,1
50,Female,69955.49,597.0,0.299,12.2,South,1
31,Male,30000.0,633.0,0.9,0.0,North,0
36,Female,68459.4,598.0,0.4,7.0,East,0
38,Male,80520.09,591.0,0.137,6.1,North,1
40,Male,87987.56,712.0,0.561,16.2,East,1
54,Male,60522.82,682.0,0.354,13.8,East,1
44,Female,110015.5,730.0,0.318,1.0,South,1
49,Female,30000.0,557.0,0.207,4.2,North,0
58,Female,68781.03,655.0,0.351,9.7,South,0
40,Female,82574.68,730.0,0.482,16.7,South,0
56,Female,53525.91,549.0,0.584,11.3,South,0
59,Female,30000.0,628.0,0.423,5.8,South,0
43,Female,52162.85,779.0,0.554,4.1,South,1
47,Female,84602.19,553.0,0.219,3.9,South,1
39,Male,81195.37,714.0,0.635,4.0,North,0
31,Female,64421.05,685.0,0.453,0.0,South,0
46,Female,30000.0,657.0,0.179,1.5,South,1
46,Female,58413.75,728.0,0.512,3.2,South,0
30,Female,51591.92,746.0,0.396,9.3,South,1
50,Male,95768.01,535.0,0.456,3.6,North,0
43,Female,56645.44,645.0,0.552,6.6,South,0
62,Female,43091.54,628.0,0.262,13.2,East,0
22,Female,34073.85,650.0,0.222,11.0,South,1
43,Male,44061.74,583.0,0.34,11.3,North,0
44,Female,57231.08,750.0,0.287,6.9,North,1
39,Male,63055.15,552.0,0.301,3.0,North,1
37,Male,53739.86,592.0,0.155,18.4,North,1
53,Female,88704.69,511.0,0.474,9.8,North,0
32,Female,50149.79,553.0,0.358,4.0,South,0
64,Male,66115.85,499.0,0.678,4.1,East,0
36,Female,30000.0,593.0,0.338,9.9,South,0
60,Male,98727.71,703.0,0.323,7.4,North,1
59,Female,67377.17,616.0,0.419,3.3,South,0
51,Male,58678.29,557.0,0.419,10.9,North,0
22,Female,91768.21,679.0,0.253,7.6,North,0
45,Female,87702.61,540.0,0.503,1.7,East,0
31,Male,63603.79,675.0,0.525,14.2,North,1
59,Female,85089.8,449.0,0.477,8.8,South,0
46,Male,63691.71,782.0,0.362,9.0,East,1
28,Male,75611.4,796.0,0.668,11.4,North,1
38,Male,55527.2,627.0,0.433,7.6,East,1
32,Male,37514.51,612.0,0.463,2.2,East,0
41,Male,90338.26,504.0,0.528,6.7,North,1
48,Female,76926.71,500.0,0.565,3.6,North,0
31,Male,48191.57,688.0,0.382,13.6,South,1
57,Male,77135.92,740.0,0.407,5.4,North,1
61,Female,78152.11,850.0,0.51,12.7,South,0
51,Female,33242.18,532.0,0.274,7.2,South,0
38,Female,59701.76,650.0,0.633,2.7,East,0
60,Female,43294.64,641.0,0.72,0.0,North,0
34,Male,58523.7,766.0,0.676,8.7,East,1
32,Male,30000.0,644.0,0.435,12.4,South,0
37,Female,88733.83,557.0,0.182,5.4,South,0
29,Male,72219.28,611.0,0.32,0.0,North,1
63,Male,67713.8,652.0,0.139,7.7,North,1
47,Male,94153.96,602.0,0.534,0.0,North,0
35,Male,55758.23,543.0,0.599,14.1,North,0
24,Female,69589.1,565.0,0.143,1.0,South,1
32,Female,52712.9,516.0,0.52,7.2,North,0
61,Male,50920.73,678.0,0.111,0.0,South,1
33,Male,66734.86,543.0,0.4,3.4,North,0
31,Female,62121.6,650.0,0.507,1.3,North,0
43,Female,55124.39,718.0,0.504,13.3,South,0
63,Male,68583.93,681.0,0.698,8.7,North,0
45,Male,49845.97,608.0,0.425,8.2,North,0
60,Male,67452.61,695.0,0.317,2.9,North,1
31,Female,80736.5,679.0,0.348,8.3,South,0
41,Female,41498.62,636.0,0.526,11.9,North,0
44,Male,54587.03,597.0,0.152,6.7,East,1
36,Male,50383.52,762.0,0.2,7.0,East,1
59,Female,30000.0,668.0,0.479,7.1,North,0
38,Female,69571.27,587.0,0.263,7.4,East,1
30,Male,68157.07,691.0,0.354,13.9,East,1
29,Male,58392.84,616.0,0.395,7.1,East,1
38,Male,62263.2,675.0,0.577,5.5,East,0
46,Female,54482.35,578.0,0.577,7.0,South,0
54,Male,30000.0,678.0,0.299,6.2,South,1
40,Male,33602.32,687.0,0.434,6.7,North,1
56,Male,80288.84,606.0,0.487,8.2,North,0
46,Female,41301.54,712.0,0.368,7.2,South,1
64,Male,79937.34,582.0,0.174,0.0,North,1
49,Male,63761.04,751.0,0.273,1.3,North,1
49,Male,86337.89,667.0,0.719,10.8,North,0
55,Female,30000.0,695.0,0.623,0.0,South,0
30,Female,49115.72,601.0,0.337,3.9,North,0
37,Female,96948.47,740.0,0.59,6.6,North,0
28,Female,79543.83,563.0,0.414,14.5,North,1
43,Male,76932.96,716.0,0.483,5.4,North,1
41,Male,74527.11,570.0,0.447,5.4,South,1
60,Female,74529.15,627.0,0.342,11.0,South,1
23,Male,58574.73,496.0,0.181,19.4,South,1
46,Male,57798.86,593.0,0.51,7.8,East,0
60,Male,66894.29,670.0,0.585,1.6,North,0
62,Male,59178.07,596.0,0.472,0.0,North,0
47,Male,52429.93,494.0,0.162,6.9,North,1
24,Female,85630.87,733.0,0.492,3.0,North,1
47,Female,61857.73,548.0,0.586,21.0,South,1
48,Male,61472.75,603.0,0.232,11.3,North,1
50,Male,64991.01,515.0,0.379,4.5,North,0
55,Male,52943.99,735.0,0.458,1.8,North,1
42,Female,68548.35,549.0,0.567,7.7,North,0
55,Male,97850.85,592.0,0.1,8.7,North,1
46,Female,56777.46,747.0,0.1,7.5,North,0
49,Male,30000.0,634.0,0.147,5.5,North,1
45,Male,50196.92,684.0,0.249,14.6,North,1
61,Male,94853.2,709.0,0.252,9.5,North,1
61,Male,36868.27,798.0,0.583,11.4,South,1
47,Male,52897.54,719.0,0.351,0.0,East,1
29,Female,42577.78,654.0,0.565,7.8,East,0
40,Female,50821.07,648.0,0.204,8.6,East,1
22,Male,60286.19,719.0,0.303,5.7,North,1
23,Female,81216.37,607.0,0.368,3.2,South,0
30,Male,68286.26,762.0,0.414,0.0,East,1
53,Female,33966.33,596.0,0.549,7.4,East,0
59,Male,58506.49,626.0,0.266,5.1,North,1
33,Female,72204.41,780.0,0.641,6.9,South,0
57,Male,60141.53,791.0,0.339,12.1,East,1
57,Female,85374.09,743.0,0.472,2.4,South,1
42,Male,86189.52,645.0,0.338,6.6,South,1
33,Female,87878.73,721.0,0.459,16.4,South,1
48,Female,68831.74,583.0,0.571,8.4,South,0
25,Male,50446.92,510.0,0.425,11.3,North,0
30,Female,87432.02,661.0,0.496,7.3,South,1
49,Male,47064.52,686.0,0.188,6.3,North,1
57,Male,101860.12,669.0,0.249,8.9,North,1
50,Male,67163.91,748.0,0.631,4.2,North,0
25,Male,49207.69,610.0,0.588,0.0,North,0
23,Male,62440.98,713.0,0.436,0.0,East,1
43,Female,37320.14,740.0,0.533,9.2,North,0
23,Female,82745.47,722.0,0.287,0.0,South,1
48,Male,65389.16,501.0,0.499,7.2,East,0
43,Male,30000.0,727.0,0.183,10.7,North,1
27,Female,74565.22,605.0,0.365,11.2,North,1
55,Female,51143.39,436.0,0.575,9.1,East,0
42,Male,51179.72,671.0,0.395,12.6,North,1
64,Male,65801.14,753.0,0.522,12.9,North,1
40,Male,76720.62,766.0,0.569,7.8,South,1
56,Female,64292.14,659.0,0.405,6.8,South,1
49,Female,70181.51,553.0,0.236,9.8,South,0
40,Female,70180.16,620.0,0.603,0.9,South,0
26,Male,78019.12,669.0,0.546,8.3,East,1
27,Male,64897.95,550.0,0.283,10.1,North,1
36,Female,87266.65,603.0,0.471,4.2,South,0
40,Male,57921.92,661.0,0.263,6.1,North,1
41,Female,54438.94,631.0,0.544,9.1,South,0
41,Male,100368.05,744.0,0.306,6.6,East,1
26,Female,87921.39,549.0,0.62,6.9,North,0
52,Male,62332.39,742.0,0.39,0.0,North,1
56,Male,105750.91,638.0,0.333,8.1,North,1
39,Male,54698.09,691.0,0.769,2.0,South,0
48,Male,50247.15,620.0,0.199,16.1,North,1
58,Female,64516.44,682.0,0.1,1.9,East,0
40,Male,44034.37,580.0,0.451,2.1,East,0
22,Female,30000.0,626.0,0.451,5.2,North,0
36,Male,72472.63,662.0,0.264,16.3,North,1
28,Male,30000.0,719.0,0.36,8.6,South,1
55,Female,69410.5,639.0,0.191,8.4,South,1
36,Male,75412.53,682.0,0.273,16.8,South,1
56,Male,75005.41,580.0,0.553,16.3,North,1
43,Female,66246.33,691.0,0.276,8.4,South,1
44,Male,78698.08,647.0,0.323,7.2,East,1
35,Female,80060.2,639.0,0.554,6.4,South,1
39,Male,33547.25,613.0,0.525,4.3,South,0
30,Male,48800.08,578.0,0.368,4.1,North,0
48,Female,53310.3,576.0,0.1,7.8,South,0
61,Male,80253.47,473.0,0.297,9.3,North,1
48,Male,71679.27,641.0,0.613,5.4,East,0
40,Female,56777.56,530.0,0.493,8.9,East,1
55,Male,79743.52,608.0,0.349,4.0,North,1
50,Male,67054.33,555.0,0.645,7.4,North,0
59,Male,42543.4,551.0,0.251,7.7,North,0
64,Male,96322.08,654.0,0.29,16.8,North,1
36,Male,71420.53,701.0,0.595,0.4,North,1
24,Male,85623.2,597.0,0.586,0.0,South,0
45,Male,98043.4,700.0,0.488,3.8,South,1
62,Female,83249.33,612.0,0.431,3.1,South,1
30,Male,96882.35,515.0,0.576,5.6,East,0
32,Male,94246.75,706.0,0.826,2.1,North,0
47,Male,30000.0,764.0,0.429,10.3,East,1
23,Male,47491.1,584.0,0.201,0.0,North,1
30,Male,90777.97,580.0,0.482,3.1,East,0
42,Female,68012.91,612.0,0.497,12.8,South,0
31,Female,96582.71,704.0,0.508,14.4,North,1
63,Female,62955.86,594.0,0.207,5.0,South,0
33,Male,49556.96,506.0,0.52,8.7,North,0
50,Male,65748.74,581.0,0.316,3.2,North,0
33,Male,39661.67,601.0,0.483,1.7,North,0
23,Female,46210.38,526.0,0.584,5.3,East,0
56,Male,69059.08,682.0,0.307,6.3,South,1
23,Female,48638.89,596.0,0.558,0.0,East,0
46,Female,90916.32,556.0,0.431,1.6,South,0
46,Male,58149.02,675.0,0.348,5.1,North,1
43,Female,95506.67,666.0,0.303,14.5,South,1
63,Female,65977.46,761.0,0.314,5.3,South,1
26,Female,90191.62,675.0,0.249,0.0,South,1
42,Male,55370.87,628.0,0.589,10.1,East,1
29,Female,58630.54,665.0,0.182,7.2,North,1
56,Male,61223.34,618.0,0.484,6.2,North,1
46,Female,105669.18,583.0,0.452,8.8,North,1
39,Male,95387.67,573.0,0.276,7.3,North,1
49,Female,67183.48,740.0,0.146,4.8,North,1
59,Male,91061.77,746.0,0.1,6.7,East,1
50,Female,79286.08,725.0,0.23,6.3,East,1
33,Female,90132.27,702.0,0.481,11.5,South,0
55,Female,104542.53,696.0,0.264,4.8,North,0
43,Female,30000.0,581.0,0.201,2.6,North,1
27,Male,31653.89,751.0,0.467,9.1,North,1
58,Female,67811.64,586.0,0.414,7.4,South,0
28,Female,64901.64,627.0,0.521,10.6,East,1
50,Female,46568.6,611.0,0.1,10.4,South,1
45,Female,54132.23,475.0,0.732,1.9,East,0
31,Male,46447.52,617.0,0.248,7.7,North,1
51,Male,57593.21,657.0,0.514,13.2,North,0
64,Male,42058.86,586.0,0.374,15.4,North,1
44,Male,94075.42,614.0,0.274,7.7,North,1
62,Male,49045.41,632.0,0.402,1.0,East,1
62,Female,82221.7,580.0,0.149,9.9,South,1
60,Male,82822.34,704.0,0.225,16.6,South,1
61,Female,74145.66,743.0,0.649,7.4,South,0
60,Male,73663.69,627.0,0.596,7.1,North,0
29,Male,51687.7,657.0,0.621,7.5,South,0
46,Female,45424.62,668.0,0.437,15.7,South,0
29,Female,54490.09,543.0,0.568,4.4,South,0
49,Female,54333.98,722.0,0.301,11.0,South,1
24,Male,65368.09,611.0,0.569,2.2,North,0
37,Male,75978.89,670.0,0.322,8.3,South,1
54,Female,76325.6,623.0,0.556,0.0,South,0
33,Male,110927.66,688.0,0.463,2.0,North,1
25,Female,53806.75,665.0,0.656,1.5,East,0
53,Male,64477.55,618.0,0.346,6.4,North,1
37,Female,84704.57,724.0,0.399,11.6,South,1
29,Male,43746.54,710.0,0.283,7.0,North,1
49,Male,98601.71,643.0,0.641,7.3,East,0
56,Male,69988.69,850.0,0.425,0.0,South,1
29,Female,82661.26,591.0,0.338,4.5,South,1
32,Male,76329.89,696.0,0.449,10.5,South,1
40,Male,40572.58,711.0,0.418,6.3,East,1
54,Female,91407.99,547.0,0.576,6.0,East,0
52,Male,48035.34,586.0,0.548,13.8,South,0
34,Male,77738.68,642.0,0.405,18.4,North,1
62,Male,99382.89,663.0,0.394,2.5,South,1
56,Female,42098.26,647.0,0.136,4.1,East,1
61,Male,62151.73,679.0,0.583,2.3,North,0
29,Male,67068.41,772.0,0.49,14.2,East,1
44,Female,59765.9,850.0,0.26,3.7,North,0
22,Female,45466.16,743.0,0.473,2.0,South,0
60,Female,66378.57,636.0,0.48,14.0,South,0
27,Male,88534.0,603.0,0.499,12.4,North,1
64,Female,80037.27,551.0,0.27,0.0,South,1
32,Male,43058.6,632.0,0.554,5.8,North,0
27,Male,65996.34,680.0,0.35,10.0,East,1
51,Male,57325.22,638.0,0.38,2.6,North,1
34,Female,60697.86,622.0,0.295,8.0,South,1
27,Female,65822.71,722.0,0.527,7.2,South,1
60,Female,35984.43,583.0,0.646,0.0,North,0
55,Female,78921.18,602.0,0.296,5.1,South,0
47,Male,52995.49,790.0,0.575,4.6,North,1
30,Female,71498.43,684.0,0.578,12.4,South,1
40,Female,37142.97,774.0,0.344,8.0,South,1
32,Female,97728.93,611.0,0.465,2.9,East,1
31,Male,67946.45,688.0,0.466,12.1,North,1
51,Female,57560.91,687.0,0.364,11.9,South,0
34,Female,56447.77,646.0,0.316,8.8,East,1
34,Female,30000.0,625.0,0.632,8.2,South,0
45,Male,63654.04,668.0,0.406,9.3,North,1
31,Male,78000.38,468.0,0.387,18.3,East,1
57,Male,74805.52,697.0,0.1,13.7,East,1
51,Female,73028.66,574.0,0.275,7.1,South,1
53,Female,66358.27,602.0,0.388,14.2,South,1
38,Female,75810.4,615.0,0.659,11.3,North,0
43,Female,37470.74,663.0,0.457,1.4,South,0
23,Male,78771.27,518.0,0.404,7.0,East,0
64,Female,64565.33,621.0,0.421,1.8,North,0
50,Male,55090.42,556.0,0.509,9.2,East,0
49,Male,103417.49,551.0,0.258,4.2,East,1
48,Female,72777.57,458.0,0.252,13.2,East,1
51,Male,61341.65,571.0,0.457,9.6,North,1
47,Female,42440.42,618.0,0.543,4.4,South,0
50,Female,52198.68,700.0,0.288,10.1,South,0
58,Male,84942.96,592.0,0.396,1.3,East,1
48,Female,63605.73,596.0,0.432,7.7,East,0
43,Male,63831.43,685.0,0.674,10.8,North,0
57,Male,52361.16,475.0,0.337,0.0,North,0
58,Female,63139.46,720.0,0.346,8.6,East,0
53,Male,52011.07,673.0,0.518,8.0,South,1
46,Male,51818.41,563.0,0.191,2.3,North,1
28,Male,66654.45,572.0,0.323,2.4,North,0
47,Male,69679.2,626.0,0.166,0.0,East,1
57,Male,67691.78,667.0,0.356,12.2,North,1
38,Female,76235.96,561.0,0.455,5.3,North,0
32,Male,30000.0,608.0,0.414,7.7,North,1
51,Female,43888.35,694.0,0.507,0.0,South,0
34,Female,42231.65,489.0,0.607,3.4,East,0
50,Male,73509.65,746.0,0.544,0.0,South,0
25,Female,84137.22,466.0,0.67,7.3,South,0
34,Male,77420.7,727.0,0.43,4.0,North,1
22,Female,73976.4,698.0,0.328,9.6,South,1
53,Male,31339.11,569.0,0.523,9.7,North,0
32,Female,38624.45,574.0,0.359,11.7,South,1
31,Female,51395.71,507.0,0.304,8.0,North,1
40,Male,39219.0,563.0,0.642,1.3,East,0
37,Female,55434.7,579.0,0.35,1.6,East,0
49,Female,75881.92,642.0,0.359,15.2,East,1
32,Male,72367.71,643.0,0.346,10.0,North,1
60,Male,41956.09,652.0,0.544,3.8,South,0
44,Male,33986.07,654.0,0.77,0.0,South,0
56,Male,69599.34,679.0,0.367,7.0,East,1
51,Female,62887.3,679.0,0.387,6.5,North,1
58,Female,43906.54,742.0,0.446,8.4,North,0
44,Male,55459.12,579.0,0.314,10.4,North,1
45,Female,67594.96,730.0,0.407,9.4,East,1
30,Female,68641.91,686.0,0.298,0.4,South,0
35,Male,49220.94,627.0,0.272,10.6,North,1
55,Female,53809.84,718.0,0.466,14.1,North,1
26,Female,62124.5,793.0,0.48,8.1,North,1
56,Female,86227.51,762.0,0.499,9.6,South,1
50,Female,38069.67,655.0,0.312,5.3,South,0
30,Male,83525.38,585.0,0.358,4.5,South,1
37,Female,58714.99,620.0,0.426,11.8,South,0
32,Male,68706.36,676.0,0.545,7.8,North,0
24,Female,38662.06,680.0,0.456,15.1,South,0
61,Male,58410.43,722.0,0.614,13.8,East,1
26,Female,45394.53,615.0,0.358,4.4,South,0
40,Male,40729.41,618.0,0.391,11.9,North,1
56,Male,49510.59,715.0,0.214,12.3,East,1
35,Male,58326.52,663.0,0.341,5.4,North,1
61,Female,44503.24,696.0,0.374,16.3,South,1
63,Female,72834.06,731.0,0.169,2.9,North,1
44,Male,52970.0,584.0,0.525,4.9,North,0
30,Female,37010.79,548.0,0.499,8.3,North,0
64,Female,32892.48,636.0,0.382,4.0,North,0
23,Female,59636.89,572.0,0.245,5.3,South,1
34,Female,63266.62,584.0,0.661,1.7,South,0
54,Female,38136.04,733.0,0.628,16.1,North,1
47,Male,74077.2,557.0,0.163,6.8,South,1
61,Male,63250.52,607.0,0.1,2.8,South,1
53,Male,51954.88,674.0,0.546,8.2,North,0
63,Female,42463.41,606.0,0.1,9.8,South,1
41,Male,56575.99,744.0,0.562,9.5,North,0
59,Female,95079.13,637.0,0.573,8.6,North,1
39,Female,54802.84,674.0,0.316,11.6,North,1
60,Female,39967.03,681.0,0.453,7.7,South,1
44,Male,97695.27,742.0,0.6,2.4,North,1
33,Male,67584.65,738.0,0.405,8.9,East,1
61,Female,92874.62,645.0,0.234,4.6,North,1
34,Male,88935.11,618.0,0.425,6.6,North,1
49,Female,60802.46,601.0,0.395,0.4,South,0
42,Male,64268.82,850.0,0.715,1.1,North,0
56,Female,74846.34,672.0,0.499,0.0,South,0
58,Female,75300.75,609.0,0.501,1.1,East,0
37,Male,78082.32,616.0,0.58,11.3,North,1
27,Male,44276.83,580.0,0.274,7.9,South,1
38,Male,82662.29,749.0,0.467,16.7,South,1
60,Male,85427.66,745.0,0.3,8.0,North,1
48,Female,44035.42,596.0,0.308,6.4,South,1
41,Male,103074.7,655.0,0.428,8.7,East,1
40,Female,50757.91,454.0,0.374,11.3,South,0
27,Male,83775.15,509.0,0.341,4.6,North,0
22,Male,96994.18,726.0,0.443,2.9,North,1
59,Male,65358.61,681.0,0.439,11.3,East,1
28,Female,58528.75,757.0,0.389,0.0,South,1
55,Male,43380.27,610.0,0.328,8.5,North,0
32,Male,86038.39,700.0,0.527,6.7,North,1
57,Male,30000.0,553.0,0.627,13.2,South,0
29,Female,55371.16,615.0,0.66,4.2,North,0
39,Male,74080.12,488.0,0.601,19.8,North,0
35,Male,76578.98,674.0,0.472,7.5,North,1
24,Male,71109.94,590.0,0.778,10.5,North,0
26,Female,58064.92,746.0,0.405,5.2,South,0
27,Female,51396.63,668.0,0.574,7.9,East,0
47,Male,67588.63,705.0,0.499,9.9,North,1
56,Male,67519.92,725.0,0.57,10.6,North,1
35,Male,61462.9,715.0,0.345,1.8,East,1
56,Female,86820.3,595.0,0.475,8.3,South,1
29,Female,80654.3,613.0,0.226,2.9,East,1
59,Male,56757.17,556.0,0.341,16.3,East,0
33,Male,86046.76,804.0,0.426,0.7,North,1
46,Male,56119.13,643.0,0.179,2.9,North,1
47,Female,31268.08,621.0,0.555,11.8,South,0
24,Male,42044.18,790.0,0.354,5.6,South,1
50,Male,84880.89,753.0,0.33,0.9,East,1
28,Male,69158.53,815.0,0.374,10.1,North,1
47,Male,60449.17,702.0,0.499,14.3,North,1
56,Female,104872.71,758.0,0.435,2.9,South,1
63,Male,56713.91,603.0,0.234,0.0,East,1
31,Male,51998.92,664.0,0.377,1.2,North,0
43,Female,71522.96,649.0,0.767,1.1,South,0
58,Male,65904.22,591.0,0.319,7.9,North,1
23,Female,60651.12,629.0,0.607,7.2,East,0
51,Female,49727.38,715.0,0.534,11.4,South,1
54,Female,44133.23,532.0,0.325,6.9,South,1
63,Female,33746.86,636.0,0.341,7.8,South,1
61,Male,45140.11,574.0,0.545,0.0,North,0
43,Female,64638.61,598.0,0.322,10.2,South,0
22,Male,65739.35,708.0,0.426,8.8,North,1
49,Male,56161.93,674.0,0.501,3.6,North,1
24,Female,63256.48,613.0,0.325,7.4,South,1
25,Female,77573.4,604.0,0.445,14.2,South,1
25,Female,72511.1,843.0,0.252,0.0,South,1
33,Male,120805.83,685.0,0.626,5.5,South,1
59,Male,74015.15,705.0,0.346,4.4,North,1
36,Female,66652.27,640.0,0.331,0.0,South,0
24,Male,68189.37,765.0,0.43,3.1,South,1
51,Female,52354.7,713.0,0.449,5.3,South,0
31,Female,103262.9,682.0,0.308,4.4,North,1
44,Male,72401.16,620.0,0.327,8.3,North,1
53,Female,113014.74,697.0,0.562,3.9,East,1
26,Male,39753.58,653.0,0.134,0.0,North,1
55,Male,75146.99,635.0,0.455,0.0,North,0
53,Female,61076.49,598.0,0.471,8.9,South,0
41,Male,87515.41,684.0,0.486,6.3,East,1
61,Male,68057.84,667.0,0.367,3.2,East,1
38,Female,63531.59,602.0,0.617,10.1,East,0
39,Female,81040.67,628.0,0.632,0.0,South,0
63,Male,72343.78,718.0,0.478,8.5,South,1
53,Female,35967.18,621.0,0.593,13.2,East,0
48,Female,81235.87,688.0,0.247,11.5,North,0
37,Male,84895.11,776.0,0.204,2.0,North,1
40,Female,88657.49,455.0,0.573,0.0,South,0
64,Male,90785.82,669.0,0.494,9.2,North,1
41,Female,46303.21,636.0,0.45,5.2,South,0
42,Female,37702.37,738.0,0.353,9.1,East,1
63,Male,53532.44,715.0,0.251,11.0,North,1
27,Female,95733.73,718.0,0.357,9.1,South,0
33,Male,85828.13,627.0,0.502,8.8,North,0
44,Female,88785.86,663.0,0.452,5.8,South,1
45,Male,30000.0,584.0,0.371,6.2,South,0
43,Male,92956.51,572.0,0.421,1.3,North,0
25,Male,95375.9,722.0,0.55,5.4,North,1
47,Male,53330.49,513.0,0.673,5.7,North,0
43,Female,59031.23,507.0,0.428,9.2,South,0
58,Female,60869.36,515.0,0.395,9.7,East,0
52,Male,40147.75,744.0,0.344,11.9,East,1
38,Female,44346.9,626.0,0.361,13.3,South,0
53,Female,46922.39,693.0,0.367,10.2,South,0
62,Male,47421.86,761.0,0.354,12.0,North,1
51,Female,73263.87,821.0,0.585,13.0,East,0
28,Female,47903.83,741.0,0.358,3.5,South,1
57,Female,65053.0,684.0,0.313,7.8,East,1
42,Male,82216.59,807.0,0.327,6.8,South,1
22,Male,30000.0,708.0,0.24,0.0,South,1
26,Male,30000.0,570.0,0.392,1.5,North,0
57,Female,92288.32,598.0,0.278,6.0,South,1
59,Male,57284.86,647.0,0.1,0.0,North,1
61,Male,39367.53,592.0,0.311,3.4,East,0
54,Female,64001.58,549.0,0.294,5.2,South,0
26,Female,62942.51,719.0,0.302,10.4,South,1
39,Female,84504.25,593.0,0.391,6.8,South,1
48,Male,51302.83,699.0,0.188,2.8,North,1
28,Male,76380.52,662.0,0.47,8.0,North,1
61,Female,115724.63,712.0,0.454,10.1,South,1
45,Male,86522.15,642.0,0.576,9.9,North,0
28,Male,68888.34,674.0,0.429,0.0,East,1
63,Female,45773.69,546.0,0.308,11.5,North,0
31,Male,69832.01,833.0,0.245,1.1,North,1
31,Male,54014.59,763.0,0.502,10.9,North,1
38,Female,66786.09,725.0,0.303,8.0,East,1
36,Female,62616.24,808.0,0.271,2.1,East,1
44,Female,33976.12,577.0,0.413,3.4,South,0
58,Male,90434.12,737.0,0.316,5.4,North,1
40,Male,58620.43,758.0,0.475,9.6,North,1
27,Female,58608.99,751.0,0.277,9.1,South,1
47,Female,74968.98,522.0,0.309,11.5,North,1
60,Male,61195.57,727.0,0.216,3.3,North,1
41,Male,41181.04,645.0,0.34,8.0,North,1
22,Female,70362.88,723.0,0.291,0.2,East,1
53,Male,77825.85,589.0,0.348,13.1,South,1
47,Male,60398.31,762.0,0.501,10.7,North,1
44,Male,71824.96,700.0,0.222,1.9,North,1
22,Male,59267.64,526.0,0.249,9.3,North,1
24,Female,50332.58,810.0,0.484,8.4,North,1
34,Male,87306.1,609.0,0.482,13.1,North,1
63,Male,45553.49,614.0,0.739,3.3,East,0
25,Male,30000.0,713.0,0.398,10.2,North,1
53,Male,51683.94,597.0,0.1,7.7,South,1
60,Female,76893.51,606.0,0.464,1.4,South,0
22,Male,59003.94,721.0,0.644,2.2,East,0
25,Female,96449.39,690.0,0.438,5.8,South,0
44,Male,66293.08,656.0,0.715,5.1,North,0
60,Male,78414.87,681.0,0.609,4.6,South,0
33,Male,87428.28,600.0,0.526,5.0,South,1
57,Female,74987.24,715.0,0.287,9.5,South,1
61,Male,95029.72,799.0,0.622,4.8,South,1
33,Male,107553.41,592.0,0.422,12.0,North,1
59,Male,45481.78,795.0,0.432,9.7,South,1
23,Female,90679.14,763.0,0.21,10.4,South,1
53,Female,71415.48,598.0,0.372,13.3,North,0
53,Female,44238.93,578.0,0.446,12.2,South,0
60,Male,32845.65,763.0,0.514,5.6,North,0
64,Male,75420.62,702.0,0.467,6.2,North,1
57,Male,70129.24,669.0,0.522,5.4,South,0
53,Male,42724.74,680.0,0.387,26.0,South,1
35,Female,80971.71,698.0,0.236,11.9,East,1
36,Female,56406.9,697.0,0.321,1.6,East,0
44,Male,56264.05,620.0,0.512,3.8,East,0
40,Female,74840.64,844.0,0.34,5.6,South,1
35,Female,75973.81,642.0,0.354,8.3,East,1
29,Female,51755.97,711.0,0.282,7.8,South,1
31,Male,94806.76,761.0,0.496,9.1,North,1
24,Male,79112.84,651.0,0.243,9.0,North,1
28,Female,71270.68,686.0,0.689,3.3,North,0
40,Male,57580.15,722.0,0.453,2.0,South,1
58,Female,30000.0,617.0,0.388,7.2,South,0
58,Male,74538.78,656.0,0.57,9.9,North,0
46,Male,67824.04,633.0,0.28,9.1,North,1
27,Male,67548.57,688.0,0.231,2.6,North,1
35,Male,30000.0,659.0,0.413,4.5,North,0
23,Female,30000.0,771.0,0.283,9.4,South,1
40,Female,72505.71,560.0,0.445,8.1,South,0
36,Female,72559.11,640.0,0.393,13.3,South,0
34,Male,73268.71,731.0,0.422,13.7,North,1
63,Male,93963.69,725.0,0.429,0.0,North,1
38,Female,74091.95,733.0,0.102,8.7,East,1
59,Female,114169.01,786.0,0.401,0.4,North,0
56,Male,78898.79,594.0,0.133,12.5,East,1
47,Male,44991.74,684.0,0.447,21.6,East,1
45,Male,80278.97,703.0,0.32,1.5,North,1
24,Female,90492.69,664.0,0.387,0.0,South,0
48,Male,44453.68,686.0,0.505,9.7,East,0
45,Female,43977.02,639.0,0.581,8.8,East,0
59,Female,31198.69,593.0,0.28,13.9,South,1
61,Male,89272.74,703.0,0.206,5.1,North,1
40,Male,39581.08,691.0,0.706,13.3,North,0
48,Male,54229.31,817.0,0.242,8.1,North,1
45,Female,95419.7,563.0,0.224,16.0,East,0
23,Male,82464.07,722.0,0.341,5.1,North,1
58,Male,62580.76,539.0,0.226,6.2,East,0
47,Female,52366.38,551.0,0.452,0.0,South,0
34,Male,53146.73,685.0,0.424,14.1,East,1
50,Male,45667.62,575.0,0.386,8.7,East,0
32,Female,69432.83,619.0,0.246,2.8,South,1
22,Female,53046.26,816.0,0.486,9.9,South,1
34,Male,73487.41,743.0,0.101,10.2,North,1
53,Male,30000.0,765.0,0.488,12.0,North,1
60,Female,69430.9,615.0,0.451,9.8,East,1
45,Female,76848.49,759.0,0.369,7.2,South,1
36,Female,48384.28,769.0,0.668,7.5,East,0
52,Female,73594.67,570.0,0.539,14.4,East,1
51,Male,75877.66,718.0,0.383,12.2,South,1
23,Male,41362.66,685.0,0.206,5.2,South,1
58,Male,62004.17,711.0,0.262,7.8,North,1
23,Male,67908.46,543.0,0.159,7.5,South,1
33,Male,30012.93,675.0,0.45,7.8,North,0
53,Female,65858.02,705.0,0.24,12.2,North,1
49,Male,48860.98,740.0,0.522,5.8,North,1
59,Female,65828.64,502.0,0.247,9.3,East,0
29,Female,100329.01,736.0,0.385,8.8,East,1
46,Male,61582.39,579.0,0.562,12.4,South,0
45,Male,73254.89,542.0,0.37,9.9,North,0
35,Female,38179.3,711.0,0.481,8.4,South,0
60,Male,61318.01,697.0,0.323,15.3,East,1
58,Male,70516.25,607.0,0.666,6.2,East,0
27,Male,78846.29,705.0,0.466,10.5,North,1
63,Female,48488.38,570.0,0.129,7.0,South,0
33,Male,56115.02,611.0,0.396,6.8,East,1
47,Male,74711.12,725.0,0.771,8.4,North,0
44,Male,81498.48,662.0,0.285,6.2,North,1
50,Male,33513.41,689.0,0.671,10.0,North,0
42,Female,41569.85,710.0,0.337,12.7,South,1
39,Male,44316.74,528.0,0.596,7.8,North,0
44,Male,62726.33,695.0,0.473,9.5,South,1
64,Female,54128.66,602.0,0.386,5.6,South,1
42,Female,51971.76,612.0,0.41,11.2,South,0
34,Male,68733.74,581.0,0.296,10.0,North,1
34,Male,97576.25,571.0,0.454,2.5,East,1
53,Male,63166.73,608.0,0.367,3.3,South,1
24,Male,86816.9,505.0,0.265,13.4,North,1
27,Female,92066.61,603.0,0.334,3.4,South,0
26,Male,85618.75,538.0,0.37,3.0,South,0
41,Male,90992.17,704.0,0.379,9.4,East,1
45,Female,54512.07,648.0,0.437,1.1,South,0
43,Female,43279.95,642.0,0.398,9.5,South,0
48,Female,70645.8,574.0,0.521,9.1,South,0
47,Female,65271.47,593.0,0.458,10.1,North,0
25,Female,51019.36,685.0,0.39,0.0,North,0
49,Male,49140.79,695.0,0.393,4.9,North,1
23,Male,113141.27,532.0,0.257,0.0,North,1
28,Male,60226.4,675.0,0.397,3.1,North,1
27,Female,43429.97,699.0,0.364,1.4,East,1
22,Male,44144.39,703.0,0.592,12.8,East,1
38,Female,41930.6,646.0,0.521,14.9,North,0
36,Male,42349.46,561.0,0.55,9.2,North,0
61,Male,55821.41,606.0,0.39,14.5,North,0
55,Female,46765.33,637.0,0.277,8.9,South,1
35,Female,107054.31,547.0,0.41,0.0,South,0
59,Female,49641.07,522.0,0.407,0.0,East,0
62,Female,33011.55,529.0,0.39,1.2,North,0
40,Male,70826.5,437.0,0.441,1.6,South,0
25,Female,98506.73,497.0,0.636,0.3,East,0
40,Male,45991.64,639.0,0.499,5.0,North,0
30,Female,65121.92,459.0,0.24,7.7,South,1
36,Female,58147.47,751.0,0.377,8.1,North,1
26,Female,75731.8,662.0,0.302,3.4,South,1
37,Female,74931.68,721.0,0.362,4.2,South,1
26,Male,61391.97,628.0,0.452,4.4,North,1
54,Male,60966.84,729.0,0.529,3.1,North,1
54,Male,96053.37,711.0,0.377,5.6,North,1
63,Female,67312.32,687.0,0.562,10.4,South,0
39,Male,30000.0,624.0,0.37,7.2,North,1
46,Male,102231.19,792.0,0.565,6.0,North,1
32,Female,75609.21,646.0,0.427,6.1,South,0
31,Female,42616.27,850.0,0.1,12.7,North,1
23,Female,94108.43,604.0,0.522,4.4,East,0
40,Male,79213.92,460.0,0.531,5.1,East,0
60,Male,75505.6,752.0,0.115,11.9,South,1
62,Female,34642.53,659.0,0.658,2.1,South,0
42,Male,56532.79,804.0,0.432,13.2,North,1
22,Female,69066.43,693.0,0.464,13.0,North,1
33,Male,55639.79,686.0,0.492,5.1,East,1
33,Male,72349.29,639.0,0.523,3.8,North,0
23,Male,69536.38,523.0,0.304,9.7,North,1
23,Female,30000.0,710.0,0.321,7.9,South,1
42,Female,44830.13,540.0,0.372,13.8,East,0
48,Male,99215.1,623.0,0.329,0.0,North,1
48,Male,101183.5,608.0,0.422,4.2,North,1
24,Female,87486.27,758.0,0.513,11.6,East,1
29,Female,70123.92,621.0,0.321,8.1,South,1
32,Male,72840.05,764.0,0.408,12.3,North,1
39,Female,77667.38,612.0,0.229,0.0,North,0
59,Male,119302.99,846.0,0.69,14.7,North,1
59,Female,60044.98,635.0,0.498,10.8,South,1
24,Male,74696.81,657.0,0.42,11.4,North,1
53,Male,56278.21,624.0,0.359,1.2,East,1
45,Female,75842.26,578.0,0.311,4.8,East,1
60,Female,80425.03,543.0,0.393,11.7,South,1
30,Male,71927.87,703.0,0.84,15.2,North,0
34,Female,81863.34,632.0,0.468,7.5,South,0
58,Female,72129.76,707.0,0.652,1.5,South,0
62,Male,30000.0,544.0,0.206,7.1,East,0
30,Male,79232.2,658.0,0.552,10.2,South,0
57,Male,96296.49,633.0,0.252,11.7,North,1
45,Female,89956.31,789.0,0.438,7.0,South,0
44,Male,40731.78,667.0,0.707,0.4,North,0
37,Female,75732.23,575.0,0.575,14.5,East,0
33,Male,75714.06,648.0,0.273,11.7,North,1
49,Male,73596.72,532.0,0.135,1.6,North,1
49,Male,76931.05,754.0,0.289,13.2,North,1
49,Female,63638.17,763.0,0.328,7.0,South,0
25,Female,77274.93,629.0,0.353,1.9,South,0
50,Female,31570.65,569.0,0.407,15.5,North,0
58,Male,100622.36,786.0,0.377,8.0,North,1
41,Male,83340.87,633.0,0.317,0.0,North,1
53,Male,57337.65,670.0,0.689,2.7,North,0
22,Female,37840.73,629.0,0.428,14.7,South,1
23,Male,48323.91,685.0,0.343,10.9,North,1
32,Male,36916.88,731.0,0.312,2.9,North,1
51,Female,30000.0,534.0,0.649,0.9,South,0
29,Female,33025.17,737.0,0.476,13.1,South,0
57,Female,82214.1,561.0,0.483,6.3,South,0
42,Male,37636.46,721.0,0.337,2.1,North,1
29,Female,74606.73,640.0,0.583,8.1,North,0
27,Female,58472.25,553.0,0.123,5.4,South,1
56,Male,62600.74,672.0,0.324,0.0,North,1
59,Male,53969.99,667.0,0.3,12.1,North,1
35,Male,54377.58,535.0,0.267,9.6,North,1
39,Female,64689.32,573.0,0.423,2.7,South,0
55,Female,93398.38,557.0,0.637,22.7,South,1
57,Female,36648.35,718.0,0.455,13.8,South,0
32,Male,86606.51,519.0,0.554,7.1,East,0
45,Female,111974.45,540.0,0.241,12.6,South,1
60,Female,61706.81,678.0,0.221,5.9,South,1
54,Male,44751.56,640.0,0.321,6.6,North,1
62,Male,57095.11,638.0,0.549,11.3,South,0
38,Male,37724.17,535.0,0.199,3.9,East,1
60,Male,47851.38,704.0,0.58,0.0,North,0
59,Male,71317.18,639.0,0.511,14.2,South,1
56,Male,56335.93,601.0,0.462,8.3,South,1
24,Female,51831.08,601.0,0.461,8.5,South,0
63,Female,50074.54,714.0,0.389,10.1,North,1
60,Female,70631.89,700.0,0.325,5.0,South,1
28,Male,57044.76,688.0,0.35,3.2,South,1
28,Female,74293.17,668.0,0.51,12.1,East,0
52,Male,85068.26,702.0,0.165,8.1,North,1
42,Male,46836.06,850.0,0.792,9.6,South,0
64,Male,82862.73,789.0,0.244,5.0,South,1
25,Female,66150.02,708.0,0.265,0.3,South,0
62,Female,30000.0,630.0,0.385,9.0,South,1
59,Female,68620.83,466.0,0.328,2.3,South,0
25,Female,93664.26,750.0,0.481,10.9,South,0
63,Female,57446.9,783.0,0.331,6.3,South,0
53,Male,76229.62,606.0,0.342,8.2,North,1
31,Female,64769.23,612.0,0.292,4.5,North,1
39,Male,54276.92,721.0,0.521,6.7,North,1
38,Female,80426.89,824.0,0.644,5.3,East,1
52,Male,62529.67,684.0,0.731,3.1,North,0
45,Female,68702.47,594.0,0.523,1.8,South,0
55,Male,67435.17,543.0,0.58,8.7,North,0
34,Female,73585.23,676.0,0.294,13.7,South,1
57,Male,31145.34,685.0,0.25,14.6,North,1
55,Female,58298.02,748.0,0.505,3.6,East,0
30,Male,73103.7,610.0,0.344,1.7,North,1
54,Male,100139.42,609.0,0.214,10.9,North,1
58,Male,38224.52,593.0,0.206,11.6,South,1
60,Male,85893.01,673.0,0.481,21.1,North,1
56,Female,57316.34,766.0,0.338,0.4,North,1
31,Male,75529.32,674.0,0.309,0.0,North,1
57,Male,48935.26,712.0,0.282,15.4,North,1
39,Male,68066.5,650.0,0.442,0.2,North,0
54,Male,52841.36,531.0,0.213,12.1,North,1
45,Female,30000.0,639.0,0.427,5.0,East,0
49,Male,89627.59,719.0,0.261,2.7,North,1
36,Female,79149.89,444.0,0.546,20.0,North,0
63,Female,46002.02,783.0,0.275,13.6,East,1
49,Female,55316.73,594.0,0.34,8.6,South,0
30,Female,50195.41,671.0,0.293,8.7,South,1
29,Male,64141.3,756.0,0.306,3.1,East,1
60,Male,31507.44,662.0,0.502,10.9,East,1
34,Male,34473.54,653.0,0.401,16.4,North,1
32,Male,30000.0,719.0,0.509,9.9,North,0
52,Female,30000.0,666.0,0.279,5.3,North,1
54,Male,87284.66,504.0,0.293,9.9,East,1
57,Female,90445.34,576.0,0.369,12.7,South,1
31,Male,59947.11,617.0,0.226,11.5,South,1
44,Male,51508.35,698.0,0.401,4.1,North,1
23,Male,75038.84,748.0,0.39,2.9,North,0
28,Male,51538.15,659.0,0.432,8.1,North,1
49,Female,111270.67,752.0,0.26,0.0,South,1
29,Male,88441.72,656.0,0.514,2.1,North,1
55,Female,59339.14,584.0,0.322,0.0,South,0
25,Male,58054.19,716.0,0.337,5.0,North,1
25,Male,84003.0,757.0,0.533,2.6,North,0
53,Male,72168.12,764.0,0.451,12.2,East,1
60,Female,55691.44,749.0,0.601,7.5,South,0
41,Male,93197.6,640.0,0.134,11.3,North,1
64,Female,73391.39,527.0,0.453,5.0,South,0
47,Male,65698.25,637.0,0.349,8.6,North,1
46,Male,30000.0,625.0,0.28,10.0,North,1
54,Female,68345.98,632.0,0.411,7.2,South,1
43,Male,46486.09,534.0,0.316,2.0,South,0
50,Male,61051.62,686.0,0.456,3.8,North,1
56,Male,41434.22,610.0,0.31,11.7,South,1
58,Female,64263.86,697.0,0.444,4.0,East,0
56,Female,79325.57,667.0,0.468,15.2,South,1
46,Male,58477.12,617.0,0.468,9.0,North,0
62,Female,79580.72,602.0,0.152,0.0,North,1
24,Male,68368.19,605.0,0.284,9.7,North,1
38,Male,58738.07,755.0,0.625,6.8,East,0
40,Male,81659.44,650.0,0.371,11.5,South,1
45,Male,71613.29,685.0,0.494,16.3,East,1
43,Female,48838.57,664.0,0.609,7.7,South,0
38,Female,74537.25,569.0,0.58,6.8,North,0
59,Male,70593.15,774.0,0.1,4.2,South,1
51,Male,94542.22,679.0,0.36,7.7,North,1
31,Male,59111.52,787.0,0.1,0.0,South,1
48,Male,67358.49,655.0,0.205,11.7,North,1
40,Female,40027.88,665.0,0.554,9.6,North,0
36,Male,79540.39,654.0,0.574,1.3,North,0
40,Male,44629.53,577.0,0.449,8.8,North,1
40,Male,42092.17,557.0,0.209,8.2,North,1
53,Male,82950.63,590.0,0.632,13.4,East,0
47,Female,93395.41,838.0,0.509,6.4,South,1
45,Male,83055.62,708.0,0.1,10.9,North,1
55,Female,30000.0,703.0,0.506,15.1,South,1
43,Female,46950.98,684.0,0.612,3.6,North,0
41,Male,93842.12,749.0,0.504,9.6,North,1
51,Female,97381.08,837.0,0.365,5.5,South,1
40,Male,93118.15,677.0,0.44,4.1,North,1
43,Male,93341.9,685.0,0.75,14.0,South,1
44,Female,47396.3,664.0,0.469,12.8,South,0
57,Male,92158.8,580.0,0.311,6.6,North,1
28,Male,83727.93,636.0,0.338,12.2,South,1
44,Female,69941.7,549.0,0.482,10.6,South,0
36,Male,66545.45,564.0,0.28,2.8,North,0
44,Male,49021.3,523.0,0.279,11.4,North,1
42,Female,97907.71,697.0,0.179,0.9,South,1
56,Male,30677.86,713.0,0.465,7.8,North,1
23,Male,62896.69,679.0,0.399,4.9,East,1
23,Male,101956.62,660.0,0.314,10.1,North,1
51,Female,56291.47,768.0,0.309,4.9,South,1
23,Male,87768.6,670.0,0.161,17.0,North,1
50,Male,36442.55,764.0,0.621,14.7,North,0
27,Male,116285.2,850.0,0.554,2.9,East,1
47,Male,63123.3,487.0,0.366,10.2,North,0
63,Female,41175.71,783.0,0.556,6.5,South,1
38,Male,30000.0,763.0,0.504,5.6,North,0
34,Male,31971.95,717.0,0.209,19.4,North,1
55,Male,78422.72,560.0,0.39,8.3,North,1
48,Male,81409.57,505.0,0.254,5.9,South,1
53,Female,67291.67,623.0,0.266,4.2,North,1
57,Male,49140.47,586.0,0.17,0.0,South,0
31,Male,58881.71,702.0,0.33,7.2,North,1
56,Female,78425.11,599.0,0.528,6.6,East,0
52,Female,79447.51,579.0,0.59,12.0,South,0
36,Female,94329.36,701.0,0.381,11.8,South,1
63,Female,85874.38,720.0,0.407,0.0,South,0
56,Female,47452.48,744.0,0.446,11.6,East,0
62,Female,92092.02,762.0,0.499,8.2,South,1
37,Female,43465.44,650.0,0.161,0.5,South,1
53,Female,102487.53,837.0,0.349,12.7,North,1
28,Male,44112.62,564.0,0.848,9.8,North,0
59,Male,94527.47,667.0,0.466,4.2,North,1
42,Male,78577.7,689.0,0.512,7.9,North,1
37,Male,94478.34,618.0,0.592,11.5,North,1
36,Female,54526.65,632.0,0.509,0.0,South,0
58,Female,75769.3,699.0,0.43,7.9,North,1
55,Male,76021.28,638.0,0.42,0.0,North,0
41,Female,86810.38,665.0,0.279,8.2,North,1
22,Female,67004.84,571.0,0.362,9.4,East,1
27,Male,84940.39,588.0,0.525,5.6,North,1
36,Female,54573.47,531.0,0.133,8.9,South,1
52,Male,60713.56,594.0,0.348,12.1,North,1
32,Male,77710.63,552.0,0.32,14.9,North,1
59,Male,63829.43,569.0,0.47,14.6,North,1
64,Male,64328.43,600.0,0.203,2.3,North,1
24,Male,66698.58,650.0,0.359,14.4,North,1
63,Male,46252.07,668.0,0.393,7.4,North,1
47,Male,78160.56,705.0,0.345,11.4,South,1
57,Male,77563.4,579.0,0.198,0.0,North,1
63,Male,76141.37,593.0,0.363,10.5,North,1
40,Male,57213.21,678.0,0.355,12.9,East,1
31,Female,74595.89,741.0,0.384,1.7,South,1
57,Female,74259.25,705.0,0.327,10.9,South,0
40,Male,34647.45,665.0,0.571,10.4,North,0
33,Male,97534.29,738.0,0.467,3.3,North,1
40,Female,64238.01,688.0,0.57,3.2,South,0
59,Female,65542.68,592.0,0.279,6.4,East,1
43,Female,53419.73,762.0,0.393,0.0,South,1
27,Female,58060.89,628.0,0.264,16.1,North,0
44,Male,72757.8,774.0,0.378,2.6,East,1
44,Male,60911.6,675.0,0.121,6.5,East,1
48,Female,87944.11,584.0,0.254,9.3,South,1
49,Male,58504.62,647.0,0.554,7.5,North,0
28,Female,54284.13,552.0,0.573,5.0,South,0
47,Female,73812.15,659.0,0.67,4.7,South,0
38,Female,35028.42,617.0,0.326,2.0,South,0
39,Female,62104.87,647.0,0.1,9.2,South,0
56,Male,71039.39,764.0,0.443,0.0,East,1
33,Female,79150.46,620.0,0.614,15.1,South,0
63,Female,78014.82,589.0,0.568,7.0,South,0
36,Male,91110.44,590.0,0.331,8.5,East,1
24,Male,30000.0,719.0,0.482,8.6,North,1
39,Male,60241.59,678.0,0.587,9.9,South,0
58,Male,50438.96,576.0,0.433,11.6,North,0
47,Female,75339.92,703.0,0.346,2.0,East,0
23,Male,65738.56,622.0,0.266,1.1,South,1
38,Male,48347.28,655.0,0.575,6.0,South,0
43,Male,32184.81,742.0,0.497,7.3,East,0
40,Female,54627.97,530.0,0.144,0.9,South,1
27,Male,43212.65,574.0,0.401,11.0,South,1
38,Female,41409.45,677.0,0.374,8.1,South,1
34,Female,54913.89,680.0,0.321,10.1,South,1
41,Male,83118.54,655.0,0.49,5.8,North,1
64,Female,74327.28,561.0,0.332,12.2,East,1
29,Female,73544.0,599.0,0.613,3.4,South,0
55,Male,72110.83,456.0,0.396,7.3,South,0
54,Male,43543.15,736.0,0.36,5.4,North,1
39,Male,85916.05,828.0,0.351,9.9,North,1
38,Male,51020.46,783.0,0.204,13.5,South,1
57,Male,61893.97,780.0,0.378,3.8,East,1
59,Female,97693.33,790.0,0.421,1.6,East,0
48,Female,47142.61,673.0,0.241,7.2,North,1
58,Male,86324.63,574.0,0.217,0.0,North,1
43,Male,66101.93,601.0,0.409,2.9,East,0
47,Male,51771.45,646.0,0.395,2.9,North,0
32,Male,57075.99,585.0,0.569,15.0,North,0
23,Male,62426.22,695.0,0.317,0.3,North,1
58,Female,59951.44,651.0,0.749,7.0,South,0
39,Female,52301.42,608.0,0.479,3.7,East,0
38,Female,82467.59,686.0,0.364,7.1,East,1
25,Male,98618.6,604.0,0.159,0.0,North,1
61,Female,34553.86,520.0,0.388,10.3,South,1
58,Female,91705.73,732.0,0.335,8.1,South,1
42,Female,73516.49,767.0,0.356,10.0,South,0
35,Male,30000.0,631.0,0.147,7.4,North,1
25,Female,77274.06,553.0,0.355,13.9,North,1
57,Male,59799.4,638.0,0.296,0.0,North,1
25,Male,73696.18,560.0,0.123,5.8,North,1
57,Female,112768.94,603.0,0.479,2.9,South,0
53,Male,52705.04,663.0,0.566,12.8,North,0
62,Female,82195.02,710.0,0.559,3.7,South,1
38,Male,60841.94,747.0,0.429,8.9,North,1
61,Male,44853.51,632.0,0.319,7.1,North,1
59,Male,61486.6,623.0,0.309,10.9,North,1
46,Male,69938.95,701.0,0.506,6.4,North,1
58,Male,73351.7,671.0,0.641,0.0,North,0
49,Female,57127.82,642.0,0.558,11.0,East,1
37,Female,31078.9,467.0,0.1,13.0,South,0
37,Female,89443.96,740.0,0.506,2.2,South,0
48,Male,49596.44,569.0,0.393,11.4,East,1
50,Female,52707.81,662.0,0.318,8.3,South,0
22,Male,75628.1,729.0,0.54,7.4,North,1
39,Male,74915.69,689.0,0.432,9.2,North,1
45,Female,66436.97,636.0,0.422,21.5,South,0
42,Female,79106.81,634.0,0.368,13.9,South,0
34,Male,65245.56,592.0,0.397,8.5,South,1
24,Male,69139.18,676.0,0.55,2.0,East,0
42,Female,52969.96,626.0,0.211,16.8,South,0
50,Male,56477.46,590.0,0.447,11.6,East,0
44,Female,59710.38,642.0,0.549,9.6,North,0
42,Female,96253.36,621.0,0.372,12.4,South,0
41,Female,60356.65,817.0,0.438,0.0,North,0
35,Female,88612.05,681.0,0.579,0.0,East,0
25,Male,90659.79,670.0,0.284,10.8,North,1
62,Male,89924.13,657.0,0.388,5.6,North,1
45,Male,56662.46,831.0,0.143,5.0,North,1
42,Male,68562.81,550.0,0.504,8.8,North,0
35,Female,41531.74,650.0,0.223,5.4,East,1
49,Male,56550.1,424.0,0.328,12.6,South,1
27,Female,92630.56,707.0,0.1,7.9,South,0
38,Female,33988.35,724.0,0.321,5.3,South,1
63,Male,51234.04,672.0,0.345,0.6,South,1
47,Male,46910.54,621.0,0.621,15.7,North,0
58,Female,55032.14,535.0,0.419,7.4,East,0
24,Female,79128.11,567.0,0.632,5.3,South,0
28,Male,67197.41,524.0,0.311,7.0,South,1
58,Female,82239.48,771.0,0.477,11.0,North,1
46,Male,51292.3,695.0,0.239,7.0,North,1
40,Female,62637.23,628.0,0.462,6.6,South,1
59,Female,42098.05,735.0,0.231,5.6,South,0
53,Female,49604.22,754.0,0.155,4.3,North,0
35,Male,30000.0,583.0,0.388,8.5,North,0
23,Female,62447.59,578.0,0.52,11.6,East,0
31,Male,85460.85,561.0,0.423,15.6,East,1
43,Female,92682.05,630.0,0.325,5.7,North,1
64,Female,70353.28,463.0,0.308,12.8,North,0
37,Female,100570.31,661.0,0.418,3.2,South,1
31,Female,34259.08,542.0,0.386,2.1,North,0
41,Male,74708.72,599.0,0.199,8.2,North,1
59,Female,104872.58,692.0,0.538,1.8,East,1
29,Male,74098.3,469.0,0.391,6.0,North,0
48,Female,47731.11,616.0,0.145,0.0,East,0
49,Female,43707.35,585.0,0.402,2.8,East,0
49,Female,80897.33,683.0,0.219,2.3,South,1
25,Male,77166.87,662.0,0.392,0.5,North,1
48,Female,89336.89,576.0,0.571,2.0,South,0
39,Female,39642.02,643.0,0.545,0.5,South,0
39,Female,84410.05,643.0,0.375,0.7,South,0
22,Female,58212.09,685.0,0.371,0.7,North,0
40,Male,100809.27,581.0,0.522,2.8,North,1
47,Male,71186.06,673.0,0.247,1.4,North,1
61,Male,57934.1,555.0,0.176,3.8,North,1
40,Female,57625.11,550.0,0.625,0.0,North,0
29,Male,30000.0,682.0,0.401,3.4,North,0
41,Male,57545.3,742.0,0.371,7.6,North,1
33,Male,77551.81,716.0,0.166,0.0,North,1
62,Female,50445.77,597.0,0.599,5.7,East,0
56,Male,62240.78,602.0,0.136,12.3,South,1
45,Male,42312.38,670.0,0.226,8.9,North,1
32,Male,36587.65,636.0,0.538,10.5,South,1
44,Female,43140.2,600.0,0.221,6.0,East,0
36,Female,59641.82,644.0,0.461,5.6,South,1
33,Male,30000.0,556.0,0.172,12.7,East,1
43,Male,64967.43,584.0,0.328,8.0,North,1
34,Female,30000.0,609.0,0.615,4.1,South,0
23,Male,75576.01,556.0,0.491,3.7,South,0
32,Male,77572.87,648.0,0.354,4.0,East,1
32,Female,83518.39,693.0,0.466,8.1,North,1
41,Male,75656.17,605.0,0.3,14.2,North,1
51,Female,105064.14,850.0,0.686,2.0,South,1
35,Male,57137.94,499.0,0.217,1.2,North,1
39,Male,90244.24,531.0,0.538,6.8,North,0
54,Male,78252.68,618.0,0.425,6.2,North,1
54,Male,65092.66,720.0,0.321,1.6,North,1
42,Female,51141.26,550.0,0.422,1.9,South,0
23,Male,79431.71,663.0,0.418,0.3,North,0
56,Female,77382.08,714.0,0.1,6.5,South,1
61,Female,54766.13,630.0,0.112,2.3,North,1
53,Female,65649.9,605.0,0.256,7.0,South,1
64,Female,69080.21,767.0,0.501,4.3,South,1
38,Female,50704.63,568.0,0.471,0.0,East,0
33,Female,30000.0,627.0,0.433,13.4,East,0
62,Male,32424.85,649.0,0.584,8.5,North,0
55,Female,55231.57,692.0,0.135,7.4,South,1
58,Female,32761.68,735.0,0.534,5.1,South,0
31,Male,81474.03,756.0,0.19,10.0,East,1
58,Female,38326.79,513.0,0.293,15.7,South,0
22,Female,49005.14,618.0,0.509,7.0,South,0
24,Female,40006.54,707.0,0.425,4.1,North,0
50,Male,84203.87,604.0,0.456,9.4,North,1
25,Female,65033.24,668.0,0.271,2.8,South,1
38,Male,75870.68,575.0,0.447,18.8,East,0
26,Female,74083.24,559.0,0.459,8.1,South,0
30,Male,78880.73,563.0,0.192,9.7,North,1
60,Male,78719.3,490.0,0.296,6.2,North,1
44,Male,41260.27,641.0,0.232,2.4,North,1
22,Female,31964.98,730.0,0.283,6.1,South,1
43,Male,73436.31,531.0,0.461,4.3,North,0
44,Female,72702.48,662.0,0.195,8.4,South,1
35,Male,30000.0,679.0,0.406,0.4,North,0
60,Female,49337.43,634.0,0.491,0.4,North,0
54,Female,59704.13,579.0,0.447,1.3,South,0
58,Male,66885.95,781.0,0.241,2.9,North,1
31,Male,69641.88,637.0,0.198,3.1,East,1
64,Male,44619.07,613.0,0.49,9.1,East,0
25,Female,85351.29,642.0,0.712,9.7,East,0
51,Male,86670.86,587.0,0.556,10.4,North,0
62,Male,73005.79,524.0,0.381,11.0,South,1
50,Male,66753.71,694.0,0.326,7.1,North,1
56,Male,64244.91,641.0,0.541,5.9,North,0
31,Male,44786.62,607.0,0.364,16.4,South,1
27,Female,103878.22,791.0,0.234,6.9,South,0
41,Female,71282.42,703.0,0.681,2.4,South,0
32,Male,82302.32,779.0,0.405,7.5,East,1
49,Female,30000.0,649.0,0.358,5.3,South,0
32,Male,86920.93,656.0,0.177,4.7,North,1
61,Male,74497.95,721.0,0.605,3.4,North,1
26,Female,111249.64,591.0,0.422,12.5,South,1
49,Female,68161.94,607.0,0.263,13.2,South,1
52,Male,73868.8,547.0,0.1,1.3,North,1
57,Male,47995.47,634.0,0.158,5.7,East,1
40,Female,85743.35,689.0,0.545,1.7,South,0
35,Female,64780.08,620.0,0.578,8.9,South,0
61,Female,71499.69,572.0,0.318,7.9,North,1
49,Female,91910.2,771.0,0.374,8.1,South,1
26,Female,30000.0,680.0,0.392,10.8,North,0
29,Female,59272.03,590.0,0.1,8.2,South,1
25,Female,48078.06,738.0,0.694,7.3,South,0
45,Male,37184.53,618.0,0.495,0.0,North,0
64,Male,42337.84,583.0,0.5,1.4,South,0
50,Male,66223.76,512.0,0.331,0.0,South,0
51,Female,85728.03,596.0,0.259,7.1,East,0
62,Female,49005.02,577.0,0.59,10.8,East,0
45,Female,43866.04,682.0,0.545,7.4,South,0
23,Female,64294.36,527.0,0.217,11.9,East,0
23,Female,72884.57,625.0,0.452,5.9,South,0
38,Male,80414.6,620.0,0.504,13.1,East,1
60,Male,81817.69,759.0,0.249,5.2,North,1
43,Female,51885.14,631.0,0.253,5.0,South,1
30,Female,58004.53,615.0,0.401,0.0,South,0
53,Female,55666.66,695.0,0.45,2.5,North,0
54,Male,66378.84,569.0,0.218,17.8,North,1
48,Male,64761.63,691.0,0.311,5.4,East,1
53,Male,33141.1,538.0,0.513,14.0,South,0
39,Male,63308.49,619.0,0.464,0.0,North,0
24,Male,30000.0,760.0,0.403,14.3,North,1
56,Female,82753.39,564.0,0.5,1.0,East,0
27,Female,70906.73,609.0,0.511,2.1,South,0
50,Male,37210.93,620.0,0.625,5.9,North,0
39,Male,71608.23,597.0,0.576,14.1,South,1
47,Male,77070.71,675.0,0.391,6.6,North,1
29,Male,47780.63,596.0,0.307,4.8,South,1
22,Male,51138.42,550.0,0.59,11.0,South,0
23,Female,74018.46,572.0,0.62,1.8,North,0
25,Male,58144.83,756.0,0.494,9.6,North,1
40,Male,52214.88,661.0,0.325,16.5,South,1
51,Female,71540.24,825.0,0.1,1.9,East,1
43,Male,60212.83,801.0,0.4,7.4,South,1
52,Female,87380.0,806.0,0.237,4.3,South,0
49,Female,74718.0,781.0,0.42,8.5,South,1
36,Male,73034.63,668.0,0.421,6.6,North,1
63,Male,68863.18,560.0,0.695,5.8,North,0
36,Male,68674.48,642.0,0.465,2.5,South,0
26,Male,87312.14,669.0,0.59,10.3,East,1
35,Female,43715.16,653.0,0.265,13.7,South,0
52,Male,87158.05,794.0,0.29,13.0,North,1
25,Female,78192.67,674.0,0.216,11.6,East,1
58,Female,67569.61,700.0,0.491,5.0,South,1
29,Male,37680.41,578.0,0.467,8.4,North,0
28,Male,81119.08,656.0,0.313,9.1,North,1
53,Male,62382.39,632.0,0.512,4.5,North,0
35,Male,92836.12,617.0,0.392,9.4,North,1
60,Male,75343.81,531.0,0.483,9.5,North,0
50,Male,46996.78,575.0,0.18,13.7,North,1
38,Male,82305.23,509.0,0.712,10.1,East,0
41,Male,72415.15,733.0,0.317,5.1,North,1
49,Male,92288.12,552.0,0.393,4.6,East,1
34,Male,72744.02,492.0,0.281,0.3,South,0
49,Female,68526.01,747.0,0.507,10.6,East,0
33,Male,76913.12,607.0,0.435,3.9,North,1
37,Female,30000.0,629.0,0.315,10.0,South,0
44,Male,92536.55,610.0,0.726,8.9,East,0
23,Female,54793.71,654.0,0.28,15.8,South,0
34,Male,39256.68,656.0,0.138,13.0,North,1
30,Male,70397.0,619.0,0.29,4.8,East,1
31,Female,74059.91,685.0,0.472,0.0,East,0
46,Female,52872.86,684.0,0.571,2.0,South,0
55,Female,86953.44,668.0,0.201,5.1,South,0
52,Female,51039.38,607.0,0.463,10.7,South,1
24,Female,95472.04,571.0,0.273,7.7,North,1
34,Male,48900.49,686.0,0.591,0.1,North,0
31,Male,56770.34,850.0,0.39,0.0,South,1
42,Male,59058.45,612.0,0.451,0.2,South,0
50,Male,63389.77,742.0,0.297,0.0,North,1
46,Female,35369.58,722.0,0.45,0.0,South,0
38,Male,55595.74,551.0,0.445,0.0,South,0
31,Male,68203.86,510.0,0.3,4.1,North,0
52,Male,61381.18,747.0,0.425,9.5,North,1
41,Female,44558.04,638.0,0.584,9.7,North,0
53,Female,52618.82,541.0,0.433,14.6,South,1
30,Female,75182.82,642.0,0.47,8.5,North,0
61,Male,59502.89,586.0,0.478,0.0,North,0
58,Female,93612.44,696.0,0.258,5.3,South,0
49,Female,57011.13,713.0,0.294,9.7,North,0
54,Female,57882.32,661.0,0.507,5.9,North,1
60,Male,81571.1,722.0,0.586,12.9,North,1
61,Male,60048.63,673.0,0.271,0.0,North,1
24,Male,66853.31,706.0,0.676,0.0,North,0
40,Female,58149.46,673.0,0.166,0.0,South,1
33,Male,52960.37,610.0,0.331,7.2,North,1
25,Female,65597.46,413.0,0.638,7.2,South,0
64,Female,65125.25,750.0,0.223,1.9,South,1
22,Female,64235.52,758.0,0.229,7.8,South,1
55,Male,70725.03,695.0,0.448,1.7,South,1
30,Male,46378.59,769.0,0.629,0.4,North,0
36,Male,64998.6,719.0,0.549,13.1,South,1
50,Male,65353.69,655.0,0.1,5.3,East,1
56,Male,65370.68,612.0,0.501,0.0,North,0
28,Male,72540.9,540.0,0.611,9.1,North,1
49,Female,62527.08,599.0,0.355,0.0,East,1
61,Female,41705.02,685.0,0.1,9.7,East,0
56,Male,100921.37,723.0,0.596,14.0,North,1
41,Male,36632.65,580.0,0.173,2.1,North,1
57,Female,67022.86,558.0,0.324,7.0,East,0
43,Male,78196.57,594.0,0.48,13.7,South,1
47,Male,62891.77,780.0,0.486,0.2,North,1
28,Male,85472.74,627.0,0.541,7.1,East,0
53,Female,78519.61,757.0,0.586,9.3,South,1
22,Female,63426.7,602.0,0.537,10.2,South,0
63,Male,67568.77,710.0,0.382,6.6,North,1
33,Male,48960.61,546.0,0.275,0.7,North,0
41,Male,56962.83,636.0,0.48,21.1,South,1
60,Male,96417.14,684.0,0.435,6.0,East,1
45,Male,82640.53,564.0,0.369,13.1,North,1
59,Male,78145.08,712.0,0.411,8.1,North,1
35,Male,90833.57,633.0,0.241,12.8,North,1
46,Female,97575.36,631.0,0.127,7.8,South,1
61,Female,61622.04,702.0,0.197,4.9,South,1
29,Female,55500.05,784.0,0.1,5.5,South,0
53,Female,72468.66,802.0,0.297,11.1,North,0
62,Female,59293.67,736.0,0.332,0.9,North,1
62,Male,79679.7,672.0,0.506,10.8,North,1
22,Female,59627.41,746.0,0.506,12.4,East,0
47,Female,69252.37,647.0,0.194,15.7,South,1
49,Female,66547.67,734.0,0.514,4.4,East,0
39,Female,79461.6,542.0,0.406,16.0,East,0
47,Male,64231.91,845.0,0.455,4.0,North,1
55,Female,50136.96,665.0,0.521,6.4,South,0
48,Female,67251.07,772.0,0.235,12.5,South,0
30,Male,59801.11,659.0,0.262,5.5,South,1
50,Female,55082.31,507.0,0.104,18.1,East,1
27,Female,46912.44,660.0,0.601,4.1,South,0
27,Female,66362.41,585.0,0.438,7.9,South,0
54,Female,30000.0,685.0,0.365,3.4,East,0
37,Female,72271.47,680.0,0.595,12.5,North,0
23,Male,75220.21,589.0,0.395,11.8,East,1
41,Male,53515.25,633.0,0.43,3.9,North,0
25,Male,77481.32,685.0,0.542,11.6,North,1
63,Female,52358.62,731.0,0.276,0.0,South,0
58,Male,60423.45,549.0,0.102,6.5,East,1
38,Male,60481.29,609.0,0.352,5.9,North,0
63,Female,61340.85,574.0,0.25,0.0,South,1
32,Female,76800.47,609.0,0.25,8.1,South,1
37,Female,36557.56,599.0,0.648,10.6,East,0
36,Female,69648.93,696.0,0.501,0.0,East,0
22,Female,37615.72,651.0,0.574,0.0,South,0
44,Female,33626.5,601.0,0.426,8.0,North,0
57,Male,77876.18,663.0,0.106,5.6,East,1
42,Female,78476.27,632.0,0.535,4.4,South,0
60,Male,58151.43,717.0,0.78,16.0,East,0
44,Male,37805.91,638.0,0.424,7.0,North,0
54,Male,51313.21,617.0,0.721,6.7,South,0
30,Female,55393.7,697.0,0.259,8.6,North,0
39,Female,66005.46,706.0,0.259,5.7,South,1
48,Male,103969.59,800.0,0.324,15.2,North,1
61,Female,86791.86,710.0,0.587,4.4,South,0
44,Female,67315.84,690.0,0.402,10.9,East,0
51,Male,46500.27,688.0,0.505,3.0,North,0
64,Male,80180.51,581.0,0.417,5.0,North,1
58,Male,37082.8,666.0,0.342,6.7,North,0
60,Male,89485.55,632.0,0.319,1.4,North,1
45,Female,66893.9,607.0,0.429,10.4,East,0
55,Female,66776.66,608.0,0.346,18.7,South,1
28,Female,75940.62,610.0,0.526,7.6,South,0
35,Male,70527.47,710.0,0.356,9.8,South,1
37,Female,89504.98,534.0,0.199,4.2,South,1
61,Male,66929.31,543.0,0.369,12.6,East,1
63,Male,59141.46,594.0,0.345,10.4,North,1
23,Female,45617.27,733.0,0.298,13.3,North,1
38,Male,74453.47,706.0,0.175,17.0,North,1
53,Male,32393.37,558.0,0.369,11.9,North,0
54,Female,87375.54,513.0,0.134,2.6,North,0
63,Male,84035.63,740.0,0.423,3.9,East,1
23,Female,49677.94,694.0,0.211,13.9,North,1
63,Male,57558.44,707.0,0.298,3.6,North,1
52,Female,62740.13,720.0,0.295,10.7,North,1
30,Female,34435.5,728.0,0.352,7.3,South,1
25,Male,74287.32,594.0,0.407,9.8,North,0
24,Male,72826.4,771.0,0.658,14.4,North,1
60,Female,59761.39,644.0,0.315,0.2,South,0
30,Male,93707.33,648.0,0.509,1.5,East,0
30,Female,39925.73,628.0,0.437,13.1,South,0
45,Female,62449.59,509.0,0.394,5.3,East,0
47,Male,91329.58,709.0,0.351,7.9,North,1
29,Male,89546.61,573.0,0.277,1.4,East,1
56,Female,84368.83,729.0,0.472,5.8,South,1
55,Female,36311.68,683.0,0.616,6.1,South,0
56,Male,76194.1,643.0,0.36,0.0,North,1
34,Female,63135.27,733.0,0.276,9.2,South,1
57,Male,106197.1,671.0,0.327,3.7,North,1
49,Male,49764.53,754.0,0.544,0.0,East,0
63,Female,75782.51,621.0,0.456,2.2,East,1
48,Female,43511.73,770.0,0.138,6.6,South,1
42,Female,71905.61,561.0,0.321,13.9,South,1
29,Female,54166.07,660.0,0.37,5.9,South,0
26,Male,84624.93,611.0,0.438,9.8,North,1
40,Male,55179.94,786.0,0.426,13.2,East,1
51,Male,34307.38,653.0,0.22,16.3,North,1
59,Male,61050.98,643.0,0.548,5.9,North,0
40,Female,61243.26,695.0,0.45,10.8,South,1
38,Male,50186.39,767.0,0.182,6.1,North,1
51,Female,66240.46,471.0,0.213,2.9,South,0
49,Female,55669.45,693.0,0.536,4.8,South,0
61,Female,46631.02,769.0,0.385,1.8,South,1
58,Male,102688.62,724.0,0.626,10.4,North,1
43,Male,60886.45,707.0,0.331,14.0,South,1
61,Male,73769.44,541.0,0.304,0.0,South,1
48,Male,71571.72,741.0,0.493,16.4,South,1
26,Male,56604.65,623.0,0.163,10.1,North,1
59,Female,93206.52,548.0,0.29,7.0,South,1
56,Male,65869.53,557.0,0.185,0.0,North,1
35,Male,69600.06,607.0,0.584,11.0,North,0
23,Female,70569.27,751.0,0.373,1.8,East,1
53,Female,72750.86,658.0,0.412,0.5,South,1
55,Male,91004.93,680.0,0.508,4.7,North,1
63,Male,99231.16,707.0,0.378,2.3,North,1
61,Female,61317.46,503.0,0.369,1.0,South,0
28,Female,98052.3,554.0,0.53,16.1,South,0
26,Male,42499.62,595.0,0.362,6.8,North,0
56,Male,32645.42,723.0,0.408,13.4,North,1
62,Male,59455.17,632.0,0.175,8.9,North,1
30,Female,30000.0,597.0,0.39,10.2,South,1
30,Female,62703.67,655.0,0.392,10.0,South,1
35,Male,53856.11,764.0,0.232,16.5,East,1
30,Male,86594.05,764.0,0.1,0.0,North,1
23,Female,79249.54,582.0,0.403,5.2,South,0
26,Female,77579.28,451.0,0.434,1.4,South,0
51,Male,88566.16,623.0,0.381,13.4,North,1
24,Male,63900.34,561.0,0.567,7.0,East,0
48,Male,74658.52,674.0,0.215,2.9,North,1
54,Female,56931.07,733.0,0.446,4.6,South,1
38,Male,115525.28,560.0,0.244,4.2,North,1
25,Female,62510.04,590.0,0.44,4.4,East,0
45,Female,78047.12,678.0,0.561,5.5,South,0
46,Male,54954.59,752.0,0.315,6.7,North,1
37,Male,50720.87,814.0,0.778,5.7,North,0
57,Male,49064.07,835.0,0.545,5.6,South,1
61,Female,58110.61,738.0,0.498,7.2,South,1
22,Male,78045.7,678.0,0.482,11.2,North,1
53,Female,43929.72,688.0,0.273,9.0,South,1
30,Male,94791.55,566.0,0.234,7.6,North,1
54,Male,57013.84,718.0,0.538,8.1,South,0
51,Female,87657.39,672.0,0.21,5.9,South,1
54,Female,40672.95,599.0,0.422,4.6,South,0
50,Female,84148.4,622.0,0.26,11.0,North,0
64,Female,30000.0,695.0,0.477,4.9,North,1
46,Female,81335.13,676.0,0.587,9.9,North,0
42,Female,77837.42,627.0,0.458,3.6,South,0
61,Female,72776.68,679.0,0.457,3.8,South,1
54,Female,58567.82,626.0,0.249,9.7,East,0
55,Female,76797.03,585.0,0.401,12.5,East,0
24,Female,90384.66,671.0,0.572,11.3,South,0
62,Male,46115.67,609.0,0.444,3.7,North,0
40,Male,46836.17,791.0,0.324,7.5,North,1
38,Male,77145.43,743.0,0.536,8.8,East,1
53,Female,69933.56,807.0,0.328,9.9,North,1
61,Female,42137.34,613.0,0.622,0.0,South,0
59,Male,49851.16,700.0,0.421,10.2,South,1
32,Female,87164.77,748.0,0.622,2.2,North,0
24,Male,56166.65,569.0,0.382,11.4,North,0
30,Female,61915.93,640.0,0.214,6.9,North,0
29,Female,53145.76,692.0,0.532,0.0,South,0
56,Male,102777.47,676.0,0.811,3.0,North,0
25,Male,70791.01,687.0,0.547,11.7,East,1
27,Male,82803.51,648.0,0.331,4.8,South,1
62,Female,56218.64,723.0,0.492,9.5,North,1
34,Female,89546.45,657.0,0.401,9.3,South,1
37,Female,51936.21,680.0,0.514,0.0,South,0
32,Male,63349.29,626.0,0.163,14.0,North,1
44,Male,89914.43,721.0,0.508,6.4,North,1
45,Male,63294.14,632.0,0.371,5.3,South,1
25,Female,50173.93,768.0,0.311,1.8,North,0
32,Female,59901.66,735.0,0.43,7.0,South,0
50,Female,42758.5,573.0,0.369,4.6,North,1
60,Female,69224.99,564.0,0.52,0.9,South,0
62,Female,41451.99,662.0,0.339,8.5,South,1
64,Female,86816.89,650.0,0.557,0.0,South,0
36,Male,46286.89,610.0,0.473,0.1,South,0
62,Female,77618.19,711.0,0.449,4.1,East,0
54,Male,44897.07,786.0,0.321,6.2,East,1
40,Female,97536.23,527.0,0.505,3.6,East,0
57,Male,83215.64,664.0,0.616,8.2,East,1
40,Male,101769.28,644.0,0.336,2.8,North,1
46,Male,62379.71,621.0,0.127,15.2,North,1
29,Male,80905.82,655.0,0.326,2.4,North,1
58,Male,46128.47,800.0,0.458,6.6,East,1
36,Female,32355.55,402.0,0.579,5.5,North,0
24,Male,52944.06,562.0,0.468,6.0,North,0
22,Female,95128.34,722.0,0.243,3.8,South,1
38,Female,88205.17,714.0,0.253,0.6,South,0
44,Male,73788.08,613.0,0.498,10.9,North,1
53,Female,42520.48,637.0,0.526,5.0,North,0
40,Female,53624.22,576.0,0.392,9.1,South,0
29,Female,80207.31,557.0,0.199,7.3,East,0
39,Male,76096.68,681.0,0.415,3.4,North,1
54,Male,87710.13,762.0,0.552,2.0,East,0
28,Male,41421.05,796.0,0.213,2.7,North,1
59,Female,33493.93,543.0,0.512,12.6,South,0
58,Male,68490.25,589.0,0.382,7.1,North,1
34,Male,60923.31,723.0,0.437,3.8,North,1
41,Female,78848.65,682.0,0.165,10.9,South,0
37,Male,44080.85,684.0,0.659,1.8,South,0
35,Male,83230.21,589.0,0.397,0.0,East,0
44,Male,40784.69,671.0,0.492,7.8,North,1
50,Female,86694.88,686.0,0.669,8.5,North,0
34,Male,79829.13,527.0,0.459,7.1,South,0
34,Female,30039.73,685.0,0.257,12.8,North,0
33,Female,52704.38,583.0,0.259,0.0,North,1
28,Male,70479.99,788.0,0.463,5.7,North,1
49,Female,51431.82,612.0,0.296,0.6,South,0
34,Male,54494.43,674.0,0.53,1.5,South,0
25,Female,76089.46,540.0,0.303,11.6,East,0
45,Female,83619.44,654.0,0.272,0.0,North,1
27,Female,62201.95,702.0,0.498,9.0,South,1
47,Female,70055.08,626.0,0.498,8.2,East,1
35,Female,49108.57,551.0,0.441,13.1,South,0
38,Female,56728.23,738.0,0.337,2.6,East,0
55,Male,64986.37,617.0,0.445,10.2,North,1
37,Female,68522.1,732.0,0.373,2.6,East,1
60,Male,76780.87,631.0,0.479,8.1,South,0
52,Female,50982.61,719.0,0.319,11.1,South,0
40,Male,70356.72,585.0,0.309,0.4,North,1
41,Male,45030.63,515.0,0.305,10.9,North,1
62,Male,52207.58,715.0,0.517,0.0,North,0
58,Male,38510.31,633.0,0.387,8.9,South,0
54,Male,114424.94,673.0,0.14,10.3,North,1
61,Male,52765.44,533.0,0.356,0.0,East,0
61,Female,83948.63,615.0,0.64,5.0,South,0
30,Male,59330.32,637.0,0.569,8.4,East,0
54,Male,92234.14,538.0,0.347,2.2,North,1
23,Female,98243.7,637.0,0.281,5.9,South,1
35,Female,57541.94,701.0,0.526,9.6,North,1
47,Female,91366.6,635.0,0.346,17.6,South,0
30,Male,112051.7,589.0,0.437,1.1,North,1
29,Female,51316.0,688.0,0.534,4.4,South,0
56,Female,54961.52,517.0,0.374,14.1,North,1
40,Female,101336.18,787.0,0.448,7.2,South,1
37,Male,73076.06,578.0,0.329,7.6,East,1
53,Female,69272.17,713.0,0.393,5.3,South,0
34,Male,76804.54,655.0,0.464,6.0,North,1
58,Male,99278.52,617.0,0.228,6.6,North,1
50,Male,54437.89,648.0,0.362,12.5,East,1
29,Female,55455.52,638.0,0.492,20.2,South,1
38,Male,76267.3,514.0,0.312,8.5,North,1
26,Female,70114.16,630.0,0.183,9.7,South,1
62,Female,59814.94,670.0,0.485,0.0,South,0
22,Male,76107.2,699.0,0.485,7.9,North,1
28,Female,53831.68,699.0,0.595,7.5,South,0
29,Female,96117.62,578.0,0.522,0.0,South,0
23,Female,95182.22,579.0,0.392,9.7,South,0
22,Female,47818.36,672.0,0.371,11.3,East,1
45,Female,64520.19,759.0,0.482,3.6,South,1
50,Female,46536.52,783.0,0.448,10.6,South,1
39,Female,54789.91,607.0,0.5,12.7,East,0
48,Female,101551.27,631.0,0.295,3.1,South,1
22,Female,62587.67,642.0,0.419,13.4,South,1
45,Male,102026.8,570.0,0.455,2.9,North,1
23,Female,66732.45,667.0,0.675,0.9,North,0
30,Male,35800.3,751.0,0.381,19.0,North,1
29,Female,107749.09,656.0,0.523,2.1,South,0
46,Male,79415.18,717.0,0.375,6.9,South,1
47,Male,43623.44,798.0,0.36,7.5,South,1
57,Male,40744.12,709.0,0.178,0.0,North,1
33,Female,64417.38,466.0,0.196,2.9,South,0
37,Male,91355.29,616.0,0.334,4.8,North,0
62,Male,63472.38,659.0,0.251,2.9,East,1
44,Female,62591.67,633.0,0.482,10.1,North,0
49,Male,80409.12,548.0,0.146,10.4,East,1
43,Male,84467.41,647.0,0.307,4.5,East,1
22,Female,69045.01,508.0,0.477,8.2,South,0
46,Male,67051.24,725.0,0.231,3.8,North,1
32,Female,52022.55,547.0,0.35,5.1,East,0
57,Male,65381.63,670.0,0.283,15.5,North,1
60,Female,95322.72,551.0,0.155,12.0,South,1
50,Female,71593.99,740.0,0.314,1.6,East,0
30,Male,68721.33,652.0,0.421,0.0,South,0
46,Male,69112.19,706.0,0.32,6.6,East,1
42,Male,45716.34,564.0,0.557,0.1,South,0
49,Male,39179.07,635.0,0.41,2.2,North,0
44,Male,89154.34,761.0,0.577,0.0,East,0
49,Female,61672.22,693.0,0.465,12.7,East,0
56,Male,46460.09,645.0,0.428,11.8,South,1
52,Male,54722.67,545.0,0.273,6.6,North,0
43,Male,78246.11,707.0,0.461,1.7,East,1
37,Male,60794.3,805.0,0.375,1.3,South,1
38,Female,69824.56,699.0,0.424,7.1,South,1
47,Male,37813.52,614.0,0.248,3.5,North,0
26,Male,70127.61,696.0,0.217,1.4,North,1
61,Female,43219.28,600.0,0.485,4.5,South,0
32,Male,56324.09,578.0,0.385,10.5,East,0
39,Male,54818.69,506.0,0.37,9.6,North,1
35,Male,41309.83,672.0,0.453,10.2,South,0
33,Female,83987.01,683.0,0.483,2.8,North,0
37,Female,51990.52,623.0,0.33,7.8,North,1
47,Female,77527.94,587.0,0.361,2.5,South,0
47,Female,37750.35,631.0,0.384,9.2,East,0
47,Female,39330.48,638.0,0.27,0.8,North,1
22,Male,45896.41,611.0,0.242,11.5,East,1
52,Female,77622.89,764.0,0.613,4.2,East,0
60,Male,69179.09,595.0,0.551,0.0,North,0
28,Male,64479.73,696.0,0.139,4.2,East,1
36,Male,86548.75,617.0,0.3,18.4,South,1
30,Male,30000.0,598.0,0.31,2.3,North,0
50,Male,41584.43,586.0,0.328,15.9,North,1
59,Female,89068.85,621.0,0.425,7.9,North,1
35,Male,73160.87,762.0,0.568,8.0,North,1
34,Female,51035.56,635.0,0.389,1.1,North,0
60,Female,65646.26,617.0,0.465,9.3,North,1
39,Female,66068.17,669.0,0.616,10.6,East,1
22,Male,69814.03,646.0,0.574,4.7,East,0
37,Male,61110.41,678.0,0.531,0.0,North,0
38,Female,68298.23,634.0,0.507,18.5,South,1
29,Male,77572.22,551.0,0.464,7.9,East,0
40,Male,42217.01,757.0,0.477,7.5,South,1
26,Male,100942.52,762.0,0.347,2.3,East,1
24,Female,60010.85,773.0,0.651,6.9,East,0
61,Female,78346.87,578.0,0.635,8.1,East,0
48,Female,87574.13,546.0,0.596,3.6,South,0
38,Female,83250.32,635.0,0.556,12.4,North,1
63,Male,38204.89,559.0,0.26,4.3,North,0
26,Male,83431.78,537.0,0.333,4.7,South,1
41,Female,30000.0,488.0,0.465,9.0,South,0
37,Female,57819.13,675.0,0.358,4.5,North,1
38,Female,85317.62,503.0,0.498,8.6,South,0
49,Female,94802.51,650.0,0.398,6.3,North,1
42,Male,68107.35,764.0,0.432,3.9,North,1
41,Male,58863.24,786.0,0.442,7.2,South,1
43,Female,30000.0,714.0,0.25,13.6,South,1
46,Female,93927.13,769.0,0.442,6.0,South,1
26,Female,44402.4,594.0,0.1,4.8,North,1
34,Male,76860.75,673.0,0.482,4.2,South,1
36,Male,67344.44,629.0,0.347,5.6,South,0
35,Female,78389.53,500.0,0.265,16.4,South,1
53,Male,71937.86,614.0,0.487,2.2,South,0
31,Female,94311.57,638.0,0.297,12.2,South,0
53,Male,40161.76,695.0,0.261,11.2,North,1
61,Female,74244.02,551.0,0.283,10.3,South,0
59,Male,83845.09,635.0,0.337,2.7,East,1
50,Male,91016.16,601.0,0.415,7.0,North,1
33,Female,61321.77,609.0,0.549,9.2,South,0
41,Female,102966.81,638.0,0.513,0.0,South,0
29,Male,75596.76,649.0,0.106,3.2,North,1
58,Female,59024.61,599.0,0.521,6.7,South,0
33,Female,55770.72,583.0,0.415,8.3,East,0
47,Female,30000.0,518.0,0.249,0.0,South,0
49,Female,30000.0,604.0,0.244,13.0,South,0
32,Female,62912.57,680.0,0.386,14.2,South,0
34,Male,43142.35,638.0,0.376,9.8,South,1
30,Male,97898.28,545.0,0.443,13.4,North,1
36,Male,44827.89,684.0,0.228,6.8,North,1
38,Male,79075.62,713.0,0.44,8.3,South,1
42,Female,40870.5,597.0,0.375,8.6,South,0
33,Female,87885.26,583.0,0.517,1.7,South,0
42,Male,44601.25,659.0,0.439,6.6,North,1
62,Male,82824.96,692.0,0.53,6.9,South,1
38,Female,36111.0,662.0,0.496,3.8,East,0
53,Male,73681.03,687.0,0.627,5.8,South,0
26,Female,57451.36,561.0,0.241,2.8,South,0
63,Female,46632.49,633.0,0.337,8.7,North,0
33,Male,87611.83,690.0,0.509,6.8,North,1
63,Female,54276.28,638.0,0.351,12.4,South,0
28,Male,86350.57,599.0,0.517,4.6,North,0
28,Male,34156.46,726.0,0.268,7.8,North,1
56,Female,101830.99,553.0,0.277,3.3,East,1
44,Male,66020.86,683.0,0.285,5.9,North,1
34,Male,87877.15,629.0,0.427,10.3,South,1
50,Male,46477.08,551.0,0.255,7.8,East,1
30,Female,106632.98,600.0,0.242,10.9,East,1
24,Male,72313.97,699.0,0.277,7.7,North,1
24,Female,44716.52,660.0,0.348,12.5,North,1
40,Female,31671.62,624.0,0.433,4.2,South,0
36,Male,63948.03,669.0,0.534,14.1,North,1
48,Male,66424.28,477.0,0.175,16.3,South,1
44,Male,104557.47,678.0,0.522,5.7,North,1
30,Male,46912.56,770.0,0.242,0.0,North,1
41,Female,59229.53,514.0,0.355,8.7,South,1
50,Male,66613.46,728.0,0.188,6.0,East,1
48,Male,84355.19,533.0,0.297,9.8,East,1
37,Male,60889.98,715.0,0.168,4.2,North,1
47,Male,79321.09,533.0,0.423,6.8,North,0
36,Male,99330.81,571.0,0.449,0.0,North,1
32,Male,63520.72,772.0,0.258,2.3,North,1
58,Female,73967.64,601.0,0.632,6.5,East,0
50,Male,54616.3,744.0,0.485,6.1,North,1
35,Female,84216.12,575.0,0.47,13.1,North,0
34,Male,60733.78,639.0,0.687,15.2,North,0
61,Female,85941.37,657.0,0.401,11.7,South,0
52,Female,57024.46,637.0,0.39,12.6,South,1
39,Male,80009.92,682.0,0.538,13.3,North,1
55,Male,56646.06,557.0,0.539,0.0,East,0
41,Female,68765.66,734.0,0.321,13.6,South,0
60,Male,74385.5,578.0,0.115,11.9,South,1
50,Male,30000.0,572.0,0.397,10.3,South,0
64,Male,60283.44,739.0,0.39,16.0,East,1
29,Female,80553.35,585.0,0.351,16.1,South,1
36,Male,56142.59,729.0,0.536,15.4,North,1
45,Male,81087.52,644.0,0.344,11.3,North,1
54,Female,51640.61,596.0,0.169,4.2,South,1
39,Male,76654.79,750.0,0.436,3.1,South,1
58,Male,67633.91,582.0,0.495,13.4,North,0
60,Male,84507.89,748.0,0.442,11.2,East,1
62,Male,51197.27,542.0,0.507,3.8,North,0
41,Male,74667.99,682.0,0.49,9.8,North,1
29,Male,88773.48,684.0,0.1,7.6,North,1
57,Male,71373.64,565.0,0.518,7.1,East,0
31,Male,59999.06,604.0,0.411,5.0,South,1
56,Female,56069.81,672.0,0.551,1.0,South,0
41,Male,57688.35,699.0,0.719,0.0,North,0
28,Male,65686.44,678.0,0.624,2.1,North,0
60,Female,78154.34,707.0,0.395,2.0,North,1
28,Female,47794.0,719.0,0.571,13.3,South,0
33,Male,30000.0,850.0,0.317,15.1,North,1
64,Female,37190.46,729.0,0.232,24.0,South,1
61,Female,50143.16,641.0,0.304,3.3,North,1
64,Male,68458.12,840.0,0.467,5.7,North,1
53,Male,30000.0,532.0,0.548,4.7,North,0
52,Male,69666.91,840.0,0.314,10.2,North,1
37,Male,82023.32,510.0,0.374,7.7,East,0
42,Male,92423.19,663.0,0.356,7.3,North,1
37,Female,49829.8,633.0,0.275,12.5,South,1
23,Female,30000.0,758.0,0.19,7.7,North,1
25,Female,61125.05,646.0,0.474,6.7,South,1
25,Male,92727.56,754.0,0.341,5.3,South,1
23,Female,71597.15,685.0,0.532,13.1,South,0
27,Female,34461.8,716.0,0.737,12.6,North,0
61,Female,75107.77,602.0,0.472,9.1,South,0
35,Male,100139.16,557.0,0.316,14.1,East,1
33,Male,30000.0,696.0,0.229,6.2,North,1
36,Male,38991.51,718.0,0.252,10.2,North,1
26,Female,54198.67,581.0,0.379,7.1,South,0
57,Male,40714.5,614.0,0.374,5.0,South,1
45,Male,54042.48,623.0,0.44,6.3,East,1
42,Female,60992.9,566.0,0.314,0.0,North,0
58,Male,46258.51,710.0,0.413,10.0,South,1
50,Male,65501.09,649.0,0.464,10.5,North,0
54,Male,48058.58,627.0,0.682,8.2,North,0
27,Male,40259.51,567.0,0.356,15.5,North,1
24,Female,64652.43,750.0,0.47,10.3,South,1
23,Male,72786.05,583.0,0.408,0.0,North,0
23,Male,49595.07,656.0,0.465,11.5,North,1
35,Male,115860.77,651.0,0.431,12.4,North,1
37,Male,82110.8,729.0,0.296,8.6,North,1
53,Female,49299.11,510.0,0.61,9.2,East,0
46,Female,74914.51,647.0,0.434,5.0,South,0
60,Female,97200.14,581.0,0.576,3.9,South,0
59,Male,60302.73,718.0,0.457,0.0,East,0
37,Female,85397.38,599.0,0.368,7.4,East,1
23,Female,84758.2,715.0,0.495,1.6,North,1
27,Female,89005.48,743.0,0.512,7.6,South,1
36,Female,45418.13,746.0,0.668,4.5,South,0
55,Female,38561.48,688.0,0.705,8.9,South,0
62,Female,43392.58,587.0,0.185,18.0,North,1
55,Female,33393.89,634.0,0.536,1.9,South,0
45,Female,46997.3,770.0,0.637,3.2,South,0
42,Female,63919.87,658.0,0.327,13.9,South,1
46,Female,54796.32,639.0,0.276,4.8,South,1
47,Male,64008.07,732.0,0.531,12.9,North,1
55,Male,43268.27,648.0,0.402,9.0,South,1
37,Male,81697.33,483.0,0.586,11.4,North,0
41,Male,102282.49,566.0,0.377,6.1,North,1
24,Male,53582.85,607.0,0.119,1.4,East,1
62,Female,97012.94,780.0,0.331,0.0,South,0
58,Female,35461.32,570.0,0.175,4.9,South,1
36,Female,66842.62,700.0,0.467,8.9,South,1
22,Female,69207.14,471.0,0.263,16.8,East,1
56,Female,84188.85,622.0,0.339,5.6,South,1
27,Male,68642.58,684.0,0.266,7.5,South,1
29,Male,31407.02,697.0,0.18,11.9,North,1
23,Male,59700.43,517.0,0.463,0.7,South,0
36,Female,91090.96,721.0,0.486,12.2,South,1
63,Female,91288.89,642.0,0.343,2.5,South,0
57,Female,64420.15,636.0,0.343,9.4,North,0
30,Male,63763.4,824.0,0.575,7.2,East,1
34,Female,47698.95,619.0,0.586,17.3,South,1
37,Male,57377.8,579.0,0.532,11.0,East,0
56,Male,56666.75,643.0,0.424,12.7,North,1
30,Male,68556.23,691.0,0.487,0.0,North,0
57,Male,30698.0,674.0,0.214,9.8,North,1
37,Male,91828.66,496.0,0.555,2.3,North,0
40,Female,97132.17,638.0,0.479,5.5,South,0
33,Male,62239.29,686.0,0.26,1.0,North,1
60,Male,41012.13,722.0,0.539,7.4,North,1
62,Female,75954.29,712.0,0.267,5.2,South,0
26,Male,71150.38,598.0,0.1,15.9,North,1
44,Male,42036.21,578.0,0.428,3.0,East,0
56,Male,49342.84,576.0,0.495,8.7,South,0
62,Male,53622.9,555.0,0.464,8.9,East,0
41,Male,71539.48,692.0,0.422,12.9,South,1
60,Female,64444.8,630.0,0.423,2.8,East,0
34,Female,77929.03,661.0,0.352,0.0,South,0
56,Male,30342.81,683.0,0.534,7.9,North,0
22,Male,98142.04,802.0,0.548,6.2,East,1
29,Female,93343.07,592.0,0.38,3.4,East,1
33,Female,92273.06,615.0,0.35,0.0,North,0
24,Male,60081.87,550.0,0.673,7.4,East,0
56,Female,57682.67,718.0,0.517,7.4,North,0
55,Female,69102.06,687.0,0.633,0.0,South,0
27,Male,42641.57,540.0,0.372,1.2,North,0
24,Male,69723.81,575.0,0.47,10.5,North,0
64,Male,79013.05,676.0,0.219,9.3,North,1
54,Male,61408.29,554.0,0.674,8.4,North,0
32,Male,47167.24,713.0,0.507,2.8,North,1
22,Male,75028.53,580.0,0.637,11.5,North,0
33,Male,51099.99,718.0,0.242,0.0,North,1
32,Female,68534.15,680.0,0.345,5.0,South,1
32,Female,51740.89,744.0,0.442,5.4,South,1
36,Male,88253.9,660.0,0.501,11.5,North,0
41,Male,104496.02,518.0,0.472,10.2,East,1
61,Female,41824.6,667.0,0.11,1.2,North,1
63,Female,104712.75,768.0,0.362,6.3,South,0
34,Male,39482.49,627.0,0.584,13.7,East,0
22,Male,38954.17,540.0,0.406,5.7,South,0
49,Male,85826.44,667.0,0.486,10.8,North,1
28,Male,73522.59,617.0,0.521,10.1,North,1
30,Female,56591.85,593.0,0.436,7.7,North,0
37,Male,91079.49,817.0,0.384,4.0,North,1
33,Female,63984.56,767.0,0.419,0.0,South,0
34,Female,60437.76,784.0,0.21,10.2,East,1
58,Male,77277.94,517.0,0.576,6.5,North,0
61,Female,58688.89,733.0,0.29,9.2,South,1
38,Male,68871.71,630.0,0.264,4.9,North,1
40,Female,60924.35,772.0,0.174,0.0,North,0
35,Female,83756.54,685.0,0.605,5.9,South,0
46,Female,62750.71,683.0,0.297,12.5,South,0
63,Female,30000.0,664.0,0.513,12.4,East,0
49,Female,78069.27,725.0,0.685,10.6,East,0
22,Male,69788.64,679.0,0.504,18.8,East,1
33,Male,86752.09,627.0,0.225,4.5,North,1
37,Female,41295.18,662.0,0.501,4.0,North,0
29,Female,74415.81,562.0,0.27,12.1,East,1
31,Male,126868.59,728.0,0.366,4.1,North,1
39,Male,79083.65,665.0,0.291,1.9,East,1
23,Male,74884.06,663.0,0.427,8.4,North,1
62,Male,88653.6,602.0,0.424,3.9,North,1
33,Male,46156.92,573.0,0.303,4.5,North,0
38,Female,49535.88,669.0,0.189,9.5,North,1
45,Female,96025.62,655.0,0.28,12.0,South,0
51,Male,74443.5,771.0,0.182,0.2,North,1
42,Female,46447.2,672.0,0.49,10.1,East,1
38,Male,30000.0,693.0,0.221,17.6,North,1
35,Male,77998.71,703.0,0.27,8.4,South,1
43,Male,40754.26,635.0,0.122,5.1,North,1
44,Female,54400.09,656.0,0.444,5.7,South,1
42,Male,52781.77,684.0,0.534,0.0,North,0
44,Male,71766.32,649.0,0.356,11.0,North,1
46,Female,53740.83,697.0,0.341,3.5,South,1
63,Female,46560.91,580.0,0.448,8.9,East,0
35,Female,84975.46,602.0,0.682,10.8,North,0
63,Male,38572.2,617.0,0.251,1.9,North,1
24,Male,85067.91,630.0,0.481,17.6,South,1
49,Male,93491.6,642.0,0.581,1.7,North,0
51,Female,55991.63,732.0,0.282,10.3,North,1
51,Female,35819.86,652.0,0.275,0.5,South,0
44,Female,51820.97,643.0,0.379,4.7,South,1
47,Female,61711.11,558.0,0.348,15.5,South,0
25,Male,49204.51,641.0,0.555,5.3,East,0
27,Male,84864.28,579.0,0.6,6.2,East,0
39,Male,66551.67,729.0,0.376,6.5,North,1
45,Male,98510.8,549.0,0.323,9.1,South,1
24,Male,65581.89,555.0,0.277,13.1,North,1
37,Female,30000.0,551.0,0.79,4.3,South,0
61,Female,77067.82,668.0,0.327,2.0,East,0
54,Male,56903.09,613.0,0.274,3.9,North,1
23,Female,78128.94,624.0,0.64,1.7,East,0
42,Male,48149.75,799.0,0.529,8.0,North,1
31,Female,68496.75,557.0,0.252,0.5,East,1
47,Female,91849.88,560.0,0.402,3.6,South,0
52,Male,75635.51,600.0,0.414,2.0,North,1
63,Female,62892.9,646.0,0.144,9.1,South,1
48,Male,92615.06,568.0,0.301,13.8,North,1
61,Male,68579.59,564.0,0.327,16.1,North,1
36,Female,81999.89,495.0,0.442,10.0,South,0
40,Female,75847.64,546.0,0.416,10.8,South,1
27,Female,47184.13,602.0,0.486,6.5,North,0
24,Female,58295.41,669.0,0.498,7.6,South,0
43,Male,59454.04,565.0,0.291,6.2,South,0
46,Female,43160.29,741.0,0.405,5.7,South,0
39,Female,52408.67,476.0,0.502,1.2,South,0
40,Female,72360.12,571.0,0.581,2.1,South,0
54,Male,54553.42,684.0,0.298,0.0,North,1
30,Male,68808.68,850.0,0.491,12.1,North,1
52,Female,92267.27,624.0,0.585,2.8,South,0
43,Female,53972.39,682.0,0.192,6.5,South,1
25,Female,73264.68,563.0,0.501,11.1,South,0
32,Male,59932.61,699.0,0.459,5.9,North,1
32,Male,103845.3,778.0,0.55,6.0,South,1
49,Male,40307.73,536.0,0.468,4.4,North,0
25,Female,105174.67,679.0,0.434,6.6,South,0
22,Female,65116.0,680.0,0.303,1.8,East,1
22,Female,86908.77,553.0,0.648,1.1,South,0
29,Female,30000.0,779.0,0.299,9.6,South,0
29,Male,53594.11,644.0,0.374,2.4,South,0
25,Female,54906.11,565.0,0.387,4.6,East,0
49,Male,33994.9,605.0,0.421,5.0,South,0
26,Male,73617.41,646.0,0.517,3.0,North,0
46,Male,47824.67,612.0,0.468,0.0,North,0
43,Male,70837.05,636.0,0.389,9.1,North,0
57,Female,77505.09,625.0,0.284,13.4,South,1
53,Female,76114.58,636.0,0.519,14.1,South,0
53,Male,66558.55,731.0,0.251,5.3,North,1
31,Male,87749.97,602.0,0.548,0.6,East,0
39,Female,88568.61,658.0,0.176,6.4,South,0
23,Male,79568.88,656.0,0.212,0.0,South,1
30,Female,83779.82,457.0,0.284,10.7,South,0
26,Female,79282.69,520.0,0.572,9.1,East,0
30,Female,55704.74,733.0,0.489,12.2,South,1
62,Female,49000.8,656.0,0.137,4.7,South,1
53,Male,55947.33,600.0,0.542,7.9,North,0
58,Female,47090.96,677.0,0.33,2.0,South,0
39,Female,57317.53,507.0,0.609,8.6,South,0
46,Male,107273.68,617.0,0.323,13.0,South,1
62,Male,55228.12,724.0,0.612,0.3,East,0
24,Female,48753.36,685.0,0.34,3.1,South,0
23,Female,62851.02,660.0,0.33,8.6,South,0
51,Male,30000.0,673.0,0.137,4.7,North,1
32,Male,77522.93,623.0,0.416,7.0,North,1
35,Female,53658.56,697.0,0.496,8.8,East,0
60,Male,52922.31,641.0,0.442,12.5,North,1
43,Female,63121.63,558.0,0.417,10.6,South,0
46,Female,77759.97,678.0,0.473,16.0,South,0
33,Female,77038.21,566.0,0.525,9.3,South,0
27,Male,37585.97,608.0,0.409,9.9,East,0
26,Male,74661.12,591.0,0.373,5.1,North,1
40,Male,77671.98,763.0,0.184,5.7,North,1
41,Male,50387.13,755.0,0.488,5.3,East,1
60,Female,72739.73,850.0,0.336,8.7,East,1
28,Male,79095.58,634.0,0.254,2.2,North,1
52,Male,85779.95,640.0,0.301,11.3,North,1
45,Male,82251.42,628.0,0.1,4.9,North,1
25,Female,61196.19,625.0,0.554,5.0,South,0
36,Male,51610.2,779.0,0.41,5.3,North,1
23,Female,45856.62,555.0,0.278,17.2,South,1
26,Male,59822.11,661.0,0.247,9.4,East,1
44,Female,48163.31,545.0,0.299,11.2,South,1
48,Female,37760.43,670.0,0.438,4.1,South,0
50,Female,50459.74,847.0,0.414,4.8,South,0
57,Male,48805.32,644.0,0.632,2.0,South,0
55,Male,46277.57,608.0,0.657,3.9,North,0
62,Female,47816.27,675.0,0.172,3.1,South,1
42,Male,48442.81,595.0,0.261,14.6,North,1
22,Male,77801.75,578.0,0.251,17.9,North,1
35,Female,32840.0,720.0,0.49,2.8,East,0
42,Male,31203.28,700.0,0.315,10.3,North,1
51,Male,85167.08,662.0,0.365,2.5,North,1
23,Male,80717.18,556.0,0.493,2.3,South,0
28,Male,60071.59,736.0,0.29,9.7,North,1
26,Male,37020.5,689.0,0.476,9.5,East,1
53,Male,103577.19,629.0,0.482,3.3,North,0
37,Male,48779.8,695.0,0.618,12.1,North,1
54,Male,32051.75,601.0,0.476,7.9,South,1
59,Male,73836.81,594.0,0.475,5.8,North,1
54,Female,53706.16,726.0,0.133,6.6,South,1
42,Male,54441.94,703.0,0.429,12.1,North,1
28,Female,55856.52,572.0,0.209,0.2,North,1
23,Male,67140.63,593.0,0.394,4.2,South,0
41,Female,46315.15,646.0,0.518,14.7,South,1
26,Male,66362.41,575.0,0.365,3.8,North,1
62,Female,105193.0,684.0,0.277,6.9,North,0
56,Female,76616.48,748.0,0.571,7.3,South,1
31,Male,59607.05,557.0,0.582,14.2,North,0
44,Female,87180.97,781.0,0.102,9.9,North,1
34,Male,78603.26,769.0,0.492,5.8,North,0
49,Female,30000.0,613.0,0.332,8.7,North,0
62,Male,64812.98,588.0,0.57,2.2,East,0
41,Female,50376.09,829.0,0.1,3.6,South,0
34,Male,88387.11,784.0,0.536,6.3,North,1
29,Male,92257.09,578.0,0.605,12.4,East,0
33,Female,46678.21,687.0,0.399,4.3,South,1
61,Female,84366.13,572.0,0.427,0.8,North,1
35,Female,71371.12,547.0,0.219,6.6,South,1
43,Male,67104.62,657.0,0.322,12.1,South,1
31,Female,50907.13,697.0,0.182,4.5,South,1
35,Female,76017.56,666.0,0.817,4.5,South,0
62,Female,59915.3,560.0,0.55,1.6,South,0
46,Female,64316.67,681.0,0.401,0.0,South,0
50,Male,65026.69,481.0,0.459,6.4,North,0
51,Male,30000.0,685.0,0.436,4.2,East,1
62,Female,36960.79,729.0,0.486,0.0,South,0
27,Male,85444.96,553.0,0.264,8.1,North,1
29,Female,30000.0,741.0,0.379,10.7,South,1
52,Male,45409.3,633.0,0.45,10.1,North,1
33,Female,93145.87,586.0,0.356,15.9,North,1
52,Male,94851.22,620.0,0.417,5.5,North,1
55,Male,58473.33,673.0,0.212,17.8,North,1
54,Male,31774.43,561.0,0.264,1.7,North,0
50,Female,37946.86,537.0,0.157,6.2,East,1
26,Male,32669.73,587.0,0.411,3.8,South,0
25,Female,70628.9,688.0,0.604,0.0,South,0
29,Male,73311.66,633.0,0.649,6.3,North,0
56,Female,85491.23,651.0,0.496,2.6,South,0
44,Male,46006.31,731.0,0.37,9.8,North,1
58,Female,30000.0,623.0,0.55,2.9,East,0
58,Female,32838.01,745.0,0.232,7.5,South,0
62,Female,44026.27,709.0,0.365,13.4,South,1
41,Male,86653.35,820.0,0.312,0.0,East,1
35,Male,85203.81,600.0,0.642,10.5,North,0
30,Female,60038.1,796.0,0.275,5.6,South,1
39,Male,73577.58,588.0,0.499,14.7,North,1
32,Male,84024.0,804.0,0.472,13.8,North,1
42,Male,32255.04,569.0,0.282,9.1,North,0
58,Male,83647.27,619.0,0.431,3.6,North,0
64,Male,69252.92,711.0,0.16,5.9,East,1
42,Female,87722.22,710.0,0.358,12.8,South,1
45,Female,30000.0,725.0,0.314,11.4,North,1
22,Male,81796.36,716.0,0.379,3.4,North,0
44,Male,36950.49,513.0,0.388,10.8,East,0
24,Male,85879.14,597.0,0.174,17.7,North,1
44,Male,53131.11,560.0,0.652,5.2,North,0
26,Male,85657.16,673.0,0.281,2.9,North,1
47,Male,75652.98,658.0,0.218,13.4,East,1
43,Female,87965.16,756.0,0.376,9.2,South,1
61,Female,61192.74,703.0,0.61,7.6,South,0
35,Male,75348.81,609.0,0.478,12.3,North,1
25,Male,59409.07,612.0,0.541,6.3,North,1
29,Male,86939.57,762.0,0.342,7.2,North,1
22,Female,74036.37,465.0,0.273,5.5,East,1
52,Male,84612.65,701.0,0.692,5.3,South,0
54,Female,105239.65,660.0,0.308,10.5,South,0
23,Female,60510.87,582.0,0.468,2.9,North,0
56,Female,30557.97,541.0,0.467,0.0,South,0
41,Male,71215.07,535.0,0.402,0.0,North,0
42,Female,64464.73,682.0,0.313,0.7,East,1
47,Male,30000.0,704.0,0.75,7.0,North,0
43,Female,51742.08,648.0,0.318,7.5,South,0
61,Male,63997.03,713.0,0.373,3.3,North,1
38,Male,75876.59,603.0,0.898,3.5,North,0
56,Male,107132.23,695.0,0.567,5.1,East,0
42,Female,68401.16,725.0,0.462,6.1,South,1
54,Male,37193.66,765.0,0.274,14.3,East,1
44,Female,60690.42,631.0,0.227,1.2,East,1
32,Male,70639.96,578.0,0.496,7.7,North,0
47,Female,78372.32,736.0,0.359,12.9,South,0
43,Male,83044.41,661.0,0.438,4.4,East,1
24,Female,59182.92,550.0,0.473,2.7,North,0
58,Male,60428.3,701.0,0.35,7.1,North,1
28,Female,57548.58,689.0,0.47,0.7,East,0
48,Male,81928.14,586.0,0.224,0.0,North,1
54,Female,86378.15,638.0,0.403,5.0,South,1
45,Male,66662.22,675.0,0.206,6.0,East,1
27,Male,52335.12,691.0,0.26,16.3,North,1
51,Male,77218.25,679.0,0.525,13.7,South,1
49,Male,64691.75,729.0,0.313,3.5,North,1
51,Female,50985.78,627.0,0.425,2.5,South,0
59,Female,71569.88,656.0,0.511,2.4,South,0
36,Female,60237.5,585.0,0.568,2.2,South,0
51,Male,49645.19,561.0,0.677,0.0,South,0
24,Female,69384.93,602.0,0.315,9.8,South,1
37,Male,67828.16,755.0,0.388,8.8,North,1
64,Male,46644.02,747.0,0.406,9.2,North,1
34,Male,66195.89,750.0,0.615,7.5,North,1
51,Male,48030.85,728.0,0.599,0.0,East,0
56,Female,46166.99,573.0,0.588,15.7,East,0
22,Female,85475.32,738.0,0.46,4.2,East,0
51,Male,58361.5,777.0,0.419,14.6,North,1
46,Male,30000.0,644.0,0.304,9.7,East,1
46,Female,68942.37,734.0,0.291,0.0,South,0
45,Male,52695.4,663.0,0.423,1.7,East,0
51,Male,52028.29,631.0,0.329,5.6,South,0
55,Female,49262.06,643.0,0.505,6.7,South,0
52,Female,64020.09,691.0,0.439,12.6,South,0
52,Male,30000.0,604.0,0.166,17.6,South,1
38,Male,72841.27,555.0,0.305,4.6,East,1
29,Male,38235.77,673.0,0.5,15.3,North,1
29,Male,34853.34,609.0,0.428,11.8,North,0
36,Male,76191.59,697.0,0.553,4.4,South,1
39,Female,90412.22,641.0,0.355,10.6,East,0
40,Female,30000.0,667.0,0.369,18.5,South,0
32,Male,30866.61,719.0,0.591,9.7,North,0
61,Male,94592.85,562.0,0.339,9.6,South,1
58,Female,61848.67,619.0,0.1,13.0,East,1
26,Male,69514.96,639.0,0.173,11.7,North,1
55,Female,83769.54,593.0,0.1,4.6,South,1
53,Male,61497.77,603.0,0.294,6.4,East,1
29,Male,73734.3,628.0,0.373,7.9,South,1
29,Male,83452.36,580.0,0.403,0.0,North,0
35,Female,82001.72,569.0,0.523,9.2,East,1
45,Male,54245.4,573.0,0.393,4.6,North,0
49,Female,58481.7,591.0,0.702,8.0,North,0
58,Male,61432.67,546.0,0.428,14.4,North,0
42,Male,68727.99,773.0,0.515,2.1,East,1
49,Male,60215.92,711.0,0.29,5.5,East,1
42,Female,54879.08,786.0,0.37,5.0,North,1
48,Female,57333.25,758.0,0.298,3.6,South,1
47,Female,103550.57,474.0,0.372,5.7,East,0
31,Male,41519.15,495.0,0.478,0.0,South,0
52,Male,91127.85,707.0,0.546,9.4,North,1
33,Male,99442.02,689.0,0.29,7.7,North,1
62,Female,88267.79,656.0,0.46,12.8,North,1
23,Female,80635.43,505.0,0.272,13.2,North,0
40,Male,34854.29,575.0,0.611,24.1,North,0
33,Female,53684.93,591.0,0.245,7.9,East,0
36,Male,63394.68,701.0,0.585,6.1,North,0
53,Male,68629.92,645.0,0.562,7.5,North,0
62,Male,63083.11,598.0,0.344,8.2,East,1
46,Female,56962.55,614.0,0.308,11.8,South,1
33,Male,30000.0,796.0,0.1,8.1,North,1
57,Male,72344.31,580.0,0.183,8.5,South,1
23,Female,47447.55,617.0,0.229,0.0,South,1
46,Male,82264.25,577.0,0.608,4.1,North,0
63,Female,54081.28,713.0,0.409,5.7,East,0
51,Female,64269.39,701.0,0.349,1.5,East,1
60,Male,79966.94,597.0,0.245,0.0,East,1
53,Male,60860.46,629.0,0.397,4.2,East,0
22,Female,72773.17,697.0,0.604,1.5,South,0
45,Male,65943.34,627.0,0.215,9.6,North,1
55,Male,90386.17,467.0,0.497,10.8,North,0
55,Male,52748.13,766.0,0.249,8.4,East,1
64,Male,53226.34,838.0,0.396,5.0,North,1
55,Male,49351.11,571.0,0.451,5.2,North,0
43,Female,32717.83,684.0,0.518,3.2,South,0
52,Male,90925.11,576.0,0.385,5.9,North,1
58,Male,69110.99,721.0,0.529,3.9,North,1
38,Female,75659.05,701.0,0.545,0.4,South,0
43,Female,64156.22,717.0,0.331,12.1,South,1
63,Female,40281.99,671.0,0.286,0.0,South,0
44,Female,74790.09,675.0,0.388,7.1,East,0
38,Female,56907.01,558.0,0.245,15.2,East,1
50,Female,67782.04,555.0,0.1,12.4,East,0
49,Male,85391.95,623.0,0.321,7.0,North,1
50,Female,61013.89,537.0,0.613,13.7,South,0
61,Male,78852.84,596.0,0.371,8.0,North,1
53,Female,82100.7,752.0,0.1,2.9,South,0
60,Male,70958.86,597.0,0.637,10.0,South,0
44,Female,59301.9,677.0,0.275,9.4,South,1
60,Female,57500.5,770.0,0.333,6.2,South,0
45,Male,67931.24,545.0,0.508,4.7,South,0
47,Male,67540.12,740.0,0.656,0.0,North,0
39,Male,45346.22,735.0,0.174,5.0,South,1
51,Female,62383.98,596.0,0.684,0.0,South,0
32,Female,48425.24,734.0,0.451,5.9,South,0
23,Male,76293.62,620.0,0.225,5.7,North,1
41,Female,61541.8,621.0,0.531,8.5,North,0
36,Female,87023.55,500.0,0.657,4.7,South,0
32,Male,59208.74,652.0,0.347,5.9,North,1
43,Male,74818.93,707.0,0.354,0.0,North,1
31,Female,75352.09,637.0,0.314,6.5,South,0
41,Female,71805.52,573.0,0.339,11.0,North,0
42,Male,76764.41,666.0,0.405,1.3,East,1
50,Male,30000.0,712.0,0.344,6.3,East,1
61,Male,61152.01,742.0,0.467,5.9,North,1
64,Male,39152.49,479.0,0.234,4.7,North,0
46,Male,74793.94,674.0,0.355,7.7,South,1
24,Male,66794.74,598.0,0.501,2.5,North,0
39,Male,57574.19,781.0,0.365,12.9,North,1
32,Female,89967.53,530.0,0.505,9.6,South,0
42,Female,32100.17,616.0,0.498,7.4,South,0
30,Male,30000.0,787.0,0.507,1.8,North,0
28,Male,82945.76,572.0,0.353,2.9,South,0
43,Male,57058.54,655.0,0.391,0.0,East,0
32,Female,65658.29,577.0,0.441,9.6,North,0
37,Female,62538.14,634.0,0.669,10.8,South,0
46,Male,62997.01,671.0,0.516,6.9,North,0
43,Male,80140.88,733.0,0.544,9.8,South,1
44,Male,52564.14,708.0,0.1,0.6,North,1
38,Female,31699.94,617.0,0.429,5.8,South,0
42,Male,85624.7,677.0,0.551,8.8,North,1
48,Female,43432.4,648.0,0.497,16.1,South,0
62,Female,78080.48,825.0,0.286,4.4,East,0
26,Female,76633.4,696.0,0.423,12.1,South,0
40,Male,50489.69,748.0,0.323,10.6,South,1
46,Female,94157.18,657.0,0.58,9.4,South,0
40,Male,85955.21,545.0,0.259,8.6,North,1
55,Female,88915.36,680.0,0.326,16.3,North,0
38,Male,55370.36,740.0,0.206,0.0,North,1
57,Male,40505.84,668.0,0.487,8.2,North,0
22,Female,105834.23,669.0,0.609,2.1,South,0
63,Female,34697.33,709.0,0.449,9.4,South,1
30,Female,66127.74,635.0,0.256,10.2,South,0
38,Female,77379.18,673.0,0.233,11.1,South,0
47,Male,80877.54,509.0,0.164,5.6,North,1
40,Male,30000.0,648.0,0.24,0.0,South,1
63,Male,83230.47,497.0,0.573,13.8,North,0
27,Female,31516.03,780.0,0.429,10.9,South,1
53,Male,103938.25,736.0,0.3,10.3,North,1
57,Female,81319.38,790.0,0.797,5.9,South,0
55,Male,81307.13,553.0,0.373,4.2,South,1
31,Male,65005.93,566.0,0.342,5.1,North,0
56,Female,86448.83,704.0,0.52,6.9,East,0
32,Female,54470.53,805.0,0.409,0.0,South,1
36,Male,60610.72,521.0,0.366,8.4,North,1
50,Male,68495.7,683.0,0.382,0.4,North,1
32,Male,71530.16,627.0,0.541,5.6,East,1
57,Male,70914.51,704.0,0.335,7.3,East,1
54,Male,42536.75,563.0,0.309,6.1,North,1
27,Male,69549.62,584.0,0.55,14.0,North,0
56,Female,71322.52,580.0,0.229,5.5,South,1
40,Female,51534.83,637.0,0.535,6.9,South,0
42,Male,90202.19,776.0,0.402,7.4,North,1
35,Female,99107.46,685.0,0.582,6.0,South,0
30,Male,59162.41,695.0,0.568,0.3,South,0
30,Male,82097.98,720.0,0.593,8.7,North,1
25,Female,86233.79,741.0,0.34,8.4,North,0
60,Female,63614.05,660.0,0.228,11.3,South,1
39,Female,56746.41,850.0,0.455,0.0,South,1
46,Female,31318.47,621.0,0.311,14.1,South,1
55,Female,84853.46,675.0,0.268,3.7,South,1
49,Female,45873.02,603.0,0.597,6.0,North,0
47,Male,69555.02,735.0,0.326,4.3,North,1
53,Male,32182.3,618.0,0.207,5.2,North,1
27,Male,88717.32,712.0,0.19,3.3,North,1
48,Male,62282.04,525.0,0.1,9.7,South,1
46,Male,84565.88,557.0,0.417,5.7,North,0
26,Male,67031.71,596.0,0.1,10.3,East,1
60,Male,97131.48,463.0,0.365,8.0,North,1
35,Male,45600.38,671.0,0.536,9.7,North,1
27,Male,75974.0,662.0,0.572,5.1,South,1
39,Female,68493.29,550.0,0.473,3.0,South,0
49,Male,74455.04,704.0,0.591,2.3,North,0
41,Female,64536.45,592.0,0.186,2.0,South,1
42,Male,77624.75,704.0,0.616,1.0,South,1
51,Male,81109.16,675.0,0.503,17.9,South,1
24,Female,43064.54,716.0,0.296,0.0,South,1
22,Male,61473.83,695.0,0.24,11.7,South,1
40,Male,51834.8,750.0,0.164,3.0,North,1
42,Male,54784.76,686.0,0.106,16.7,North,1
60,Female,84191.77,724.0,0.515,11.3,South,1
41,Male,76199.03,599.0,0.592,15.5,North,1
64,Female,60857.4,577.0,0.758,9.2,East,0
47,Male,84808.25,703.0,0.577,6.0,South,1
63,Male,62082.63,652.0,0.426,3.5,South,1
58,Male,30839.3,684.0,0.443,0.0,East,0
54,Female,54339.11,850.0,0.384,7.7,South,1
34,Male,70406.97,819.0,0.475,3.8,South,1
33,Male,66743.05,654.0,0.645,7.3,North,0
34,Female,71328.03,680.0,0.333,3.5,East,1
33,Female,68247.06,578.0,0.234,0.0,South,0
36,Male,61542.69,496.0,0.556,8.6,North,0
40,Female,71472.99,684.0,0.186,0.0,South,0
47,Female,82660.74,482.0,0.62,0.0,North,0
56,Female,75583.67,621.0,0.469,19.4,South,1
59,Male,46091.18,656.0,0.306,6.2,South,0
47,Male,55374.63,513.0,0.29,8.0,North,1
42,Female,46285.85,687.0,0.335,12.4,North,0
41,Male,30000.0,567.0,0.664,11.0,East,0
30,Female,34238.5,659.0,0.268,4.4,South,0
34,Male,36689.32,670.0,0.1,7.9,South,1
55,Male,64977.54,644.0,0.324,10.5,North,1
61,Male,46680.76,650.0,0.346,0.0,East,0
58,Female,48999.28,618.0,0.492,16.4,South,0
60,Male,83407.03,635.0,0.296,8.3,North,1
29,Female,88766.95,569.0,0.663,0.0,East,0
27,Male,92410.34,675.0,0.379,13.7,North,1
52,Female,76778.91,598.0,0.574,1.9,South,0
35,Male,98727.31,565.0,0.258,6.9,East,1
49,Male,50837.35,660.0,0.523,0.0,East,0
42,Female,48537.82,818.0,0.411,6.6,South,0
23,Female,66430.31,503.0,0.443,5.9,East,0
40,Female,66023.82,546.0,0.384,17.4,North,1
44,Male,90299.69,569.0,0.372,6.8,North,1
29,Female,93697.13,570.0,0.239,2.3,North,0
31,Male,72493.7,724.0,0.127,3.4,North,1
31,Male,82067.87,630.0,0.523,15.0,South,1
